UserID,TotalCoursesEnrolled,TotalTransactions,TotalSpending,AverageSpending,AverageCourseRating,DiversityScore,FirstEnrollment,LastEnrollment,AverageCourseDuration,PreferredCourseCategory,PreferredCourseLevel,AdvancedCourses,AdvancedCourseRatio,ActiveMonths,EnrollmentFrequency,LearningDepthIndex,AverageCoursesPerCategory,EngagementScore,Cluster,Segment
U00001,1,1,394.26,394.26,1.35,1,2025-11-02,2025-11-02,47.44,Cybersecurity,Intermediate,0.0,0.0,1.0,1.0,1.0,1.0,3.0,0,Focused / Low-Activity Learners
U00002,1,1,0.0,0.0,2.88,1,2025-07-15,2025-07-15,45.13,Programming,Beginner,0.0,0.0,1.0,1.0,1.0,1.0,3.0,0,Focused / Low-Activity Learners
U00003,11,11,613.98,55.81636363636364,2.889090909090909,7,2025-01-13,2025-11-16,22.73,Marketing,Beginner,4.0,0.36363636363636365,10.233333333333333,1.0749185667752443,15.000000000000002,1.5714285714285714,27.074918566775246,1,Advanced / Deep Learners
U00004,13,13,982.05,75.54230769230769,3.4515384615384614,8,2025-01-06,2025-11-23,24.13,Digital Marketing,Intermediate,3.0,0.23076923076923078,10.7,1.2149532710280375,16.0,1.625,30.214953271028037,1,Advanced / Deep Learners
U00005,2,2,346.71,173.355,2.0549999999999997,2,2025-09-11,2025-12-03,24.275000000000002,Project Management,Advanced,1.0,0.5,2.7666666666666666,0.7228915662650602,3.0,1.0,5.72289156626506,0,Focused / Low-Activity Learners
U00006,1,1,0.78,0.78,3.89,1,2025-11-19,2025-11-19,44.96,Machine Learning,Advanced,1.0,1.0,1.0,1.0,2.0,1.0,4.0,0,Focused / Low-Activity Learners
U00007,1,1,0.0,0.0,1.91,1,2025-03-08,2025-03-08,26.52,Cybersecurity,Intermediate,0.0,0.0,1.0,1.0,1.0,1.0,3.0,0,Focused / Low-Activity Learners
U00008,1,1,0.0,0.0,4.1,1,2025-07-30,2025-07-30,34.83,Finance,Intermediate,0.0,0.0,1.0,1.0,1.0,1.0,3.0,0,Focused / Low-Activity Learners
U00009,1,1,276.37,276.37,2.72,1,2025-06-19,2025-06-19,48.84,Design,Advanced,1.0,1.0,1.0,1.0,2.0,1.0,4.0,0,Focused / Low-Activity Learners
U00010,2,2,326.02,163.01,3.165,2,2025-08-02,2025-10-01,27.005000000000003,Business,Beginner,0.0,0.0,2.0,1.0,2.0,1.0,5.0,0,Focused / Low-Activity Learners
U00011,2,2,299.57,149.785,3.205,2,2025-03-28,2025-09-24,44.195,Web Development,Advanced,1.0,0.5,6.0,0.3333333333333333,3.0,1.0,5.333333333333334,0,Focused / Low-Activity Learners
U00012,2,2,327.99,163.995,1.5150000000000001,2,2025-09-08,2025-09-14,7.5,Project Management,Advanced,1.0,0.5,1.0,2.0,3.0,1.0,7.0,0,Focused / Low-Activity Learners
U00013,14,14,1432.33,102.3092857142857,2.869285714285714,8,2025-01-20,2025-12-22,23.25857142857143,Machine Learning,Beginner,5.0,0.35714285714285715,11.2,1.25,19.0,1.75,34.25,1,Advanced / Deep Learners
U00014,1,1,0.0,0.0,1.81,1,2025-04-11,2025-04-11,9.3,Machine Learning,Advanced,1.0,1.0,1.0,1.0,2.0,1.0,4.0,0,Focused / Low-Activity Learners
U00015,14,14,2035.06,145.36142857142858,2.7607142857142857,10,2025-01-16,2025-12-22,25.027142857142856,Project Management,Beginner,3.0,0.21428571428571427,11.333333333333334,1.2352941176470587,17.0,1.4,32.23529411764706,1,Advanced / Deep Learners
U00016,1,1,0.0,0.0,4.79,1,2025-09-27,2025-09-27,29.37,Marketing,Advanced,1.0,1.0,1.0,1.0,2.0,1.0,4.0,0,Focused / Low-Activity Learners
U00017,3,3,963.18,321.06,4.6499999999999995,3,2025-02-02,2025-11-26,8.166666666666666,Programming,Beginner,0.0,0.0,9.9,0.30303030303030304,3.0,1.0,6.303030303030303,0,Focused / Low-Activity Learners
U00018,16,16,1468.03,91.751875,3.1081250000000002,9,2025-01-12,2025-12-13,24.73375,Artificial Intelligence,Beginner,4.0,0.25,11.166666666666666,1.4328358208955225,20.0,1.7777777777777777,37.43283582089552,1,Advanced / Deep Learners
U00019,1,1,0.0,0.0,4.51,1,2025-11-10,2025-11-10,48.19,Design,Beginner,0.0,0.0,1.0,1.0,1.0,1.0,3.0,0,Focused / Low-Activity Learners
U00020,1,1,0.0,0.0,2.88,1,2025-07-17,2025-07-17,45.13,Programming,Beginner,0.0,0.0,1.0,1.0,1.0,1.0,3.0,0,Focused / Low-Activity Learners
U00021,2,2,177.34,88.67,3.135,2,2025-04-08,2025-05-08,33.235,Digital Marketing,Advanced,2.0,1.0,1.0,2.0,4.0,1.0,8.0,0,Focused / Low-Activity Learners
U00022,1,1,0.0,0.0,4.68,1,2025-05-20,2025-05-20,15.75,Project Management,Beginner,0.0,0.0,1.0,1.0,1.0,1.0,3.0,0,Focused / Low-Activity Learners
U00023,1,1,0.0,0.0,4.51,1,2025-06-14,2025-06-14,48.19,Design,Beginner,0.0,0.0,1.0,1.0,1.0,1.0,3.0,0,Focused / Low-Activity Learners
U00024,1,1,0.0,0.0,3.93,1,2025-09-27,2025-09-27,48.25,Cybersecurity,Intermediate,0.0,0.0,1.0,1.0,1.0,1.0,3.0,0,Focused / Low-Activity Learners
U00025,4,4,119.04,29.76,2.605,4,2025-01-04,2025-08-18,23.96,Programming,Advanced,2.0,0.5,7.533333333333333,0.5309734513274337,6.0,1.0,10.530973451327434,0,Focused / Low-Activity Learners
U00026,1,1,327.99,327.99,1.51,1,2025-11-06,2025-11-06,12.13,Project Management,Beginner,0.0,0.0,1.0,1.0,1.0,1.0,3.0,0,Focused / Low-Activity Learners
U00027,2,2,0.0,0.0,2.915,2,2025-07-25,2025-10-08,25.335,Project Management,Intermediate,1.0,0.5,2.5,0.8,3.0,1.0,5.8,0,Focused / Low-Activity Learners
U00028,12,12,1012.66,84.38833333333334,3.015,9,2025-01-11,2025-10-23,17.774166666666666,Finance,Beginner,4.0,0.3333333333333333,9.5,1.263157894736842,16.0,1.3333333333333333,29.263157894736842,1,Advanced / Deep Learners
U00029,1,1,326.02,326.02,2.69,1,2025-07-09,2025-07-09,11.31,Business,Intermediate,0.0,0.0,1.0,1.0,1.0,1.0,3.0,0,Focused / Low-Activity Learners
U00030,1,1,0.0,0.0,3.45,1,2025-11-15,2025-11-15,33.93,Project Management,Intermediate,0.0,0.0,1.0,1.0,1.0,1.0,3.0,0,Focused / Low-Activity Learners
U00031,1,1,0.0,0.0,2.2,1,2025-10-21,2025-10-21,40.76,Web Development,Beginner,0.0,0.0,1.0,1.0,1.0,1.0,3.0,0,Focused / Low-Activity Learners
U00032,1,1,285.05,285.05,1.96,1,2025-04-10,2025-04-10,34.78,Business,Beginner,0.0,0.0,1.0,1.0,1.0,1.0,3.0,0,Focused / Low-Activity Learners
U00033,1,1,276.37,276.37,2.72,1,2025-02-02,2025-02-02,48.84,Design,Advanced,1.0,1.0,1.0,1.0,2.0,1.0,4.0,0,Focused / Low-Activity Learners
U00034,2,2,248.1,124.05,2.67,2,2025-04-20,2025-07-02,20.585,Finance,Beginner,0.0,0.0,2.433333333333333,0.8219178082191781,2.0,1.0,4.821917808219178,0,Focused / Low-Activity Learners
U00035,1,1,0.78,0.78,3.89,1,2025-05-17,2025-05-17,44.96,Machine Learning,Advanced,1.0,1.0,1.0,1.0,2.0,1.0,4.0,0,Focused / Low-Activity Learners
U00036,1,1,0.0,0.0,3.85,1,2025-11-01,2025-11-01,19.53,Programming,Beginner,0.0,0.0,1.0,1.0,1.0,1.0,3.0,0,Focused / Low-Activity Learners
U00037,2,2,0.0,0.0,1.9849999999999999,2,2025-02-28,2025-11-12,11.549999999999999,Finance,Advanced,2.0,1.0,8.566666666666666,0.23346303501945526,4.0,1.0,6.233463035019455,0,Focused / Low-Activity Learners
U00038,1,1,0.0,0.0,3.93,1,2025-08-24,2025-08-24,48.25,Cybersecurity,Intermediate,0.0,0.0,1.0,1.0,1.0,1.0,3.0,0,Focused / Low-Activity Learners
U00039,1,1,346.71,346.71,1.23,1,2025-03-01,2025-03-01,3.42,Project Management,Advanced,1.0,1.0,1.0,1.0,2.0,1.0,4.0,0,Focused / Low-Activity Learners
U00040,1,1,0.0,0.0,3.85,1,2025-05-13,2025-05-13,19.53,Programming,Beginner,0.0,0.0,1.0,1.0,1.0,1.0,3.0,0,Focused / Low-Activity Learners
U00041,2,2,326.02,163.01,3.5650000000000004,2,2025-05-28,2025-06-10,6.385,Digital Marketing,Beginner,0.0,0.0,1.0,2.0,2.0,1.0,6.0,0,Focused / Low-Activity Learners
U00042,1,1,89.59,89.59,2.68,1,2025-10-27,2025-10-27,1.55,Artificial Intelligence,Intermediate,0.0,0.0,1.0,1.0,1.0,1.0,3.0,0,Focused / Low-Activity Learners
U00043,1,1,327.99,327.99,1.51,1,2025-08-29,2025-08-29,12.13,Project Management,Beginner,0.0,0.0,1.0,1.0,1.0,1.0,3.0,0,Focused / Low-Activity Learners
U00044,1,1,299.57,299.57,3.74,1,2025-05-19,2025-05-19,48.32,Data Science,Beginner,0.0,0.0,1.0,1.0,1.0,1.0,3.0,0,Focused / Low-Activity Learners
U00045,14,14,1209.79,86.41357142857143,3.375,9,2025-01-05,2025-12-06,28.66714285714286,Project Management,Beginner,3.0,0.21428571428571427,11.166666666666666,1.2537313432835822,17.0,1.5555555555555556,32.25373134328358,1,Advanced / Deep Learners
U00046,2,2,0.0,0.0,1.325,2,2025-05-22,2025-11-25,9.6,Machine Learning,Advanced,1.0,0.5,6.233333333333333,0.32085561497326204,3.0,1.0,5.3208556149732615,0,Focused / Low-Activity Learners
U00047,1,1,0.0,0.0,3.6,1,2025-09-05,2025-09-05,1.2,Data Science,Intermediate,0.0,0.0,1.0,1.0,1.0,1.0,3.0,0,Focused / Low-Activity Learners
U00048,13,13,356.89,27.45307692307692,3.329230769230769,9,2025-01-17,2025-11-19,30.903846153846153,Design,Beginner,4.0,0.3076923076923077,10.2,1.2745098039215688,17.0,1.4444444444444444,31.274509803921568,1,Advanced / Deep Learners
U00049,1,1,0.0,0.0,3.45,1,2025-04-29,2025-04-29,33.93,Project Management,Intermediate,0.0,0.0,1.0,1.0,1.0,1.0,3.0,0,Focused / Low-Activity Learners
U00050,1,1,0.0,0.0,2.61,1,2025-08-14,2025-08-14,48.68,Design,Advanced,1.0,1.0,1.0,1.0,2.0,1.0,4.0,0,Focused / Low-Activity Learners
U00051,1,1,0.0,0.0,4.51,1,2025-07-25,2025-07-25,48.19,Design,Beginner,0.0,0.0,1.0,1.0,1.0,1.0,3.0,0,Focused / Low-Activity Learners
U00052,1,1,0.78,0.78,3.89,1,2025-09-15,2025-09-15,44.96,Machine Learning,Advanced,1.0,1.0,1.0,1.0,2.0,1.0,4.0,0,Focused / Low-Activity Learners
U00053,1,1,53.86,53.86,2.47,1,2025-12-18,2025-12-18,47.08,Finance,Beginner,0.0,0.0,1.0,1.0,1.0,1.0,3.0,0,Focused / Low-Activity Learners
U00054,1,1,490.9,490.9,4.55,1,2025-03-12,2025-03-12,7.55,Artificial Intelligence,Beginner,0.0,0.0,1.0,1.0,1.0,1.0,3.0,0,Focused / Low-Activity Learners
U00055,16,16,1448.25,90.515625,3.055625,9,2025-01-09,2025-12-16,27.085,Marketing,Advanced,9.0,0.5625,11.366666666666667,1.407624633431085,25.0,1.7777777777777777,42.407624633431084,1,Advanced / Deep Learners
U00056,2,2,0.0,0.0,2.745,2,2025-06-08,2025-08-09,46.905,Programming,Advanced,1.0,0.5,2.066666666666667,0.9677419354838709,3.0,1.0,5.967741935483871,0,Focused / Low-Activity Learners
U00057,1,1,487.92,487.92,3.64,1,2025-06-10,2025-06-10,36.01,Business,Advanced,1.0,1.0,1.0,1.0,2.0,1.0,4.0,0,Focused / Low-Activity Learners
U00058,1,1,117.68,117.68,2.57,1,2025-04-10,2025-04-10,48.09,Data Science,Advanced,1.0,1.0,1.0,1.0,2.0,1.0,4.0,0,Focused / Low-Activity Learners
U00059,1,1,0.0,0.0,4.51,1,2025-08-21,2025-08-21,48.19,Design,Beginner,0.0,0.0,1.0,1.0,1.0,1.0,3.0,0,Focused / Low-Activity Learners
U00060,4,4,53.86,13.465,3.515,3,2025-08-13,2025-12-01,36.035,Finance,Beginner,0.0,0.0,3.6666666666666665,1.090909090909091,4.0,1.3333333333333333,9.09090909090909,0,Focused / Low-Activity Learners
U00061,1,1,0.0,0.0,1.91,1,2025-05-05,2025-05-05,26.52,Cybersecurity,Intermediate,0.0,0.0,1.0,1.0,1.0,1.0,3.0,0,Focused / Low-Activity Learners
U00062,1,1,0.0,0.0,3.85,1,2025-11-26,2025-11-26,19.53,Programming,Beginner,0.0,0.0,1.0,1.0,1.0,1.0,3.0,0,Focused / Low-Activity Learners
U00063,2,2,299.57,149.785,3.31,2,2025-01-22,2025-02-03,46.725,Programming,Beginner,0.0,0.0,1.0,2.0,2.0,1.0,6.0,0,Focused / Low-Activity Learners
U00064,1,1,276.37,276.37,2.72,1,2025-09-08,2025-09-08,48.84,Design,Advanced,1.0,1.0,1.0,1.0,2.0,1.0,4.0,0,Focused / Low-Activity Learners
U00065,1,1,0.0,0.0,2.67,1,2025-01-15,2025-01-15,40.07,Web Development,Advanced,1.0,1.0,1.0,1.0,2.0,1.0,4.0,0,Focused / Low-Activity Learners
U00066,1,1,327.99,327.99,1.51,1,2025-04-12,2025-04-12,12.13,Project Management,Beginner,0.0,0.0,1.0,1.0,1.0,1.0,3.0,0,Focused / Low-Activity Learners
U00067,1,1,119.04,119.04,2.75,1,2025-11-06,2025-11-06,23.41,Finance,Intermediate,0.0,0.0,1.0,1.0,1.0,1.0,3.0,0,Focused / Low-Activity Learners
U00068,1,1,0.0,0.0,3.45,1,2025-03-29,2025-03-29,33.93,Project Management,Intermediate,0.0,0.0,1.0,1.0,1.0,1.0,3.0,0,Focused / Low-Activity Learners
U00069,2,2,0.0,0.0,3.67,2,2025-02-16,2025-08-24,48.19,Machine Learning,Advanced,1.0,0.5,6.3,0.31746031746031744,3.0,1.0,5.317460317460317,0,Focused / Low-Activity Learners
U00070,2,2,0.0,0.0,4.6899999999999995,2,2025-05-11,2025-10-12,24.315,Marketing,Intermediate,0.0,0.0,5.133333333333334,0.3896103896103896,2.0,1.0,4.3896103896103895,0,Focused / Low-Activity Learners
U00071,14,14,641.94,45.85285714285715,2.777857142857143,8,2025-01-19,2025-11-16,30.282857142857146,Web Development,Beginner,4.0,0.2857142857142857,10.033333333333333,1.3953488372093024,18.0,1.75,33.395348837209305,1,Advanced / Deep Learners
U00072,1,1,326.02,326.02,2.69,1,2025-04-16,2025-04-16,11.31,Business,Intermediate,0.0,0.0,1.0,1.0,1.0,1.0,3.0,0,Focused / Low-Activity Learners
U00073,1,1,0.78,0.78,3.89,1,2025-06-23,2025-06-23,44.96,Machine Learning,Advanced,1.0,1.0,1.0,1.0,2.0,1.0,4.0,0,Focused / Low-Activity Learners
U00074,3,3,963.18,321.06,3.5233333333333334,2,2025-06-04,2025-11-13,15.743333333333334,Programming,Beginner,0.0,0.0,5.4,0.5555555555555555,3.0,1.5,6.555555555555555,0,Focused / Low-Activity Learners
U00075,1,1,0.0,0.0,4.45,1,2025-11-12,2025-11-12,15.29,Design,Advanced,1.0,1.0,1.0,1.0,2.0,1.0,4.0,0,Focused / Low-Activity Learners
U00076,4,4,472.28,118.07,3.0949999999999998,4,2025-07-11,2025-12-29,22.84,Programming,Beginner,1.0,0.25,5.7,0.7017543859649122,5.0,1.0,9.701754385964913,0,Focused / Low-Activity Learners
U00077,1,1,0.0,0.0,4.11,1,2025-08-30,2025-08-30,46.25,Marketing,Intermediate,0.0,0.0,1.0,1.0,1.0,1.0,3.0,0,Focused / Low-Activity Learners
U00078,1,1,0.0,0.0,4.11,1,2025-04-09,2025-04-09,46.25,Marketing,Intermediate,0.0,0.0,1.0,1.0,1.0,1.0,3.0,0,Focused / Low-Activity Learners
U00079,1,1,0.0,0.0,4.94,1,2025-10-04,2025-10-04,42.59,Cybersecurity,Beginner,0.0,0.0,1.0,1.0,1.0,1.0,3.0,0,Focused / Low-Activity Learners
U00080,1,1,0.0,0.0,2.88,1,2025-05-21,2025-05-21,45.13,Programming,Beginner,0.0,0.0,1.0,1.0,1.0,1.0,3.0,0,Focused / Low-Activity Learners
U00081,1,1,0.0,0.0,1.52,1,2025-07-09,2025-07-09,2.87,Design,Advanced,1.0,1.0,1.0,1.0,2.0,1.0,4.0,0,Focused / Low-Activity Learners
U00082,1,1,0.0,0.0,4.68,1,2025-06-30,2025-06-30,15.75,Project Management,Beginner,0.0,0.0,1.0,1.0,1.0,1.0,3.0,0,Focused / Low-Activity Learners
U00083,15,15,1661.3,110.75333333333333,2.9953333333333334,9,2025-01-06,2025-12-08,30.103333333333335,Artificial Intelligence,Intermediate,4.0,0.26666666666666666,11.2,1.3392857142857144,19.0,1.6666666666666667,35.339285714285715,1,Advanced / Deep Learners
U00084,1,1,327.99,327.99,1.51,1,2025-02-11,2025-02-11,12.13,Project Management,Beginner,0.0,0.0,1.0,1.0,1.0,1.0,3.0,0,Focused / Low-Activity Learners
U00085,13,13,1149.12,88.39384615384614,2.9084615384615384,7,2025-01-01,2025-12-30,33.31153846153846,Cybersecurity,Beginner,3.0,0.23076923076923078,12.1,1.0743801652892562,16.0,1.8571428571428572,30.074380165289256,1,Advanced / Deep Learners
U00086,4,4,53.86,13.465,2.47,4,2025-06-13,2025-11-21,29.655,Programming,Advanced,2.0,0.5,5.366666666666666,0.7453416149068324,6.0,1.0,10.745341614906833,0,Focused / Low-Activity Learners
U00087,3,3,0.0,0.0,4.506666666666667,3,2025-05-29,2025-09-02,36.56666666666667,Project Management,Intermediate,0.0,0.0,3.2,0.9375,3.0,1.0,6.9375,0,Focused / Low-Activity Learners
U00088,1,1,0.0,0.0,3.64,1,2025-01-26,2025-01-26,42.7,Artificial Intelligence,Beginner,0.0,0.0,1.0,1.0,1.0,1.0,3.0,0,Focused / Low-Activity Learners
U00089,1,1,0.0,0.0,4.73,1,2025-05-16,2025-05-16,47.7,Machine Learning,Intermediate,0.0,0.0,1.0,1.0,1.0,1.0,3.0,0,Focused / Low-Activity Learners
U00090,1,1,0.0,0.0,3.45,1,2025-11-17,2025-11-17,33.93,Project Management,Intermediate,0.0,0.0,1.0,1.0,1.0,1.0,3.0,0,Focused / Low-Activity Learners
U00091,1,1,0.0,0.0,4.14,1,2025-10-30,2025-10-30,31.77,Finance,Beginner,0.0,0.0,1.0,1.0,1.0,1.0,3.0,0,Focused / Low-Activity Learners
U00092,4,4,594.81,148.7025,2.7175000000000002,4,2025-06-02,2025-08-29,18.7075,Project Management,Beginner,2.0,0.5,2.933333333333333,1.3636363636363638,6.0,1.0,11.363636363636363,0,Focused / Low-Activity Learners
U00093,1,1,285.05,285.05,1.96,1,2025-06-23,2025-06-23,34.78,Business,Beginner,0.0,0.0,1.0,1.0,1.0,1.0,3.0,0,Focused / Low-Activity Learners
U00094,1,1,299.57,299.57,3.74,1,2025-02-11,2025-02-11,48.32,Data Science,Beginner,0.0,0.0,1.0,1.0,1.0,1.0,3.0,0,Focused / Low-Activity Learners
U00095,1,1,248.1,248.1,1.2,1,2025-06-06,2025-06-06,9.4,Artificial Intelligence,Beginner,0.0,0.0,1.0,1.0,1.0,1.0,3.0,0,Focused / Low-Activity Learners
U00096,4,4,0.0,0.0,2.58,3,2025-05-23,2025-11-27,16.4975,Machine Learning,Beginner,0.0,0.0,6.266666666666667,0.6382978723404256,4.0,1.3333333333333333,8.638297872340425,0,Focused / Low-Activity Learners
U00097,2,2,0.0,0.0,2.0949999999999998,2,2025-07-07,2025-07-10,13.02,Machine Learning,Advanced,2.0,1.0,1.0,2.0,4.0,1.0,8.0,0,Focused / Low-Activity Learners
U00098,1,1,0.0,0.0,4.45,1,2025-05-26,2025-05-26,15.29,Design,Advanced,1.0,1.0,1.0,1.0,2.0,1.0,4.0,0,Focused / Low-Activity Learners
U00099,1,1,299.57,299.57,3.74,1,2025-08-22,2025-08-22,48.32,Data Science,Beginner,0.0,0.0,1.0,1.0,1.0,1.0,3.0,0,Focused / Low-Activity Learners
U00100,1,1,0.0,0.0,2.14,1,2025-09-21,2025-09-21,8.95,Digital Marketing,Beginner,0.0,0.0,1.0,1.0,1.0,1.0,3.0,0,Focused / Low-Activity Learners
U00101,1,1,89.59,89.59,2.68,1,2025-03-07,2025-03-07,1.55,Artificial Intelligence,Intermediate,0.0,0.0,1.0,1.0,1.0,1.0,3.0,0,Focused / Low-Activity Learners
U00102,1,1,299.57,299.57,3.74,1,2025-10-01,2025-10-01,48.32,Data Science,Beginner,0.0,0.0,1.0,1.0,1.0,1.0,3.0,0,Focused / Low-Activity Learners
U00103,1,1,0.0,0.0,2.0,1,2025-02-16,2025-02-16,15.84,Business,Advanced,1.0,1.0,1.0,1.0,2.0,1.0,4.0,0,Focused / Low-Activity Learners
U00104,1,1,53.86,53.86,2.47,1,2025-10-29,2025-10-29,47.08,Finance,Beginner,0.0,0.0,1.0,1.0,1.0,1.0,3.0,0,Focused / Low-Activity Learners
U00105,1,1,299.57,299.57,3.74,1,2025-07-21,2025-07-21,48.32,Data Science,Beginner,0.0,0.0,1.0,1.0,1.0,1.0,3.0,0,Focused / Low-Activity Learners
U00106,2,2,57.32,28.66,3.4400000000000004,2,2025-10-22,2025-12-01,26.450000000000003,Web Development,Advanced,1.0,0.5,1.3333333333333333,1.5,3.0,1.0,6.5,0,Focused / Low-Activity Learners
U00107,1,1,0.0,0.0,3.85,1,2025-07-26,2025-07-26,19.53,Programming,Beginner,0.0,0.0,1.0,1.0,1.0,1.0,3.0,0,Focused / Low-Activity Learners
U00108,2,2,0.0,0.0,2.965,2,2025-01-04,2025-08-16,48.625,Web Development,Advanced,1.0,0.5,7.466666666666667,0.26785714285714285,3.0,1.0,5.267857142857142,0,Focused / Low-Activity Learners
U00109,14,14,869.77,62.12642857142857,3.157857142857143,10,2025-02-11,2025-12-10,32.39071428571429,Data Science,Beginner,3.0,0.21428571428571427,10.066666666666666,1.390728476821192,17.0,1.4,32.390728476821195,1,Advanced / Deep Learners
U00110,1,1,487.92,487.92,3.64,1,2025-12-05,2025-12-05,36.01,Business,Advanced,1.0,1.0,1.0,1.0,2.0,1.0,4.0,0,Focused / Low-Activity Learners
U00111,1,1,0.0,0.0,2.14,1,2025-06-28,2025-06-28,8.95,Digital Marketing,Beginner,0.0,0.0,1.0,1.0,1.0,1.0,3.0,0,Focused / Low-Activity Learners
U00112,14,14,565.8,40.41428571428571,3.165714285714286,9,2025-02-22,2025-12-26,27.514285714285712,Data Science,Beginner,5.0,0.35714285714285715,10.233333333333333,1.3680781758957656,19.0,1.5555555555555556,34.36807817589577,1,Advanced / Deep Learners
U00113,1,1,346.71,346.71,1.23,1,2025-04-14,2025-04-14,3.42,Project Management,Advanced,1.0,1.0,1.0,1.0,2.0,1.0,4.0,0,Focused / Low-Activity Learners
U00114,1,1,0.0,0.0,2.38,1,2025-02-22,2025-02-22,16.74,Cybersecurity,Advanced,1.0,1.0,1.0,1.0,2.0,1.0,4.0,0,Focused / Low-Activity Learners
U00115,1,1,0.0,0.0,1.73,1,2025-08-02,2025-08-02,38.49,Machine Learning,Intermediate,0.0,0.0,1.0,1.0,1.0,1.0,3.0,0,Focused / Low-Activity Learners
U00116,1,1,0.0,0.0,1.52,1,2025-04-27,2025-04-27,2.87,Design,Advanced,1.0,1.0,1.0,1.0,2.0,1.0,4.0,0,Focused / Low-Activity Learners
U00117,13,13,1885.87,145.06692307692308,3.373076923076923,9,2025-03-20,2025-12-05,28.200769230769232,Cybersecurity,Beginner,4.0,0.3076923076923077,8.666666666666666,1.5,17.0,1.4444444444444444,31.5,1,Advanced / Deep Learners
U00118,1,1,0.0,0.0,2.0,1,2025-03-12,2025-03-12,15.84,Business,Advanced,1.0,1.0,1.0,1.0,2.0,1.0,4.0,0,Focused / Low-Activity Learners
U00119,1,1,57.32,57.32,4.74,1,2025-06-11,2025-06-11,43.95,Web Development,Advanced,1.0,1.0,1.0,1.0,2.0,1.0,4.0,0,Focused / Low-Activity Learners
U00120,2,2,415.51,207.755,3.215,2,2025-03-06,2025-04-09,38.45,Web Development,Intermediate,0.0,0.0,1.1333333333333333,1.7647058823529411,2.0,1.0,5.764705882352941,0,Focused / Low-Activity Learners
U00121,2,2,328.77,164.385,2.7,2,2025-06-08,2025-11-22,28.545,Project Management,Advanced,1.0,0.5,5.566666666666666,0.3592814371257485,3.0,1.0,5.359281437125748,0,Focused / Low-Activity Learners
U00122,2,2,0.0,0.0,2.895,2,2025-02-02,2025-10-24,11.139999999999999,Machine Learning,Beginner,0.0,0.0,8.8,0.22727272727272727,2.0,1.0,4.227272727272727,0,Focused / Low-Activity Learners
U00123,2,2,356.89,178.445,4.24,2,2025-05-02,2025-10-21,46.135000000000005,Web Development,Advanced,1.0,0.5,5.733333333333333,0.3488372093023256,3.0,1.0,5.348837209302326,0,Focused / Low-Activity Learners
U00124,2,2,460.49,230.245,2.175,2,2025-02-28,2025-09-07,16.145,Artificial Intelligence,Advanced,1.0,0.5,6.366666666666666,0.31413612565445026,3.0,1.0,5.31413612565445,0,Focused / Low-Activity Learners
U00125,2,2,326.02,163.01,2.25,2,2025-03-06,2025-03-21,10.305,Machine Learning,Advanced,1.0,0.5,1.0,2.0,3.0,1.0,7.0,0,Focused / Low-Activity Learners
U00126,14,14,1084.57,77.4692857142857,3.457142857142857,7,2025-01-06,2025-12-14,21.946428571428573,Machine Learning,Beginner,4.0,0.2857142857142857,11.4,1.2280701754385965,18.0,2.0,33.228070175438596,1,Advanced / Deep Learners
U00127,3,3,903.4300000000001,301.1433333333334,3.846666666666667,3,2025-06-08,2025-10-11,31.236666666666665,Marketing,Advanced,2.0,0.6666666666666666,4.166666666666667,0.72,5.0,1.0,8.719999999999999,0,Focused / Low-Activity Learners
U00128,13,13,1813.65,139.51153846153846,3.106923076923077,8,2025-01-03,2025-12-10,24.185384615384613,Artificial Intelligence,Beginner,4.0,0.3076923076923077,11.366666666666667,1.1436950146627565,17.0,1.625,31.143695014662757,1,Advanced / Deep Learners
U00129,2,2,415.51,207.755,3.885,2,2025-01-23,2025-03-19,17.14,Artificial Intelligence,Intermediate,0.0,0.0,1.8333333333333333,1.090909090909091,2.0,1.0,5.090909090909091,0,Focused / Low-Activity Learners
U00130,1,1,248.1,248.1,1.2,1,2025-01-16,2025-01-16,9.4,Artificial Intelligence,Beginner,0.0,0.0,1.0,1.0,1.0,1.0,3.0,0,Focused / Low-Activity Learners
U00131,1,1,0.0,0.0,3.15,1,2025-10-24,2025-10-24,22.29,Business,Advanced,1.0,1.0,1.0,1.0,2.0,1.0,4.0,0,Focused / Low-Activity Learners
U00132,1,1,0.0,0.0,1.13,1,2025-10-21,2025-10-21,16.33,Machine Learning,Beginner,0.0,0.0,1.0,1.0,1.0,1.0,3.0,0,Focused / Low-Activity Learners
U00133,14,14,828.33,59.166428571428575,2.830714285714286,9,2025-02-28,2025-12-30,30.655,Web Development,Beginner,5.0,0.35714285714285715,10.166666666666666,1.3770491803278688,19.0,1.5555555555555556,34.37704918032787,1,Advanced / Deep Learners
U00134,14,14,1438.21,102.72928571428572,3.3528571428571428,8,2025-01-28,2025-12-30,31.97,Finance,Advanced,6.0,0.42857142857142855,11.2,1.25,20.0,1.75,35.25,1,Advanced / Deep Learners
U00135,1,1,0.0,0.0,3.02,1,2025-07-07,2025-07-07,9.71,Data Science,Intermediate,0.0,0.0,1.0,1.0,1.0,1.0,3.0,0,Focused / Low-Activity Learners
U00136,1,1,0.0,0.0,3.15,1,2025-03-23,2025-03-23,22.29,Business,Advanced,1.0,1.0,1.0,1.0,2.0,1.0,4.0,0,Focused / Low-Activity Learners
U00137,2,2,460.29,230.145,3.705,2,2025-09-10,2025-12-28,32.615,Project Management,Advanced,1.0,0.5,3.6333333333333333,0.5504587155963303,3.0,1.0,5.5504587155963305,0,Focused / Low-Activity Learners
U00138,2,2,0.0,0.0,1.8699999999999999,2,2025-01-21,2025-08-11,32.504999999999995,Machine Learning,Advanced,1.0,0.5,6.733333333333333,0.297029702970297,3.0,1.0,5.297029702970297,0,Focused / Low-Activity Learners
U00139,4,4,248.1,62.025,1.8275000000000001,4,2025-01-05,2025-11-13,14.8925,Marketing,Beginner,2.0,0.5,10.4,0.3846153846153846,6.0,1.0,10.384615384615385,0,Focused / Low-Activity Learners
U00140,2,2,53.86,26.93,3.5650000000000004,2,2025-02-19,2025-03-26,26.515,Finance,Beginner,0.0,0.0,1.1666666666666667,1.7142857142857142,2.0,1.0,5.714285714285714,0,Focused / Low-Activity Learners
U00141,1,1,0.0,0.0,2.88,1,2025-02-06,2025-02-06,45.13,Programming,Beginner,0.0,0.0,1.0,1.0,1.0,1.0,3.0,0,Focused / Low-Activity Learners
U00142,1,1,472.28,472.28,4.74,1,2025-01-20,2025-01-20,11.0,Programming,Beginner,0.0,0.0,1.0,1.0,1.0,1.0,3.0,0,Focused / Low-Activity Learners
U00143,2,2,177.34,88.67,4.415,2,2025-05-09,2025-07-16,46.16,Digital Marketing,Beginner,1.0,0.5,2.2666666666666666,0.8823529411764706,3.0,1.0,5.882352941176471,0,Focused / Low-Activity Learners
U00144,13,13,953.67,73.35923076923076,3.173076923076923,7,2025-01-11,2025-12-28,22.48923076923077,Finance,Intermediate,5.0,0.38461538461538464,11.7,1.1111111111111112,18.0,1.8571428571428572,32.111111111111114,1,Advanced / Deep Learners
U00145,1,1,0.0,0.0,4.94,1,2025-02-26,2025-02-26,42.59,Cybersecurity,Beginner,0.0,0.0,1.0,1.0,1.0,1.0,3.0,0,Focused / Low-Activity Learners
U00146,1,1,0.0,0.0,4.44,1,2025-11-18,2025-11-18,1.46,Digital Marketing,Beginner,0.0,0.0,1.0,1.0,1.0,1.0,3.0,0,Focused / Low-Activity Learners
U00147,12,12,1195.68,99.64,3.0775,9,2025-02-06,2025-12-29,23.798333333333332,Marketing,Beginner,3.0,0.25,10.866666666666667,1.1042944785276072,15.0,1.3333333333333333,28.104294478527606,1,Advanced / Deep Learners
U00148,1,1,0.0,0.0,3.02,1,2025-02-05,2025-02-05,9.71,Data Science,Intermediate,0.0,0.0,1.0,1.0,1.0,1.0,3.0,0,Focused / Low-Activity Learners
U00149,10,10,906.41,90.64099999999999,3.303,8,2025-01-20,2025-12-06,20.456,Machine Learning,Advanced,4.0,0.4,10.666666666666666,0.9375,14.0,1.25,24.9375,1,Advanced / Deep Learners
U00150,2,2,0.0,0.0,3.245,2,2025-09-26,2025-12-06,31.494999999999997,Marketing,Advanced,1.0,0.5,2.3666666666666667,0.8450704225352113,3.0,1.0,5.845070422535211,0,Focused / Low-Activity Learners
U00151,1,1,0.0,0.0,4.44,1,2025-02-27,2025-02-27,1.46,Digital Marketing,Beginner,0.0,0.0,1.0,1.0,1.0,1.0,3.0,0,Focused / Low-Activity Learners
U00152,12,12,1368.9199999999998,114.07666666666665,3.296666666666667,9,2025-01-19,2025-12-29,27.83583333333333,Cybersecurity,Beginner,2.0,0.16666666666666666,11.466666666666667,1.0465116279069768,14.0,1.3333333333333333,27.046511627906977,1,Advanced / Deep Learners
U00153,2,2,37.89,18.945,2.575,2,2025-02-21,2025-12-16,21.82,Web Development,Advanced,1.0,0.5,9.933333333333334,0.20134228187919462,3.0,1.0,5.201342281879194,0,Focused / Low-Activity Learners
U00154,1,1,248.1,248.1,1.2,1,2025-02-24,2025-02-24,9.4,Artificial Intelligence,Beginner,0.0,0.0,1.0,1.0,1.0,1.0,3.0,0,Focused / Low-Activity Learners
U00155,2,2,0.0,0.0,3.71,2,2025-01-19,2025-05-19,41.7,Web Development,Beginner,0.0,0.0,4.0,0.5,2.0,1.0,4.5,0,Focused / Low-Activity Learners
U00156,1,1,0.0,0.0,1.59,1,2025-02-13,2025-02-13,6.36,Finance,Advanced,1.0,1.0,1.0,1.0,2.0,1.0,4.0,0,Focused / Low-Activity Learners
U00157,2,2,212.39,106.195,2.53,2,2025-05-07,2025-12-18,24.705,Digital Marketing,Advanced,1.0,0.5,7.5,0.26666666666666666,3.0,1.0,5.266666666666667,0,Focused / Low-Activity Learners
U00158,1,1,0.0,0.0,1.28,1,2025-05-24,2025-05-24,28.68,Programming,Beginner,0.0,0.0,1.0,1.0,1.0,1.0,3.0,0,Focused / Low-Activity Learners
U00159,2,2,53.86,26.93,2.1,2,2025-03-09,2025-04-16,42.785,Machine Learning,Beginner,0.0,0.0,1.2666666666666666,1.5789473684210527,2.0,1.0,5.578947368421053,0,Focused / Low-Activity Learners
U00160,1,1,327.99,327.99,1.51,1,2025-12-16,2025-12-16,12.13,Project Management,Beginner,0.0,0.0,1.0,1.0,1.0,1.0,3.0,0,Focused / Low-Activity Learners
U00161,11,11,605.6,55.054545454545455,2.8972727272727274,7,2025-01-30,2025-12-28,31.152727272727272,Business,Advanced,5.0,0.45454545454545453,11.066666666666666,0.9939759036144579,16.0,1.5714285714285714,27.99397590361446,1,Advanced / Deep Learners
U00162,1,1,0.0,0.0,1.59,1,2025-05-01,2025-05-01,6.36,Finance,Advanced,1.0,1.0,1.0,1.0,2.0,1.0,4.0,0,Focused / Low-Activity Learners
U00163,1,1,0.0,0.0,3.45,1,2025-07-20,2025-07-20,33.93,Project Management,Intermediate,0.0,0.0,1.0,1.0,1.0,1.0,3.0,0,Focused / Low-Activity Learners
U00164,2,2,0.0,0.0,3.2700000000000005,1,2025-05-15,2025-09-11,28.5,Machine Learning,Advanced,1.0,0.5,3.966666666666667,0.5042016806722689,3.0,2.0,5.504201680672269,0,Focused / Low-Activity Learners
U00165,4,4,419.82,104.955,2.995,4,2025-03-23,2025-07-25,35.93,Marketing,Intermediate,1.0,0.25,4.133333333333334,0.9677419354838709,5.0,1.0,9.967741935483872,0,Focused / Low-Activity Learners
U00166,15,15,248.88,16.592,3.1886666666666668,9,2025-01-03,2025-12-11,34.38466666666667,Machine Learning,Intermediate,4.0,0.26666666666666666,11.4,1.3157894736842104,19.0,1.6666666666666667,35.315789473684205,1,Advanced / Deep Learners
U00167,1,1,0.0,0.0,4.94,1,2025-11-16,2025-11-16,42.59,Cybersecurity,Beginner,0.0,0.0,1.0,1.0,1.0,1.0,3.0,0,Focused / Low-Activity Learners
U00168,1,1,326.02,326.02,2.69,1,2025-09-20,2025-09-20,11.31,Business,Intermediate,0.0,0.0,1.0,1.0,1.0,1.0,3.0,0,Focused / Low-Activity Learners
U00169,13,13,567.16,43.62769230769231,2.636923076923077,11,2025-02-15,2025-12-16,27.686153846153847,Finance,Advanced,5.0,0.38461538461538464,10.133333333333333,1.2828947368421053,18.0,1.1818181818181819,32.28289473684211,1,Advanced / Deep Learners
U00170,3,3,0.0,0.0,2.72,3,2025-02-15,2025-08-09,28.396666666666665,Programming,Beginner,0.0,0.0,5.833333333333333,0.5142857142857143,3.0,1.0,6.514285714285714,0,Focused / Low-Activity Learners
U00171,2,2,0.0,0.0,4.0649999999999995,1,2025-06-24,2025-09-29,24.84,Project Management,Beginner,0.0,0.0,3.2333333333333334,0.6185567010309279,2.0,2.0,4.618556701030927,0,Focused / Low-Activity Learners
U00172,1,1,0.0,0.0,4.73,1,2025-11-07,2025-11-07,47.7,Machine Learning,Intermediate,0.0,0.0,1.0,1.0,1.0,1.0,3.0,0,Focused / Low-Activity Learners
U00173,14,14,1094.82,78.20142857142856,3.1978571428571425,10,2025-01-21,2025-12-12,31.192857142857143,Marketing,Beginner,2.0,0.14285714285714285,10.833333333333334,1.2923076923076922,16.0,1.4,31.29230769230769,1,Advanced / Deep Learners
U00174,1,1,212.39,212.39,3.15,1,2025-12-26,2025-12-26,22.89,Digital Marketing,Advanced,1.0,1.0,1.0,1.0,2.0,1.0,4.0,0,Focused / Low-Activity Learners
U00175,2,2,490.9,245.45,2.915,2,2025-01-01,2025-10-07,18.115,Programming,Beginner,0.0,0.0,9.3,0.2150537634408602,2.0,1.0,4.21505376344086,0,Focused / Low-Activity Learners
U00176,1,1,0.0,0.0,4.68,1,2025-07-27,2025-07-27,15.75,Project Management,Beginner,0.0,0.0,1.0,1.0,1.0,1.0,3.0,0,Focused / Low-Activity Learners
U00177,14,14,1526.54,109.03857142857143,3.0235714285714286,9,2025-03-06,2025-12-05,27.137857142857143,Finance,Beginner,3.0,0.21428571428571427,9.133333333333333,1.5328467153284673,17.0,1.5555555555555556,32.53284671532847,1,Advanced / Deep Learners
U00178,14,14,236.72000000000003,16.90857142857143,3.54,10,2025-02-08,2025-11-14,26.851428571428574,Data Science,Intermediate,4.0,0.2857142857142857,9.3,1.5053763440860215,18.0,1.4,33.505376344086024,1,Advanced / Deep Learners
U00179,2,2,487.92,243.96,2.685,2,2025-08-27,2025-11-18,37.25,Business,Advanced,1.0,0.5,2.7666666666666666,0.7228915662650602,3.0,1.0,5.72289156626506,0,Focused / Low-Activity Learners
U00180,1,1,0.0,0.0,4.73,1,2025-09-26,2025-09-26,47.7,Machine Learning,Intermediate,0.0,0.0,1.0,1.0,1.0,1.0,3.0,0,Focused / Low-Activity Learners
U00181,1,1,299.57,299.57,3.74,1,2025-11-06,2025-11-06,48.32,Data Science,Beginner,0.0,0.0,1.0,1.0,1.0,1.0,3.0,0,Focused / Low-Activity Learners
U00182,1,1,0.0,0.0,4.1,1,2025-01-21,2025-01-21,34.83,Finance,Intermediate,0.0,0.0,1.0,1.0,1.0,1.0,3.0,0,Focused / Low-Activity Learners
U00183,1,1,0.0,0.0,4.73,1,2025-07-02,2025-07-02,47.7,Machine Learning,Intermediate,0.0,0.0,1.0,1.0,1.0,1.0,3.0,0,Focused / Low-Activity Learners
U00184,1,1,0.0,0.0,2.38,1,2025-05-07,2025-05-07,16.74,Cybersecurity,Advanced,1.0,1.0,1.0,1.0,2.0,1.0,4.0,0,Focused / Low-Activity Learners
U00185,1,1,57.32,57.32,4.74,1,2025-04-19,2025-04-19,43.95,Web Development,Advanced,1.0,1.0,1.0,1.0,2.0,1.0,4.0,0,Focused / Low-Activity Learners
U00186,2,2,326.02,163.01,3.0700000000000003,2,2025-09-10,2025-12-21,22.62,Project Management,Intermediate,0.0,0.0,3.4,0.5882352941176471,2.0,1.0,4.588235294117647,0,Focused / Low-Activity Learners
U00187,1,1,472.28,472.28,4.74,1,2025-06-18,2025-06-18,11.0,Programming,Beginner,0.0,0.0,1.0,1.0,1.0,1.0,3.0,0,Focused / Low-Activity Learners
U00188,1,1,0.0,0.0,1.52,1,2025-11-07,2025-11-07,2.87,Design,Advanced,1.0,1.0,1.0,1.0,2.0,1.0,4.0,0,Focused / Low-Activity Learners
U00189,1,1,0.0,0.0,1.59,1,2025-08-18,2025-08-18,6.36,Finance,Advanced,1.0,1.0,1.0,1.0,2.0,1.0,4.0,0,Focused / Low-Activity Learners
U00190,1,1,487.92,487.92,3.64,1,2025-03-30,2025-03-30,36.01,Business,Advanced,1.0,1.0,1.0,1.0,2.0,1.0,4.0,0,Focused / Low-Activity Learners
U00191,12,12,2258.7,188.225,3.955833333333333,8,2025-01-16,2025-11-22,25.775000000000002,Project Management,Beginner,3.0,0.25,10.333333333333334,1.161290322580645,15.0,1.5,28.161290322580644,1,Advanced / Deep Learners
U00192,14,14,680.0699999999999,48.576428571428565,3.440714285714286,9,2025-01-15,2025-11-29,30.532142857142855,Web Development,Beginner,4.0,0.2857142857142857,10.6,1.3207547169811322,18.0,1.5555555555555556,33.32075471698113,1,Advanced / Deep Learners
U00193,1,1,0.0,0.0,4.79,1,2025-06-24,2025-06-24,29.37,Marketing,Advanced,1.0,1.0,1.0,1.0,2.0,1.0,4.0,0,Focused / Low-Activity Learners
U00194,1,1,0.0,0.0,3.02,1,2025-02-07,2025-02-07,9.71,Data Science,Intermediate,0.0,0.0,1.0,1.0,1.0,1.0,3.0,0,Focused / Low-Activity Learners
U00195,1,1,346.71,346.71,1.23,1,2025-07-10,2025-07-10,3.42,Project Management,Advanced,1.0,1.0,1.0,1.0,2.0,1.0,4.0,0,Focused / Low-Activity Learners
U00196,1,1,394.26,394.26,1.35,1,2025-07-04,2025-07-04,47.44,Cybersecurity,Intermediate,0.0,0.0,1.0,1.0,1.0,1.0,3.0,0,Focused / Low-Activity Learners
U00197,1,1,0.0,0.0,3.6,1,2025-03-04,2025-03-04,1.2,Data Science,Intermediate,0.0,0.0,1.0,1.0,1.0,1.0,3.0,0,Focused / Low-Activity Learners
U00198,12,12,1242.3400000000001,103.52833333333335,3.2741666666666664,7,2025-02-16,2025-12-05,29.676666666666666,Finance,Beginner,3.0,0.25,9.733333333333333,1.2328767123287672,15.0,1.7142857142857142,28.232876712328768,1,Advanced / Deep Learners
U00199,1,1,0.0,0.0,2.43,1,2025-05-06,2025-05-06,37.7,Programming,Intermediate,0.0,0.0,1.0,1.0,1.0,1.0,3.0,0,Focused / Low-Activity Learners
U00200,4,4,269.71,67.4275,3.4650000000000003,3,2025-01-22,2025-12-18,21.25,Design,Advanced,4.0,1.0,11.0,0.36363636363636365,8.0,1.3333333333333333,12.363636363636363,0,Focused / Low-Activity Learners
U00201,3,3,691.88,230.62666666666667,2.676666666666667,3,2025-01-09,2025-04-26,39.31,Design,Advanced,1.0,0.3333333333333333,3.566666666666667,0.8411214953271028,4.0,1.0,7.841121495327103,0,Focused / Low-Activity Learners
U00202,1,1,0.0,0.0,3.85,1,2025-11-17,2025-11-17,19.53,Programming,Beginner,0.0,0.0,1.0,1.0,1.0,1.0,3.0,0,Focused / Low-Activity Learners
U00203,2,2,326.02,163.01,3.005,2,2025-01-10,2025-07-22,29.94,Business,Intermediate,0.0,0.0,6.433333333333334,0.31088082901554404,2.0,1.0,4.310880829015544,0,Focused / Low-Activity Learners
U00204,1,1,0.0,0.0,1.59,1,2025-10-01,2025-10-01,6.36,Finance,Advanced,1.0,1.0,1.0,1.0,2.0,1.0,4.0,0,Focused / Low-Activity Learners
U00205,1,1,342.61,342.61,4.84,1,2025-06-12,2025-06-12,17.14,Project Management,Intermediate,0.0,0.0,1.0,1.0,1.0,1.0,3.0,0,Focused / Low-Activity Learners
U00206,1,1,89.59,89.59,2.68,1,2025-05-06,2025-05-06,1.55,Artificial Intelligence,Intermediate,0.0,0.0,1.0,1.0,1.0,1.0,3.0,0,Focused / Low-Activity Learners
U00207,2,2,177.34,88.67,2.585,2,2025-07-17,2025-11-11,39.205,Programming,Advanced,1.0,0.5,3.9,0.5128205128205129,3.0,1.0,5.512820512820513,0,Focused / Low-Activity Learners
U00208,15,15,507.62,33.84133333333333,3.1533333333333338,10,2025-02-06,2025-12-07,25.863333333333333,Data Science,Beginner,6.0,0.4,10.133333333333333,1.480263157894737,21.0,1.5,37.48026315789474,1,Advanced / Deep Learners
U00209,1,1,0.0,0.0,3.15,1,2025-08-14,2025-08-14,22.29,Business,Advanced,1.0,1.0,1.0,1.0,2.0,1.0,4.0,0,Focused / Low-Activity Learners
U00210,2,2,37.89,18.945,1.5150000000000001,2,2025-02-20,2025-03-29,31.3,Web Development,Advanced,1.0,0.5,1.2333333333333334,1.6216216216216215,3.0,1.0,6.621621621621621,0,Focused / Low-Activity Learners
U00211,1,1,0.0,0.0,4.68,1,2025-03-25,2025-03-25,15.75,Project Management,Beginner,0.0,0.0,1.0,1.0,1.0,1.0,3.0,0,Focused / Low-Activity Learners
U00212,2,2,0.0,0.0,4.265,2,2025-04-24,2025-07-04,17.64,Project Management,Beginner,0.0,0.0,2.3666666666666667,0.8450704225352113,2.0,1.0,4.845070422535211,0,Focused / Low-Activity Learners
U00213,2,2,299.57,149.785,4.23,2,2025-06-12,2025-07-11,45.5,Marketing,Beginner,0.0,0.0,1.0,2.0,2.0,1.0,6.0,0,Focused / Low-Activity Learners
U00214,1,1,89.59,89.59,2.68,1,2025-10-27,2025-10-27,1.55,Artificial Intelligence,Intermediate,0.0,0.0,1.0,1.0,1.0,1.0,3.0,0,Focused / Low-Activity Learners
U00215,1,1,326.02,326.02,2.69,1,2025-07-29,2025-07-29,11.31,Business,Intermediate,0.0,0.0,1.0,1.0,1.0,1.0,3.0,0,Focused / Low-Activity Learners
U00216,16,16,1405.87,87.866875,3.545625,10,2025-01-16,2025-12-30,24.864375000000003,Programming,Beginner,5.0,0.3125,11.6,1.3793103448275863,21.0,1.6,38.37931034482759,1,Advanced / Deep Learners
U00217,1,1,37.89,37.89,1.3,1,2025-05-02,2025-05-02,24.11,Web Development,Advanced,1.0,1.0,1.0,1.0,2.0,1.0,4.0,0,Focused / Low-Activity Learners
U00218,1,1,0.0,0.0,4.72,1,2025-10-06,2025-10-06,42.68,Marketing,Intermediate,0.0,0.0,1.0,1.0,1.0,1.0,3.0,0,Focused / Low-Activity Learners
U00219,1,1,0.0,0.0,4.51,1,2025-02-02,2025-02-02,48.19,Design,Beginner,0.0,0.0,1.0,1.0,1.0,1.0,3.0,0,Focused / Low-Activity Learners
U00220,15,15,300.34999999999997,20.02333333333333,3.6286666666666667,11,2025-02-02,2025-12-27,34.548,Programming,Beginner,4.0,0.26666666666666666,10.933333333333334,1.371951219512195,19.0,1.3636363636363635,35.3719512195122,1,Advanced / Deep Learners
U00221,1,1,0.0,0.0,4.45,1,2025-11-28,2025-11-28,15.29,Design,Advanced,1.0,1.0,1.0,1.0,2.0,1.0,4.0,0,Focused / Low-Activity Learners
U00222,1,1,0.78,0.78,3.89,1,2025-09-03,2025-09-03,44.96,Machine Learning,Advanced,1.0,1.0,1.0,1.0,2.0,1.0,4.0,0,Focused / Low-Activity Learners
U00223,1,1,0.0,0.0,4.1,1,2025-05-20,2025-05-20,34.83,Finance,Intermediate,0.0,0.0,1.0,1.0,1.0,1.0,3.0,0,Focused / Low-Activity Learners
U00224,1,1,490.9,490.9,4.55,1,2025-11-21,2025-11-21,7.55,Artificial Intelligence,Beginner,0.0,0.0,1.0,1.0,1.0,1.0,3.0,0,Focused / Low-Activity Learners
U00225,1,1,0.0,0.0,4.1,1,2025-09-21,2025-09-21,34.83,Finance,Intermediate,0.0,0.0,1.0,1.0,1.0,1.0,3.0,0,Focused / Low-Activity Learners
U00226,1,1,346.71,346.71,1.23,1,2025-11-06,2025-11-06,3.42,Project Management,Advanced,1.0,1.0,1.0,1.0,2.0,1.0,4.0,0,Focused / Low-Activity Learners
U00227,2,2,0.0,0.0,4.305,2,2025-03-04,2025-06-04,41.51,Finance,Beginner,0.0,0.0,3.066666666666667,0.6521739130434783,2.0,1.0,4.6521739130434785,0,Focused / Low-Activity Learners
U00228,1,1,117.68,117.68,2.57,1,2025-11-30,2025-11-30,48.09,Data Science,Advanced,1.0,1.0,1.0,1.0,2.0,1.0,4.0,0,Focused / Low-Activity Learners
U00229,2,2,0.0,0.0,2.73,2,2025-01-18,2025-05-22,20.97,Data Science,Advanced,1.0,0.5,4.133333333333334,0.48387096774193544,3.0,1.0,5.483870967741936,0,Focused / Low-Activity Learners
U00230,2,2,119.04,59.52,3.595,2,2025-11-01,2025-11-28,12.435,Digital Marketing,Beginner,0.0,0.0,1.0,2.0,2.0,1.0,6.0,0,Focused / Low-Activity Learners
U00231,2,2,213.17,106.585,3.52,2,2025-03-30,2025-06-27,33.925,Digital Marketing,Advanced,2.0,1.0,2.966666666666667,0.6741573033707865,4.0,1.0,6.674157303370786,0,Focused / Low-Activity Learners
U00232,1,1,0.0,0.0,2.38,1,2025-04-09,2025-04-09,16.74,Cybersecurity,Advanced,1.0,1.0,1.0,1.0,2.0,1.0,4.0,0,Focused / Low-Activity Learners
U00233,1,1,119.04,119.04,2.75,1,2025-11-06,2025-11-06,23.41,Finance,Intermediate,0.0,0.0,1.0,1.0,1.0,1.0,3.0,0,Focused / Low-Activity Learners
U00234,2,2,326.02,163.01,3.74,2,2025-02-28,2025-09-23,20.34,Marketing,Advanced,1.0,0.5,6.9,0.2898550724637681,3.0,1.0,5.289855072463768,0,Focused / Low-Activity Learners
U00235,3,3,472.28,157.42666666666665,3.856666666666667,2,2025-03-21,2025-08-03,16.176666666666666,Programming,Beginner,1.0,0.3333333333333333,4.5,0.6666666666666666,4.0,1.5,7.666666666666666,0,Focused / Low-Activity Learners
U00236,1,1,394.26,394.26,1.35,1,2025-12-11,2025-12-11,47.44,Cybersecurity,Intermediate,0.0,0.0,1.0,1.0,1.0,1.0,3.0,0,Focused / Low-Activity Learners
U00237,1,1,0.0,0.0,3.15,1,2025-11-27,2025-11-27,22.29,Business,Advanced,1.0,1.0,1.0,1.0,2.0,1.0,4.0,0,Focused / Low-Activity Learners
U00238,15,15,1872.92,124.86133333333333,3.1626666666666665,10,2025-01-12,2025-12-14,28.449333333333335,Data Science,Beginner,6.0,0.4,11.2,1.3392857142857144,21.0,1.5,37.339285714285715,1,Advanced / Deep Learners
U00239,1,1,0.0,0.0,4.44,1,2025-05-01,2025-05-01,1.46,Digital Marketing,Beginner,0.0,0.0,1.0,1.0,1.0,1.0,3.0,0,Focused / Low-Activity Learners
U00240,2,2,0.0,0.0,3.33,2,2025-01-17,2025-08-10,10.895,Digital Marketing,Advanced,1.0,0.5,6.833333333333333,0.29268292682926833,3.0,1.0,5.2926829268292686,0,Focused / Low-Activity Learners
U00241,2,2,0.0,0.0,4.2700000000000005,2,2025-02-18,2025-06-30,21.895000000000003,Data Science,Beginner,0.0,0.0,4.4,0.45454545454545453,2.0,1.0,4.454545454545455,0,Focused / Low-Activity Learners
U00242,2,2,266.93,133.465,3.285,2,2025-01-18,2025-03-27,25.639999999999997,Digital Marketing,Advanced,1.0,0.5,2.2666666666666666,0.8823529411764706,3.0,1.0,5.882352941176471,0,Focused / Low-Activity Learners
U00243,1,1,177.34,177.34,3.89,1,2025-01-12,2025-01-12,49.73,Digital Marketing,Advanced,1.0,1.0,1.0,1.0,2.0,1.0,4.0,0,Focused / Low-Activity Learners
U00244,1,1,276.37,276.37,2.72,1,2025-03-02,2025-03-02,48.84,Design,Advanced,1.0,1.0,1.0,1.0,2.0,1.0,4.0,0,Focused / Low-Activity Learners
U00245,1,1,0.0,0.0,4.14,1,2025-07-20,2025-07-20,31.77,Finance,Beginner,0.0,0.0,1.0,1.0,1.0,1.0,3.0,0,Focused / Low-Activity Learners
U00246,1,1,472.28,472.28,4.74,1,2025-05-09,2025-05-09,11.0,Programming,Beginner,0.0,0.0,1.0,1.0,1.0,1.0,3.0,0,Focused / Low-Activity Learners
U00247,1,1,0.0,0.0,2.01,1,2025-05-29,2025-05-29,15.44,Marketing,Advanced,1.0,1.0,1.0,1.0,2.0,1.0,4.0,0,Focused / Low-Activity Learners
U00248,1,1,0.0,0.0,1.59,1,2025-08-28,2025-08-28,6.36,Finance,Advanced,1.0,1.0,1.0,1.0,2.0,1.0,4.0,0,Focused / Low-Activity Learners
U00249,1,1,0.0,0.0,2.88,1,2025-08-10,2025-08-10,45.13,Programming,Beginner,0.0,0.0,1.0,1.0,1.0,1.0,3.0,0,Focused / Low-Activity Learners
U00250,1,1,342.61,342.61,4.84,1,2025-09-22,2025-09-22,17.14,Project Management,Intermediate,0.0,0.0,1.0,1.0,1.0,1.0,3.0,0,Focused / Low-Activity Learners
U00251,13,13,1310.57,100.81307692307692,3.493846153846154,9,2025-01-04,2025-12-26,27.343846153846155,Web Development,Beginner,2.0,0.15384615384615385,11.866666666666667,1.095505617977528,14.999999999999998,1.4444444444444444,29.095505617977526,1,Advanced / Deep Learners
U00252,1,1,0.0,0.0,1.52,1,2025-01-21,2025-01-21,2.87,Design,Advanced,1.0,1.0,1.0,1.0,2.0,1.0,4.0,0,Focused / Low-Activity Learners
U00253,1,1,0.0,0.0,4.66,1,2025-02-27,2025-02-27,5.95,Digital Marketing,Intermediate,0.0,0.0,1.0,1.0,1.0,1.0,3.0,0,Focused / Low-Activity Learners
U00254,1,1,0.0,0.0,4.94,1,2025-08-02,2025-08-02,42.59,Cybersecurity,Beginner,0.0,0.0,1.0,1.0,1.0,1.0,3.0,0,Focused / Low-Activity Learners
U00255,1,1,394.26,394.26,1.35,1,2025-07-12,2025-07-12,47.44,Cybersecurity,Intermediate,0.0,0.0,1.0,1.0,1.0,1.0,3.0,0,Focused / Low-Activity Learners
U00256,1,1,0.0,0.0,4.51,1,2025-03-26,2025-03-26,48.19,Design,Beginner,0.0,0.0,1.0,1.0,1.0,1.0,3.0,0,Focused / Low-Activity Learners
U00257,1,1,0.0,0.0,3.45,1,2025-11-26,2025-11-26,33.93,Project Management,Intermediate,0.0,0.0,1.0,1.0,1.0,1.0,3.0,0,Focused / Low-Activity Learners
U00258,1,1,117.68,117.68,2.57,1,2025-11-12,2025-11-12,48.09,Data Science,Advanced,1.0,1.0,1.0,1.0,2.0,1.0,4.0,0,Focused / Low-Activity Learners
U00259,1,1,342.61,342.61,4.84,1,2025-06-07,2025-06-07,17.14,Project Management,Intermediate,0.0,0.0,1.0,1.0,1.0,1.0,3.0,0,Focused / Low-Activity Learners
U00260,15,15,2445.2,163.01333333333332,3.1526666666666667,9,2025-01-15,2025-11-23,27.546666666666667,Design,Beginner,6.0,0.4,10.4,1.4423076923076923,21.0,1.6666666666666667,37.44230769230769,1,Advanced / Deep Learners
U00261,1,1,0.0,0.0,1.13,1,2025-11-07,2025-11-07,16.33,Machine Learning,Beginner,0.0,0.0,1.0,1.0,1.0,1.0,3.0,0,Focused / Low-Activity Learners
U00262,1,1,0.0,0.0,1.91,1,2025-12-06,2025-12-06,26.52,Cybersecurity,Intermediate,0.0,0.0,1.0,1.0,1.0,1.0,3.0,0,Focused / Low-Activity Learners
U00263,4,4,0.0,0.0,2.8325,4,2025-02-01,2025-11-16,25.185,Data Science,Intermediate,1.0,0.25,9.6,0.4166666666666667,5.0,1.0,9.416666666666668,0,Focused / Low-Activity Learners
U00264,3,3,0.0,0.0,3.4599999999999995,3,2025-03-12,2025-11-23,43.14000000000001,Cybersecurity,Intermediate,0.0,0.0,8.533333333333333,0.3515625,3.0,1.0,6.3515625,0,Focused / Low-Activity Learners
U00265,14,14,2087.85,149.13214285714284,3.4299999999999997,9,2025-01-08,2025-12-20,27.582142857142856,Digital Marketing,Intermediate,4.0,0.2857142857142857,11.533333333333333,1.2138728323699421,18.0,1.5555555555555556,33.213872832369944,1,Advanced / Deep Learners
U00266,1,1,212.39,212.39,3.15,1,2025-06-23,2025-06-23,22.89,Digital Marketing,Advanced,1.0,1.0,1.0,1.0,2.0,1.0,4.0,0,Focused / Low-Activity Learners
U00267,4,4,906.53,226.6325,3.0325,3,2025-01-01,2025-09-05,30.895,Business,Advanced,2.0,0.5,8.233333333333333,0.4858299595141701,6.0,1.3333333333333333,10.48582995951417,0,Focused / Low-Activity Learners
U00268,1,1,0.0,0.0,3.6,1,2025-05-22,2025-05-22,1.2,Data Science,Intermediate,0.0,0.0,1.0,1.0,1.0,1.0,3.0,0,Focused / Low-Activity Learners
U00269,1,1,0.0,0.0,3.93,1,2025-06-03,2025-06-03,48.25,Cybersecurity,Intermediate,0.0,0.0,1.0,1.0,1.0,1.0,3.0,0,Focused / Low-Activity Learners
U00270,1,1,0.0,0.0,2.67,1,2025-02-09,2025-02-09,40.07,Web Development,Advanced,1.0,1.0,1.0,1.0,2.0,1.0,4.0,0,Focused / Low-Activity Learners
U00271,1,1,0.0,0.0,4.44,1,2025-06-11,2025-06-11,1.46,Digital Marketing,Beginner,0.0,0.0,1.0,1.0,1.0,1.0,3.0,0,Focused / Low-Activity Learners
U00272,13,13,1229.1999999999998,94.55384615384614,3.2284615384615383,8,2025-02-24,2025-12-21,24.33153846153846,Digital Marketing,Advanced,6.0,0.46153846153846156,10.0,1.3,19.0,1.625,33.3,1,Advanced / Deep Learners
U00273,1,1,0.0,0.0,2.14,1,2025-02-24,2025-02-24,8.95,Digital Marketing,Beginner,0.0,0.0,1.0,1.0,1.0,1.0,3.0,0,Focused / Low-Activity Learners
U00274,2,2,177.34,88.67,3.52,2,2025-04-07,2025-09-02,36.01,Digital Marketing,Advanced,2.0,1.0,4.933333333333334,0.4054054054054054,4.0,1.0,6.405405405405405,0,Focused / Low-Activity Learners
U00275,1,1,0.0,0.0,2.98,1,2025-12-15,2025-12-15,18.0,Marketing,Advanced,1.0,1.0,1.0,1.0,2.0,1.0,4.0,0,Focused / Low-Activity Learners
U00276,1,1,299.57,299.57,3.74,1,2025-03-20,2025-03-20,48.32,Data Science,Beginner,0.0,0.0,1.0,1.0,1.0,1.0,3.0,0,Focused / Low-Activity Learners
U00277,1,1,0.0,0.0,2.01,1,2025-06-10,2025-06-10,15.44,Marketing,Advanced,1.0,1.0,1.0,1.0,2.0,1.0,4.0,0,Focused / Low-Activity Learners
U00278,1,1,0.0,0.0,3.85,1,2025-08-15,2025-08-15,19.53,Programming,Beginner,0.0,0.0,1.0,1.0,1.0,1.0,3.0,0,Focused / Low-Activity Learners
U00279,3,3,295.02,98.33999999999999,2.6833333333333336,3,2025-01-10,2025-08-18,34.72666666666667,Finance,Advanced,3.0,1.0,7.333333333333333,0.4090909090909091,6.0,1.0,9.40909090909091,0,Focused / Low-Activity Learners
U00280,1,1,299.57,299.57,3.74,1,2025-04-11,2025-04-11,48.32,Data Science,Beginner,0.0,0.0,1.0,1.0,1.0,1.0,3.0,0,Focused / Low-Activity Learners
U00281,1,1,0.0,0.0,4.11,1,2025-06-18,2025-06-18,46.25,Marketing,Intermediate,0.0,0.0,1.0,1.0,1.0,1.0,3.0,0,Focused / Low-Activity Learners
U00282,14,14,1034.17,73.86928571428572,2.472142857142857,9,2025-03-02,2025-12-23,26.384999999999998,Business,Advanced,9.0,0.6428571428571429,9.866666666666667,1.4189189189189189,23.0,1.5555555555555556,38.41891891891892,1,Advanced / Deep Learners
U00283,2,2,0.0,0.0,2.8600000000000003,2,2025-07-09,2025-08-15,15.07,Digital Marketing,Beginner,0.0,0.0,1.2333333333333334,1.6216216216216215,2.0,1.0,5.621621621621621,0,Focused / Low-Activity Learners
U00284,1,1,342.61,342.61,4.84,1,2025-01-19,2025-01-19,17.14,Project Management,Intermediate,0.0,0.0,1.0,1.0,1.0,1.0,3.0,0,Focused / Low-Activity Learners
U00285,1,1,57.32,57.32,4.74,1,2025-01-21,2025-01-21,43.95,Web Development,Advanced,1.0,1.0,1.0,1.0,2.0,1.0,4.0,0,Focused / Low-Activity Learners
U00286,3,3,0.0,0.0,3.106666666666667,2,2025-03-07,2025-11-16,32.04,Web Development,Advanced,2.0,0.6666666666666666,8.466666666666667,0.3543307086614173,5.0,1.5,8.354330708661417,0,Focused / Low-Activity Learners
U00287,2,2,0.0,0.0,4.585,2,2025-03-05,2025-11-26,28.985,Marketing,Advanced,1.0,0.5,8.866666666666667,0.22556390977443608,3.0,1.0,5.225563909774436,0,Focused / Low-Activity Learners
U00288,1,1,0.0,0.0,3.93,1,2025-01-28,2025-01-28,48.25,Cybersecurity,Intermediate,0.0,0.0,1.0,1.0,1.0,1.0,3.0,0,Focused / Low-Activity Learners
U00289,1,1,0.78,0.78,3.89,1,2025-08-17,2025-08-17,44.96,Machine Learning,Advanced,1.0,1.0,1.0,1.0,2.0,1.0,4.0,0,Focused / Low-Activity Learners
U00290,3,3,57.32,19.106666666666666,4.430000000000001,3,2025-02-27,2025-07-14,30.55333333333333,Marketing,Advanced,1.0,0.3333333333333333,4.566666666666666,0.6569343065693432,4.0,1.0,7.656934306569343,0,Focused / Low-Activity Learners
U00291,3,3,276.37,92.12333333333333,3.6966666666666668,3,2025-04-21,2025-09-18,46.413333333333334,Artificial Intelligence,Advanced,1.0,0.3333333333333333,5.0,0.6,4.0,1.0,7.6,0,Focused / Low-Activity Learners
U00292,12,12,965.62,80.46833333333333,3.1333333333333333,8,2025-01-23,2025-10-29,34.38583333333333,Project Management,Intermediate,3.0,0.25,9.3,1.2903225806451613,15.0,1.5,28.29032258064516,1,Advanced / Deep Learners
U00293,13,13,1426.48,109.72923076923077,2.94,9,2025-01-08,2025-12-10,27.726923076923075,Machine Learning,Advanced,5.0,0.38461538461538464,11.2,1.1607142857142858,18.0,1.4444444444444444,32.160714285714285,1,Advanced / Deep Learners
U00294,1,1,0.0,0.0,4.73,1,2025-07-05,2025-07-05,47.7,Machine Learning,Intermediate,0.0,0.0,1.0,1.0,1.0,1.0,3.0,0,Focused / Low-Activity Learners
U00295,1,1,0.0,0.0,1.13,1,2025-06-06,2025-06-06,16.33,Machine Learning,Beginner,0.0,0.0,1.0,1.0,1.0,1.0,3.0,0,Focused / Low-Activity Learners
U00296,2,2,177.34,88.67,3.67,2,2025-01-08,2025-05-17,41.83,Project Management,Advanced,1.0,0.5,4.3,0.46511627906976744,3.0,1.0,5.465116279069767,0,Focused / Low-Activity Learners
U00297,1,1,0.0,0.0,2.14,1,2025-06-26,2025-06-26,8.95,Digital Marketing,Beginner,0.0,0.0,1.0,1.0,1.0,1.0,3.0,0,Focused / Low-Activity Learners
U00298,14,14,2020.42,144.31571428571428,3.2892857142857146,7,2025-01-06,2025-11-15,29.744285714285716,Project Management,Intermediate,5.0,0.35714285714285715,10.433333333333334,1.3418530351437699,19.0,2.0,34.34185303514377,1,Advanced / Deep Learners
U00299,1,1,0.0,0.0,3.15,1,2025-11-28,2025-11-28,22.29,Business,Advanced,1.0,1.0,1.0,1.0,2.0,1.0,4.0,0,Focused / Low-Activity Learners
U00300,2,2,487.92,243.96,2.92,2,2025-12-03,2025-12-20,38.385,Web Development,Advanced,1.0,0.5,1.0,2.0,3.0,1.0,7.0,0,Focused / Low-Activity Learners
U00301,14,14,1201.4299999999998,85.81642857142856,3.0685714285714285,9,2025-01-12,2025-12-16,31.962142857142858,Programming,Beginner,3.0,0.21428571428571427,11.266666666666667,1.242603550295858,17.0,1.5555555555555556,32.242603550295854,1,Advanced / Deep Learners
U00302,1,1,37.89,37.89,1.3,1,2025-04-16,2025-04-16,24.11,Web Development,Advanced,1.0,1.0,1.0,1.0,2.0,1.0,4.0,0,Focused / Low-Activity Learners
U00303,14,14,1085.94,77.56714285714285,3.027142857142857,7,2025-01-15,2025-10-27,29.920714285714286,Machine Learning,Advanced,6.0,0.42857142857142855,9.5,1.4736842105263157,20.0,2.0,35.473684210526315,1,Advanced / Deep Learners
U00304,1,1,327.99,327.99,1.51,1,2025-07-16,2025-07-16,12.13,Project Management,Beginner,0.0,0.0,1.0,1.0,1.0,1.0,3.0,0,Focused / Low-Activity Learners
U00305,1,1,0.0,0.0,4.94,1,2025-11-12,2025-11-12,42.59,Cybersecurity,Beginner,0.0,0.0,1.0,1.0,1.0,1.0,3.0,0,Focused / Low-Activity Learners
U00306,1,1,0.0,0.0,4.14,1,2025-12-22,2025-12-22,31.77,Finance,Beginner,0.0,0.0,1.0,1.0,1.0,1.0,3.0,0,Focused / Low-Activity Learners
U00307,1,1,0.0,0.0,2.43,1,2025-08-29,2025-08-29,37.7,Programming,Intermediate,0.0,0.0,1.0,1.0,1.0,1.0,3.0,0,Focused / Low-Activity Learners
U00308,4,4,790.47,197.6175,3.5625,4,2025-01-14,2025-11-11,25.075,Project Management,Beginner,0.0,0.0,10.033333333333333,0.39867109634551495,4.0,1.0,8.398671096345515,0,Focused / Low-Activity Learners
U00309,1,1,342.61,342.61,4.84,1,2025-04-26,2025-04-26,17.14,Project Management,Intermediate,0.0,0.0,1.0,1.0,1.0,1.0,3.0,0,Focused / Low-Activity Learners
U00310,11,11,465.17,42.28818181818182,3.097272727272727,8,2025-04-04,2025-12-21,22.067272727272726,Project Management,Advanced,6.0,0.5454545454545454,8.7,1.264367816091954,17.0,1.375,29.264367816091955,1,Advanced / Deep Learners
U00311,1,1,0.0,0.0,3.15,1,2025-07-05,2025-07-05,22.29,Business,Advanced,1.0,1.0,1.0,1.0,2.0,1.0,4.0,0,Focused / Low-Activity Learners
U00312,1,1,0.0,0.0,3.45,1,2025-06-30,2025-06-30,33.93,Project Management,Intermediate,0.0,0.0,1.0,1.0,1.0,1.0,3.0,0,Focused / Low-Activity Learners
U00313,1,1,0.0,0.0,4.66,1,2025-09-16,2025-09-16,5.95,Digital Marketing,Intermediate,0.0,0.0,1.0,1.0,1.0,1.0,3.0,0,Focused / Low-Activity Learners
U00314,3,3,0.0,0.0,2.9766666666666666,2,2025-01-12,2025-12-26,35.14,Programming,Beginner,0.0,0.0,11.6,0.25862068965517243,3.0,1.5,6.258620689655173,0,Focused / Low-Activity Learners
U00315,12,12,972.29,81.02416666666666,3.3516666666666666,9,2025-02-11,2025-12-26,26.520833333333332,Finance,Beginner,4.0,0.3333333333333333,10.6,1.1320754716981132,16.0,1.3333333333333333,29.132075471698116,1,Advanced / Deep Learners
U00316,2,2,0.0,0.0,3.87,2,2025-02-28,2025-08-29,16.485,Finance,Beginner,0.0,0.0,6.066666666666666,0.32967032967032966,2.0,1.0,4.32967032967033,0,Focused / Low-Activity Learners
U00317,3,3,57.32,19.106666666666666,3.813333333333333,3,2025-07-10,2025-09-27,33.28,Web Development,Advanced,2.0,0.6666666666666666,2.6333333333333333,1.139240506329114,5.0,1.0,9.139240506329113,0,Focused / Low-Activity Learners
U00318,1,1,326.02,326.02,2.69,1,2025-11-14,2025-11-14,11.31,Business,Intermediate,0.0,0.0,1.0,1.0,1.0,1.0,3.0,0,Focused / Low-Activity Learners
U00319,1,1,346.71,346.71,1.23,1,2025-05-26,2025-05-26,3.42,Project Management,Advanced,1.0,1.0,1.0,1.0,2.0,1.0,4.0,0,Focused / Low-Activity Learners
U00320,1,1,285.05,285.05,1.96,1,2025-08-29,2025-08-29,34.78,Business,Beginner,0.0,0.0,1.0,1.0,1.0,1.0,3.0,0,Focused / Low-Activity Learners
U00321,14,14,1822.94,130.21,2.579285714285714,8,2025-01-04,2025-12-23,24.10214285714286,Artificial Intelligence,Beginner,4.0,0.2857142857142857,11.766666666666667,1.1898016997167138,18.0,1.75,33.18980169971671,1,Advanced / Deep Learners
U00322,14,14,626.3,44.73571428571428,3.067857142857143,7,2025-01-03,2025-12-08,34.57642857142857,Web Development,Beginner,2.0,0.14285714285714285,11.3,1.238938053097345,16.0,2.0,31.238938053097343,1,Advanced / Deep Learners
U00323,15,15,948.99,63.266,3.3059999999999996,8,2025-02-01,2025-12-12,28.79733333333333,Programming,Advanced,8.0,0.5333333333333333,10.466666666666667,1.4331210191082802,23.0,1.875,39.433121019108285,1,Advanced / Deep Learners
U00324,1,1,0.0,0.0,2.88,1,2025-07-15,2025-07-15,45.13,Programming,Beginner,0.0,0.0,1.0,1.0,1.0,1.0,3.0,0,Focused / Low-Activity Learners
U00325,1,1,0.0,0.0,3.15,1,2025-04-20,2025-04-20,22.29,Business,Advanced,1.0,1.0,1.0,1.0,2.0,1.0,4.0,0,Focused / Low-Activity Learners
U00326,1,1,0.0,0.0,2.2,1,2025-04-23,2025-04-23,40.76,Web Development,Beginner,0.0,0.0,1.0,1.0,1.0,1.0,3.0,0,Focused / Low-Activity Learners
U00327,4,4,177.34,44.335,4.035,3,2025-01-21,2025-11-27,30.345,Digital Marketing,Intermediate,1.0,0.25,10.333333333333334,0.3870967741935484,5.0,1.3333333333333333,9.387096774193548,0,Focused / Low-Activity Learners
U00328,15,15,1319.8899999999999,87.99266666666666,3.31,8,2025-01-18,2025-11-26,28.207333333333334,Finance,Beginner,2.0,0.13333333333333333,10.4,1.4423076923076923,17.0,1.875,33.44230769230769,1,Advanced / Deep Learners
U00329,12,12,1632.4199999999998,136.035,3.035833333333333,8,2025-01-26,2025-12-05,19.674166666666668,Data Science,Beginner,1.0,0.08333333333333333,10.433333333333334,1.1501597444089458,13.0,1.5,26.150159744408946,1,Advanced / Deep Learners
U00330,14,14,1268.62,90.61571428571428,2.775714285714286,8,2025-01-21,2025-12-20,31.49285714285714,Marketing,Intermediate,5.0,0.35714285714285715,11.1,1.2612612612612613,19.0,1.75,34.26126126126126,1,Advanced / Deep Learners
U00331,1,1,276.37,276.37,2.72,1,2025-08-10,2025-08-10,48.84,Design,Advanced,1.0,1.0,1.0,1.0,2.0,1.0,4.0,0,Focused / Low-Activity Learners
U00332,1,1,0.0,0.0,1.81,1,2025-09-14,2025-09-14,9.3,Machine Learning,Advanced,1.0,1.0,1.0,1.0,2.0,1.0,4.0,0,Focused / Low-Activity Learners
U00333,1,1,0.0,0.0,1.59,1,2025-04-17,2025-04-17,6.36,Finance,Advanced,1.0,1.0,1.0,1.0,2.0,1.0,4.0,0,Focused / Low-Activity Learners
U00334,13,13,887.52,68.27076923076923,2.64,9,2025-01-21,2025-12-20,26.676923076923078,Data Science,Beginner,4.0,0.3076923076923077,11.1,1.1711711711711712,17.0,1.4444444444444444,31.17117117117117,1,Advanced / Deep Learners
U00335,1,1,0.0,0.0,4.94,1,2025-03-21,2025-03-21,42.59,Cybersecurity,Beginner,0.0,0.0,1.0,1.0,1.0,1.0,3.0,0,Focused / Low-Activity Learners
U00336,1,1,0.0,0.0,3.64,1,2025-12-30,2025-12-30,42.7,Artificial Intelligence,Beginner,0.0,0.0,1.0,1.0,1.0,1.0,3.0,0,Focused / Low-Activity Learners
U00337,1,1,0.0,0.0,1.73,1,2025-06-29,2025-06-29,38.49,Machine Learning,Intermediate,0.0,0.0,1.0,1.0,1.0,1.0,3.0,0,Focused / Low-Activity Learners
U00338,14,14,832.77,59.48357142857143,3.3842857142857143,8,2025-01-05,2025-12-22,24.864285714285717,Data Science,Beginner,3.0,0.21428571428571427,11.7,1.1965811965811965,17.0,1.75,32.19658119658119,1,Advanced / Deep Learners
U00339,16,16,2087.63,130.476875,3.13625,10,2025-01-02,2025-12-24,25.673125,Project Management,Advanced,7.0,0.4375,11.866666666666667,1.348314606741573,23.0,1.6,40.348314606741575,1,Advanced / Deep Learners
U00340,14,14,1220.42,87.17285714285715,2.9549999999999996,8,2025-01-23,2025-11-09,33.595,Business,Beginner,5.0,0.35714285714285715,9.666666666666666,1.4482758620689655,19.0,1.75,34.44827586206897,1,Advanced / Deep Learners
U00341,1,1,0.0,0.0,4.79,1,2025-07-21,2025-07-21,29.37,Marketing,Advanced,1.0,1.0,1.0,1.0,2.0,1.0,4.0,0,Focused / Low-Activity Learners
U00342,1,1,0.0,0.0,4.73,1,2025-01-01,2025-01-01,47.7,Machine Learning,Intermediate,0.0,0.0,1.0,1.0,1.0,1.0,3.0,0,Focused / Low-Activity Learners
U00343,1,1,0.0,0.0,1.13,1,2025-04-02,2025-04-02,16.33,Machine Learning,Beginner,0.0,0.0,1.0,1.0,1.0,1.0,3.0,0,Focused / Low-Activity Learners
U00344,1,1,0.0,0.0,3.93,1,2025-01-11,2025-01-11,48.25,Cybersecurity,Intermediate,0.0,0.0,1.0,1.0,1.0,1.0,3.0,0,Focused / Low-Activity Learners
U00345,15,15,1367.21,91.14733333333334,3.5193333333333334,9,2025-01-02,2025-10-13,27.412,Programming,Beginner,5.0,0.3333333333333333,9.466666666666667,1.584507042253521,20.0,1.6666666666666667,36.58450704225352,1,Advanced / Deep Learners
U00346,3,3,326.02,108.67333333333333,3.3699999999999997,3,2025-04-09,2025-08-14,31.570000000000004,Web Development,Intermediate,0.0,0.0,4.233333333333333,0.7086614173228346,3.0,1.0,6.708661417322835,0,Focused / Low-Activity Learners
U00347,2,2,346.71,173.355,2.67,2,2025-01-22,2025-10-01,24.835,Project Management,Advanced,1.0,0.5,8.4,0.23809523809523808,3.0,1.0,5.238095238095238,0,Focused / Low-Activity Learners
U00348,1,1,299.57,299.57,3.74,1,2025-04-14,2025-04-14,48.32,Data Science,Beginner,0.0,0.0,1.0,1.0,1.0,1.0,3.0,0,Focused / Low-Activity Learners
U00349,1,1,0.0,0.0,1.13,1,2025-09-05,2025-09-05,16.33,Machine Learning,Beginner,0.0,0.0,1.0,1.0,1.0,1.0,3.0,0,Focused / Low-Activity Learners
U00350,2,2,89.59,44.795,3.8100000000000005,2,2025-04-22,2025-10-13,22.07,Cybersecurity,Intermediate,0.0,0.0,5.8,0.3448275862068966,2.0,1.0,4.344827586206897,0,Focused / Low-Activity Learners
U00351,13,13,777.1,59.776923076923076,2.9269230769230767,8,2025-02-07,2025-12-20,27.795384615384616,Design,Advanced,5.0,0.38461538461538464,10.533333333333333,1.2341772151898733,18.0,1.625,32.234177215189874,1,Advanced / Deep Learners
U00352,15,15,1009.69,67.31266666666667,3.0853333333333333,10,2025-01-21,2025-12-13,30.372,Business,Beginner,5.0,0.3333333333333333,10.866666666666667,1.3803680981595092,20.0,1.5,36.38036809815951,1,Advanced / Deep Learners
U00353,14,14,918.31,65.59357142857142,3.3785714285714286,10,2025-05-09,2025-12-22,28.130714285714284,Digital Marketing,Advanced,5.0,0.35714285714285715,7.566666666666666,1.8502202643171808,19.0,1.4,34.85022026431718,1,Advanced / Deep Learners
U00354,2,2,0.0,0.0,4.550000000000001,1,2025-06-30,2025-09-26,3.705,Digital Marketing,Beginner,0.0,0.0,2.933333333333333,0.6818181818181819,2.0,2.0,4.681818181818182,0,Focused / Low-Activity Learners
U00355,1,1,0.0,0.0,4.45,1,2025-11-12,2025-11-12,15.29,Design,Advanced,1.0,1.0,1.0,1.0,2.0,1.0,4.0,0,Focused / Low-Activity Learners
U00356,15,15,619.16,41.27733333333333,3.0913333333333335,10,2025-01-24,2025-12-22,21.741333333333333,Artificial Intelligence,Advanced,8.0,0.5333333333333333,11.066666666666666,1.355421686746988,23.0,1.5,39.355421686746986,1,Advanced / Deep Learners
U00357,15,15,2191.98,146.132,3.1853333333333333,10,2025-01-04,2025-12-16,27.996666666666666,Artificial Intelligence,Beginner,3.0,0.2,11.533333333333333,1.300578034682081,18.0,1.5,34.30057803468208,1,Advanced / Deep Learners
U00358,1,1,0.0,0.0,3.45,1,2025-07-22,2025-07-22,33.93,Project Management,Intermediate,0.0,0.0,1.0,1.0,1.0,1.0,3.0,0,Focused / Low-Activity Learners
U00359,1,1,0.0,0.0,1.28,1,2025-07-23,2025-07-23,28.68,Programming,Beginner,0.0,0.0,1.0,1.0,1.0,1.0,3.0,0,Focused / Low-Activity Learners
U00360,1,1,0.0,0.0,3.6,1,2025-04-19,2025-04-19,1.2,Data Science,Intermediate,0.0,0.0,1.0,1.0,1.0,1.0,3.0,0,Focused / Low-Activity Learners
U00361,1,1,0.0,0.0,4.72,1,2025-08-14,2025-08-14,42.68,Marketing,Intermediate,0.0,0.0,1.0,1.0,1.0,1.0,3.0,0,Focused / Low-Activity Learners
U00362,13,13,1113.03,85.61769230769231,3.089230769230769,8,2025-01-15,2025-11-26,19.34692307692308,Programming,Advanced,6.0,0.46153846153846156,10.5,1.2380952380952381,19.0,1.625,33.23809523809524,1,Advanced / Deep Learners
U00363,1,1,0.0,0.0,1.52,1,2025-11-12,2025-11-12,2.87,Design,Advanced,1.0,1.0,1.0,1.0,2.0,1.0,4.0,0,Focused / Low-Activity Learners
U00364,1,1,0.0,0.0,4.68,1,2025-04-20,2025-04-20,15.75,Project Management,Beginner,0.0,0.0,1.0,1.0,1.0,1.0,3.0,0,Focused / Low-Activity Learners
U00365,13,13,500.28000000000003,38.48307692307692,2.576923076923077,7,2025-03-09,2025-12-30,25.733846153846155,Marketing,Advanced,7.0,0.5384615384615384,9.866666666666667,1.3175675675675675,20.0,1.8571428571428572,34.317567567567565,1,Advanced / Deep Learners
U00366,2,2,0.0,0.0,3.545,2,2025-02-05,2025-06-26,38.315,Project Management,Beginner,0.0,0.0,4.7,0.425531914893617,2.0,1.0,4.425531914893617,0,Focused / Low-Activity Learners
U00367,1,1,0.0,0.0,2.67,1,2025-07-03,2025-07-03,40.07,Web Development,Advanced,1.0,1.0,1.0,1.0,2.0,1.0,4.0,0,Focused / Low-Activity Learners
U00368,1,1,0.0,0.0,1.52,1,2025-03-18,2025-03-18,2.87,Design,Advanced,1.0,1.0,1.0,1.0,2.0,1.0,4.0,0,Focused / Low-Activity Learners
U00369,4,4,0.0,0.0,2.665,4,2025-07-20,2025-09-09,21.8325,Design,Advanced,3.0,0.75,1.7,2.3529411764705883,7.0,1.0,13.352941176470589,0,Focused / Low-Activity Learners
U00370,2,2,606.96,303.48,3.1950000000000003,2,2025-02-01,2025-11-10,29.71,Finance,Advanced,1.0,0.5,9.4,0.2127659574468085,3.0,1.0,5.212765957446809,0,Focused / Low-Activity Learners
U00371,1,1,0.0,0.0,3.02,1,2025-08-22,2025-08-22,9.71,Data Science,Intermediate,0.0,0.0,1.0,1.0,1.0,1.0,3.0,0,Focused / Low-Activity Learners
U00372,1,1,0.78,0.78,3.89,1,2025-07-27,2025-07-27,44.96,Machine Learning,Advanced,1.0,1.0,1.0,1.0,2.0,1.0,4.0,0,Focused / Low-Activity Learners
U00373,1,1,0.0,0.0,2.0,1,2025-10-28,2025-10-28,15.84,Business,Advanced,1.0,1.0,1.0,1.0,2.0,1.0,4.0,0,Focused / Low-Activity Learners
U00374,1,1,0.0,0.0,3.64,1,2025-12-05,2025-12-05,42.7,Artificial Intelligence,Beginner,0.0,0.0,1.0,1.0,1.0,1.0,3.0,0,Focused / Low-Activity Learners
U00375,1,1,326.02,326.02,2.69,1,2025-10-25,2025-10-25,11.31,Business,Intermediate,0.0,0.0,1.0,1.0,1.0,1.0,3.0,0,Focused / Low-Activity Learners
U00376,1,1,0.0,0.0,4.51,1,2025-01-07,2025-01-07,48.19,Design,Beginner,0.0,0.0,1.0,1.0,1.0,1.0,3.0,0,Focused / Low-Activity Learners
U00377,1,1,177.34,177.34,3.89,1,2025-10-12,2025-10-12,49.73,Digital Marketing,Advanced,1.0,1.0,1.0,1.0,2.0,1.0,4.0,0,Focused / Low-Activity Learners
U00378,2,2,0.0,0.0,3.63,2,2025-07-05,2025-11-01,34.269999999999996,Business,Intermediate,1.0,0.5,3.966666666666667,0.5042016806722689,3.0,1.0,5.504201680672269,0,Focused / Low-Activity Learners
U00379,14,14,3054.37,218.1692857142857,3.4035714285714285,8,2025-02-06,2025-12-14,25.226428571428574,Marketing,Beginner,3.0,0.21428571428571427,10.366666666666667,1.35048231511254,17.0,1.75,32.350482315112544,1,Advanced / Deep Learners
U00380,1,1,0.78,0.78,3.89,1,2025-01-23,2025-01-23,44.96,Machine Learning,Advanced,1.0,1.0,1.0,1.0,2.0,1.0,4.0,0,Focused / Low-Activity Learners
U00381,1,1,0.0,0.0,4.45,1,2025-05-06,2025-05-06,15.29,Design,Advanced,1.0,1.0,1.0,1.0,2.0,1.0,4.0,0,Focused / Low-Activity Learners
U00382,3,3,394.26,131.42,2.08,3,2025-03-23,2025-11-29,36.00333333333333,Programming,Advanced,1.0,0.3333333333333333,8.366666666666667,0.3585657370517928,4.0,1.0,7.3585657370517925,0,Focused / Low-Activity Learners
U00383,15,15,1668.4,111.22666666666667,2.848,10,2025-01-26,2025-12-18,26.25,Programming,Advanced,6.0,0.4,10.866666666666667,1.3803680981595092,21.0,1.5,37.38036809815951,1,Advanced / Deep Learners
U00384,2,2,299.57,149.785,2.875,2,2025-05-08,2025-10-26,31.88,Marketing,Advanced,1.0,0.5,5.7,0.3508771929824561,3.0,1.0,5.350877192982456,0,Focused / Low-Activity Learners
U00385,1,1,0.0,0.0,1.73,1,2025-01-07,2025-01-07,38.49,Machine Learning,Intermediate,0.0,0.0,1.0,1.0,1.0,1.0,3.0,0,Focused / Low-Activity Learners
U00386,2,2,299.57,149.785,4.125,2,2025-09-03,2025-10-24,48.254999999999995,Design,Beginner,0.0,0.0,1.7,1.1764705882352942,2.0,1.0,5.176470588235294,0,Focused / Low-Activity Learners
U00387,1,1,0.78,0.78,3.89,1,2025-08-10,2025-08-10,44.96,Machine Learning,Advanced,1.0,1.0,1.0,1.0,2.0,1.0,4.0,0,Focused / Low-Activity Learners
U00388,1,1,342.61,342.61,4.84,1,2025-01-07,2025-01-07,17.14,Project Management,Intermediate,0.0,0.0,1.0,1.0,1.0,1.0,3.0,0,Focused / Low-Activity Learners
U00389,1,1,0.0,0.0,1.91,1,2025-11-14,2025-11-14,26.52,Cybersecurity,Intermediate,0.0,0.0,1.0,1.0,1.0,1.0,3.0,0,Focused / Low-Activity Learners
U00390,3,3,0.0,0.0,3.1266666666666665,2,2025-03-02,2025-09-18,43.00666666666666,Web Development,Beginner,1.0,0.3333333333333333,6.666666666666667,0.44999999999999996,4.0,1.5,7.45,0,Focused / Low-Activity Learners
U00391,1,1,0.0,0.0,3.93,1,2025-08-15,2025-08-15,48.25,Cybersecurity,Intermediate,0.0,0.0,1.0,1.0,1.0,1.0,3.0,0,Focused / Low-Activity Learners
U00392,1,1,327.99,327.99,1.51,1,2025-09-09,2025-09-09,12.13,Project Management,Beginner,0.0,0.0,1.0,1.0,1.0,1.0,3.0,0,Focused / Low-Activity Learners
U00393,1,1,0.0,0.0,4.94,1,2025-02-26,2025-02-26,42.59,Cybersecurity,Beginner,0.0,0.0,1.0,1.0,1.0,1.0,3.0,0,Focused / Low-Activity Learners
U00394,11,11,38.67,3.5154545454545456,2.611818181818182,7,2025-01-29,2025-12-05,30.39181818181818,Web Development,Advanced,5.0,0.45454545454545453,10.333333333333334,1.064516129032258,16.0,1.5714285714285714,28.064516129032256,1,Advanced / Deep Learners
U00395,1,1,0.0,0.0,4.94,1,2025-12-26,2025-12-26,42.59,Cybersecurity,Beginner,0.0,0.0,1.0,1.0,1.0,1.0,3.0,0,Focused / Low-Activity Learners
U00396,2,2,0.0,0.0,2.915,2,2025-11-12,2025-12-25,36.66,Machine Learning,Intermediate,0.0,0.0,1.4333333333333333,1.3953488372093024,2.0,1.0,5.395348837209302,0,Focused / Low-Activity Learners
U00397,1,1,37.89,37.89,1.3,1,2025-02-11,2025-02-11,24.11,Web Development,Advanced,1.0,1.0,1.0,1.0,2.0,1.0,4.0,0,Focused / Low-Activity Learners
U00398,3,3,117.68,39.22666666666667,3.313333333333333,3,2025-05-24,2025-10-21,42.79333333333333,Programming,Advanced,1.0,0.3333333333333333,5.0,0.6,4.0,1.0,7.6,0,Focused / Low-Activity Learners
U00399,12,12,1648.36,137.36333333333332,3.0908333333333338,8,2025-02-06,2025-12-06,26.334166666666665,Project Management,Advanced,5.0,0.4166666666666667,10.1,1.188118811881188,17.0,1.5,30.18811881188119,1,Advanced / Deep Learners
U00400,2,2,0.0,0.0,2.83,2,2025-04-09,2025-05-20,14.415000000000001,Programming,Advanced,1.0,0.5,1.3666666666666667,1.4634146341463414,3.0,1.0,6.463414634146341,0,Focused / Low-Activity Learners
U00401,2,2,0.0,0.0,2.95,2,2025-02-02,2025-12-08,27.42,Programming,Beginner,0.0,0.0,10.3,0.1941747572815534,2.0,1.0,4.194174757281553,0,Focused / Low-Activity Learners
U00402,2,2,0.0,0.0,2.13,2,2025-08-20,2025-09-16,23.215,Web Development,Advanced,2.0,1.0,1.0,2.0,4.0,1.0,8.0,0,Focused / Low-Activity Learners
U00403,1,1,0.0,0.0,4.1,1,2025-05-08,2025-05-08,34.83,Finance,Intermediate,0.0,0.0,1.0,1.0,1.0,1.0,3.0,0,Focused / Low-Activity Learners
U00404,14,14,1617.6399999999999,115.54571428571428,3.105714285714286,10,2025-02-03,2025-12-29,26.564285714285713,Finance,Advanced,6.0,0.42857142857142855,10.966666666666667,1.2765957446808511,20.0,1.4,35.27659574468085,1,Advanced / Deep Learners
U00405,2,2,689.3199999999999,344.65999999999997,3.035,1,2025-05-28,2025-12-04,10.280000000000001,Project Management,Advanced,1.0,0.5,6.333333333333333,0.31578947368421056,3.0,2.0,5.315789473684211,0,Focused / Low-Activity Learners
U00406,15,15,1417.44,94.49600000000001,2.902,11,2025-01-10,2025-12-10,23.151999999999997,Data Science,Beginner,4.0,0.26666666666666666,11.133333333333333,1.347305389221557,19.0,1.3636363636363635,35.34730538922156,1,Advanced / Deep Learners
U00407,15,15,1611.98,107.46533333333333,3.3033333333333332,10,2025-02-17,2025-12-27,28.090666666666667,Marketing,Intermediate,4.0,0.26666666666666666,10.433333333333334,1.4376996805111821,19.0,1.5,35.43769968051119,1,Advanced / Deep Learners
U00408,1,1,0.0,0.0,3.15,1,2025-06-07,2025-06-07,22.29,Business,Advanced,1.0,1.0,1.0,1.0,2.0,1.0,4.0,0,Focused / Low-Activity Learners
U00409,2,2,0.0,0.0,2.85,2,2025-01-13,2025-02-23,26.305,Marketing,Advanced,1.0,0.5,1.3666666666666667,1.4634146341463414,3.0,1.0,6.463414634146341,0,Focused / Low-Activity Learners
U00410,1,1,0.0,0.0,2.67,1,2025-11-03,2025-11-03,40.07,Web Development,Advanced,1.0,1.0,1.0,1.0,2.0,1.0,4.0,0,Focused / Low-Activity Learners
U00411,12,12,789.6700000000001,65.80583333333334,3.2883333333333336,8,2025-01-08,2025-11-25,27.280833333333334,Marketing,Advanced,6.0,0.5,10.7,1.1214953271028039,18.0,1.5,31.121495327102803,1,Advanced / Deep Learners
U00412,4,4,236.72000000000003,59.18000000000001,3.3175,3,2025-02-14,2025-11-28,31.465,Finance,Intermediate,1.0,0.25,9.566666666666666,0.4181184668989547,5.0,1.3333333333333333,9.418118466898955,0,Focused / Low-Activity Learners
U00413,2,2,472.28,236.14,4.335,2,2025-02-07,2025-08-04,29.625,Cybersecurity,Beginner,0.0,0.0,5.933333333333334,0.33707865168539325,2.0,1.0,4.337078651685394,0,Focused / Low-Activity Learners
U00414,1,1,0.0,0.0,2.61,1,2025-10-16,2025-10-16,48.68,Design,Advanced,1.0,1.0,1.0,1.0,2.0,1.0,4.0,0,Focused / Low-Activity Learners
U00415,13,13,804.99,61.92230769230769,3.1138461538461537,7,2025-01-23,2025-12-25,27.964615384615385,Web Development,Advanced,6.0,0.46153846153846156,11.2,1.1607142857142858,19.0,1.8571428571428572,33.160714285714285,1,Advanced / Deep Learners
U00416,2,2,0.0,0.0,2.925,2,2025-01-11,2025-01-27,36.7,Web Development,Beginner,0.0,0.0,1.0,2.0,2.0,1.0,6.0,0,Focused / Low-Activity Learners
U00417,2,2,0.0,0.0,2.92,2,2025-04-13,2025-09-26,41.730000000000004,Web Development,Beginner,0.0,0.0,5.533333333333333,0.3614457831325301,2.0,1.0,4.36144578313253,0,Focused / Low-Activity Learners
U00418,3,3,528.79,176.26333333333332,2.3266666666666667,3,2025-01-16,2025-12-13,15.996666666666664,Web Development,Beginner,1.0,0.3333333333333333,11.033333333333333,0.2719033232628399,4.0,1.0,7.2719033232628405,0,Focused / Low-Activity Learners
U00419,1,1,0.78,0.78,3.89,1,2025-03-01,2025-03-01,44.96,Machine Learning,Advanced,1.0,1.0,1.0,1.0,2.0,1.0,4.0,0,Focused / Low-Activity Learners
U00420,1,1,327.99,327.99,1.51,1,2025-04-28,2025-04-28,12.13,Project Management,Beginner,0.0,0.0,1.0,1.0,1.0,1.0,3.0,0,Focused / Low-Activity Learners
U00421,1,1,0.0,0.0,4.45,1,2025-10-21,2025-10-21,15.29,Design,Advanced,1.0,1.0,1.0,1.0,2.0,1.0,4.0,0,Focused / Low-Activity Learners
U00422,3,3,285.05,95.01666666666667,2.8266666666666667,3,2025-01-21,2025-10-22,27.763333333333332,Finance,Beginner,1.0,0.3333333333333333,9.133333333333333,0.3284671532846716,4.0,1.0,7.328467153284672,0,Focused / Low-Activity Learners
U00423,12,12,1601.22,133.435,3.0866666666666664,6,2025-02-22,2025-12-01,22.548333333333332,Artificial Intelligence,Beginner,3.0,0.25,9.4,1.276595744680851,15.0,2.0,28.27659574468085,1,Advanced / Deep Learners
U00424,11,11,1213.72,110.33818181818182,3.1900000000000004,7,2025-03-18,2025-10-24,28.573636363636364,Design,Advanced,5.0,0.45454545454545453,7.333333333333333,1.5,16.0,1.5714285714285714,28.5,1,Advanced / Deep Learners
U00425,1,1,490.9,490.9,4.55,1,2025-08-21,2025-08-21,7.55,Artificial Intelligence,Beginner,0.0,0.0,1.0,1.0,1.0,1.0,3.0,0,Focused / Low-Activity Learners
U00426,4,4,472.28,118.07,3.6750000000000003,3,2025-07-07,2025-11-13,26.9175,Programming,Beginner,0.0,0.0,4.3,0.9302325581395349,4.0,1.3333333333333333,8.930232558139535,0,Focused / Low-Activity Learners
U00427,16,16,1374.23,85.889375,3.033125,9,2025-01-13,2025-12-26,20.153125,Artificial Intelligence,Beginner,5.0,0.3125,11.566666666666666,1.38328530259366,21.0,1.7777777777777777,38.38328530259366,1,Advanced / Deep Learners
U00428,1,1,0.0,0.0,2.98,1,2025-06-26,2025-06-26,18.0,Marketing,Advanced,1.0,1.0,1.0,1.0,2.0,1.0,4.0,0,Focused / Low-Activity Learners
U00429,1,1,0.0,0.0,4.1,1,2025-09-04,2025-09-04,34.83,Finance,Intermediate,0.0,0.0,1.0,1.0,1.0,1.0,3.0,0,Focused / Low-Activity Learners
U00430,1,1,487.92,487.92,3.64,1,2025-07-28,2025-07-28,36.01,Business,Advanced,1.0,1.0,1.0,1.0,2.0,1.0,4.0,0,Focused / Low-Activity Learners
U00431,1,1,487.92,487.92,3.64,1,2025-10-10,2025-10-10,36.01,Business,Advanced,1.0,1.0,1.0,1.0,2.0,1.0,4.0,0,Focused / Low-Activity Learners
U00432,1,1,0.0,0.0,4.79,1,2025-08-30,2025-08-30,29.37,Marketing,Advanced,1.0,1.0,1.0,1.0,2.0,1.0,4.0,0,Focused / Low-Activity Learners
U00433,1,1,276.37,276.37,2.72,1,2025-01-28,2025-01-28,48.84,Design,Advanced,1.0,1.0,1.0,1.0,2.0,1.0,4.0,0,Focused / Low-Activity Learners
U00434,1,1,177.34,177.34,3.89,1,2025-02-06,2025-02-06,49.73,Digital Marketing,Advanced,1.0,1.0,1.0,1.0,2.0,1.0,4.0,0,Focused / Low-Activity Learners
U00435,1,1,119.04,119.04,2.75,1,2025-06-20,2025-06-20,23.41,Finance,Intermediate,0.0,0.0,1.0,1.0,1.0,1.0,3.0,0,Focused / Low-Activity Learners
U00436,1,1,490.9,490.9,4.55,1,2025-04-21,2025-04-21,7.55,Artificial Intelligence,Beginner,0.0,0.0,1.0,1.0,1.0,1.0,3.0,0,Focused / Low-Activity Learners
U00437,3,3,0.0,0.0,3.6666666666666665,3,2025-02-05,2025-11-17,29.486666666666668,Web Development,Beginner,1.0,0.3333333333333333,9.5,0.3157894736842105,4.0,1.0,7.315789473684211,0,Focused / Low-Activity Learners
U00438,14,14,633.26,45.23285714285714,3.3907142857142856,10,2025-02-21,2025-11-25,27.400000000000002,Digital Marketing,Advanced,7.0,0.5,9.233333333333333,1.5162454873646212,21.0,1.4,36.51624548736462,1,Advanced / Deep Learners
U00439,1,1,0.0,0.0,1.52,1,2025-12-05,2025-12-05,2.87,Design,Advanced,1.0,1.0,1.0,1.0,2.0,1.0,4.0,0,Focused / Low-Activity Learners
U00440,1,1,0.0,0.0,2.67,1,2025-12-17,2025-12-17,40.07,Web Development,Advanced,1.0,1.0,1.0,1.0,2.0,1.0,4.0,0,Focused / Low-Activity Learners
U00441,1,1,37.89,37.89,1.3,1,2025-03-16,2025-03-16,24.11,Web Development,Advanced,1.0,1.0,1.0,1.0,2.0,1.0,4.0,0,Focused / Low-Activity Learners
U00442,1,1,285.05,285.05,1.96,1,2025-11-15,2025-11-15,34.78,Business,Beginner,0.0,0.0,1.0,1.0,1.0,1.0,3.0,0,Focused / Low-Activity Learners
U00443,2,2,978.8199999999999,489.40999999999997,4.095,2,2025-11-10,2025-12-15,21.779999999999998,Business,Advanced,1.0,0.5,1.1666666666666667,1.7142857142857142,3.0,1.0,6.714285714285714,0,Focused / Low-Activity Learners
U00444,13,13,1568.18,120.62923076923077,3.7700000000000005,10,2025-03-08,2025-12-29,23.583076923076923,Data Science,Advanced,7.0,0.5384615384615384,9.866666666666667,1.3175675675675675,20.0,1.3,34.317567567567565,1,Advanced / Deep Learners
U00445,1,1,285.05,285.05,1.96,1,2025-06-05,2025-06-05,34.78,Business,Beginner,0.0,0.0,1.0,1.0,1.0,1.0,3.0,0,Focused / Low-Activity Learners
U00446,2,2,53.86,26.93,2.895,2,2025-06-23,2025-11-01,47.825,Finance,Beginner,0.0,0.0,4.366666666666666,0.45801526717557256,2.0,1.0,4.458015267175572,0,Focused / Low-Activity Learners
U00447,1,1,0.0,0.0,3.02,1,2025-10-02,2025-10-02,9.71,Data Science,Intermediate,0.0,0.0,1.0,1.0,1.0,1.0,3.0,0,Focused / Low-Activity Learners
U00448,3,3,0.0,0.0,3.8366666666666673,2,2025-03-01,2025-09-18,25.02,Cybersecurity,Intermediate,0.0,0.0,6.7,0.44776119402985076,3.0,1.5,6.447761194029851,0,Focused / Low-Activity Learners
U00449,14,14,1328.04,94.86,2.9135714285714287,10,2025-02-15,2025-12-19,29.665714285714284,Project Management,Beginner,5.0,0.35714285714285715,10.233333333333333,1.3680781758957656,19.0,1.4,34.36807817589577,1,Advanced / Deep Learners
U00450,12,12,1262.44,105.20333333333333,3.125,7,2025-01-30,2025-12-25,27.971666666666668,Business,Advanced,6.0,0.5,10.966666666666667,1.094224924012158,18.0,1.7142857142857142,31.09422492401216,1,Advanced / Deep Learners
U00451,1,1,248.1,248.1,1.2,1,2025-03-17,2025-03-17,9.4,Artificial Intelligence,Beginner,0.0,0.0,1.0,1.0,1.0,1.0,3.0,0,Focused / Low-Activity Learners
U00452,3,3,57.32,19.106666666666666,3.706666666666667,3,2025-05-17,2025-10-27,26.560000000000002,Web Development,Advanced,3.0,1.0,5.433333333333334,0.5521472392638036,6.0,1.0,9.552147239263803,0,Focused / Low-Activity Learners
U00453,1,1,490.9,490.9,4.55,1,2025-01-14,2025-01-14,7.55,Artificial Intelligence,Beginner,0.0,0.0,1.0,1.0,1.0,1.0,3.0,0,Focused / Low-Activity Learners
U00454,4,4,758.12,189.53,3.4774999999999996,3,2025-02-25,2025-12-15,22.475,Project Management,Beginner,0.0,0.0,9.766666666666667,0.40955631399317405,4.0,1.3333333333333333,8.409556313993175,0,Focused / Low-Activity Learners
U00455,3,3,0.0,0.0,3.24,3,2025-05-24,2025-12-02,37.68,Programming,Beginner,0.0,0.0,6.4,0.46875,3.0,1.0,6.46875,0,Focused / Low-Activity Learners
U00456,2,2,0.0,0.0,2.58,2,2025-08-17,2025-12-24,9.33,Digital Marketing,Beginner,0.0,0.0,4.3,0.46511627906976744,2.0,1.0,4.465116279069767,0,Focused / Low-Activity Learners
U00457,2,2,37.89,18.945,3.045,2,2025-01-21,2025-12-12,26.740000000000002,Web Development,Advanced,2.0,1.0,10.833333333333334,0.1846153846153846,4.0,1.0,6.184615384615384,0,Focused / Low-Activity Learners
U00458,4,4,207.27,51.8175,3.0324999999999998,4,2025-03-04,2025-06-16,25.657500000000002,Programming,Advanced,2.0,0.5,3.466666666666667,1.1538461538461537,6.0,1.0,11.153846153846153,0,Focused / Low-Activity Learners
U00459,1,1,0.0,0.0,3.45,1,2025-10-14,2025-10-14,33.93,Project Management,Intermediate,0.0,0.0,1.0,1.0,1.0,1.0,3.0,0,Focused / Low-Activity Learners
U00460,2,2,415.51,207.755,3.38,2,2025-02-26,2025-12-16,30.485,Data Science,Beginner,0.0,0.0,9.766666666666667,0.20477815699658702,2.0,1.0,4.204778156996587,0,Focused / Low-Activity Learners
U00461,2,2,490.9,245.45,4.640000000000001,2,2025-06-15,2025-07-23,27.625,Machine Learning,Beginner,0.0,0.0,1.2666666666666666,1.5789473684210527,2.0,1.0,5.578947368421053,0,Focused / Low-Activity Learners
U00462,2,2,326.02,163.01,3.74,2,2025-01-02,2025-11-15,20.34,Business,Advanced,1.0,0.5,10.566666666666666,0.18927444794952683,3.0,1.0,5.189274447949527,0,Focused / Low-Activity Learners
U00463,1,1,0.0,0.0,3.45,1,2025-06-27,2025-06-27,33.93,Project Management,Intermediate,0.0,0.0,1.0,1.0,1.0,1.0,3.0,0,Focused / Low-Activity Learners
U00464,12,12,1024.06,85.33833333333332,2.8266666666666667,7,2025-01-03,2025-12-11,35.07083333333333,Design,Beginner,3.0,0.25,11.4,1.0526315789473684,15.0,1.7142857142857142,28.05263157894737,1,Advanced / Deep Learners
U00465,1,1,0.78,0.78,3.89,1,2025-01-10,2025-01-10,44.96,Machine Learning,Advanced,1.0,1.0,1.0,1.0,2.0,1.0,4.0,0,Focused / Low-Activity Learners
U00466,2,2,212.39,106.195,3.9349999999999996,2,2025-08-25,2025-12-09,32.785,Marketing,Advanced,1.0,0.5,3.533333333333333,0.5660377358490566,3.0,1.0,5.566037735849056,0,Focused / Low-Activity Learners
U00467,1,1,0.0,0.0,2.38,1,2025-07-30,2025-07-30,16.74,Cybersecurity,Advanced,1.0,1.0,1.0,1.0,2.0,1.0,4.0,0,Focused / Low-Activity Learners
U00468,1,1,0.0,0.0,4.94,1,2025-01-27,2025-01-27,42.59,Cybersecurity,Beginner,0.0,0.0,1.0,1.0,1.0,1.0,3.0,0,Focused / Low-Activity Learners
U00469,2,2,0.0,0.0,1.9,2,2025-08-24,2025-10-27,28.2,Web Development,Beginner,1.0,0.5,2.1333333333333333,0.9375,3.0,1.0,5.9375,0,Focused / Low-Activity Learners
U00470,1,1,89.59,89.59,2.68,1,2025-11-22,2025-11-22,1.55,Artificial Intelligence,Intermediate,0.0,0.0,1.0,1.0,1.0,1.0,3.0,0,Focused / Low-Activity Learners
U00471,1,1,0.0,0.0,4.44,1,2025-02-26,2025-02-26,1.46,Digital Marketing,Beginner,0.0,0.0,1.0,1.0,1.0,1.0,3.0,0,Focused / Low-Activity Learners
U00472,1,1,0.0,0.0,4.68,1,2025-10-02,2025-10-02,15.75,Project Management,Beginner,0.0,0.0,1.0,1.0,1.0,1.0,3.0,0,Focused / Low-Activity Learners
U00473,3,3,342.61,114.20333333333333,3.0966666666666662,3,2025-01-03,2025-09-23,27.346666666666664,Web Development,Beginner,0.0,0.0,8.766666666666667,0.34220532319391633,3.0,1.0,6.342205323193916,0,Focused / Low-Activity Learners
U00474,1,1,57.32,57.32,4.74,1,2025-10-07,2025-10-07,43.95,Web Development,Advanced,1.0,1.0,1.0,1.0,2.0,1.0,4.0,0,Focused / Low-Activity Learners
U00475,3,3,604.36,201.45333333333335,2.4166666666666665,3,2025-05-23,2025-11-16,23.560000000000002,Project Management,Advanced,1.0,0.3333333333333333,5.9,0.5084745762711864,4.0,1.0,7.508474576271187,0,Focused / Low-Activity Learners
U00476,2,2,276.37,138.185,2.1550000000000002,2,2025-04-21,2025-10-25,27.6,Finance,Advanced,2.0,1.0,6.233333333333333,0.32085561497326204,4.0,1.0,6.3208556149732615,0,Focused / Low-Activity Learners
U00477,1,1,37.89,37.89,1.3,1,2025-01-08,2025-01-08,24.11,Web Development,Advanced,1.0,1.0,1.0,1.0,2.0,1.0,4.0,0,Focused / Low-Activity Learners
U00478,2,2,57.32,28.66,3.2350000000000003,2,2025-06-18,2025-08-14,41.22,Web Development,Advanced,1.0,0.5,1.9,1.0526315789473684,3.0,1.0,6.052631578947368,0,Focused / Low-Activity Learners
U00479,2,2,0.0,0.0,2.8499999999999996,2,2025-04-13,2025-10-05,32.655,Cybersecurity,Advanced,1.0,0.5,5.833333333333333,0.34285714285714286,3.0,1.0,5.342857142857143,0,Focused / Low-Activity Learners
U00480,1,1,0.0,0.0,4.66,1,2025-10-14,2025-10-14,5.95,Digital Marketing,Intermediate,0.0,0.0,1.0,1.0,1.0,1.0,3.0,0,Focused / Low-Activity Learners
U00481,1,1,326.02,326.02,2.69,1,2025-12-07,2025-12-07,11.31,Business,Intermediate,0.0,0.0,1.0,1.0,1.0,1.0,3.0,0,Focused / Low-Activity Learners
U00482,1,1,0.0,0.0,4.66,1,2025-07-26,2025-07-26,5.95,Digital Marketing,Intermediate,0.0,0.0,1.0,1.0,1.0,1.0,3.0,0,Focused / Low-Activity Learners
U00483,1,1,487.92,487.92,3.64,1,2025-06-23,2025-06-23,36.01,Business,Advanced,1.0,1.0,1.0,1.0,2.0,1.0,4.0,0,Focused / Low-Activity Learners
U00484,2,2,0.0,0.0,2.725,2,2025-04-28,2025-06-21,23.705000000000002,Programming,Intermediate,0.0,0.0,1.8,1.1111111111111112,2.0,1.0,5.111111111111111,0,Focused / Low-Activity Learners
U00485,1,1,0.0,0.0,4.68,1,2025-10-05,2025-10-05,15.75,Project Management,Beginner,0.0,0.0,1.0,1.0,1.0,1.0,3.0,0,Focused / Low-Activity Learners
U00486,2,2,0.0,0.0,4.09,2,2025-02-13,2025-09-14,40.815,Project Management,Intermediate,0.0,0.0,7.1,0.28169014084507044,2.0,1.0,4.28169014084507,0,Focused / Low-Activity Learners
U00487,2,2,0.0,0.0,3.335,1,2025-05-01,2025-05-13,21.175,Data Science,Beginner,0.0,0.0,1.0,2.0,2.0,2.0,6.0,0,Focused / Low-Activity Learners
U00488,2,2,119.04,59.52,2.6799999999999997,2,2025-06-01,2025-11-16,36.045,Finance,Advanced,1.0,0.5,5.6,0.35714285714285715,3.0,1.0,5.357142857142858,0,Focused / Low-Activity Learners
U00489,3,3,448.12,149.37333333333333,1.6500000000000001,3,2025-02-27,2025-10-29,36.949999999999996,Cybersecurity,Beginner,0.0,0.0,8.133333333333333,0.36885245901639346,3.0,1.0,6.368852459016393,0,Focused / Low-Activity Learners
U00490,1,1,0.0,0.0,3.15,1,2025-08-17,2025-08-17,22.29,Business,Advanced,1.0,1.0,1.0,1.0,2.0,1.0,4.0,0,Focused / Low-Activity Learners
U00491,1,1,394.26,394.26,1.35,1,2025-08-09,2025-08-09,47.44,Cybersecurity,Intermediate,0.0,0.0,1.0,1.0,1.0,1.0,3.0,0,Focused / Low-Activity Learners
U00492,1,1,177.34,177.34,3.89,1,2025-02-17,2025-02-17,49.73,Digital Marketing,Advanced,1.0,1.0,1.0,1.0,2.0,1.0,4.0,0,Focused / Low-Activity Learners
U00493,1,1,0.0,0.0,3.45,1,2025-01-17,2025-01-17,33.93,Project Management,Intermediate,0.0,0.0,1.0,1.0,1.0,1.0,3.0,0,Focused / Low-Activity Learners
U00494,13,13,1007.0,77.46153846153847,3.180769230769231,10,2025-01-02,2025-12-25,26.793846153846154,Marketing,Advanced,6.0,0.46153846153846156,11.9,1.0924369747899159,19.0,1.3,33.09243697478992,1,Advanced / Deep Learners
U00495,2,2,285.05,142.525,3.235,2,2025-04-19,2025-12-25,41.485,Business,Beginner,0.0,0.0,8.333333333333334,0.24,2.0,1.0,4.24,0,Focused / Low-Activity Learners
U00496,1,1,0.0,0.0,2.38,1,2025-12-18,2025-12-18,16.74,Cybersecurity,Advanced,1.0,1.0,1.0,1.0,2.0,1.0,4.0,0,Focused / Low-Activity Learners
U00497,3,3,0.0,0.0,3.0533333333333332,2,2025-06-06,2025-12-11,44.01,Web Development,Beginner,0.0,0.0,6.266666666666667,0.4787234042553192,3.0,1.5,6.4787234042553195,0,Focused / Low-Activity Learners
U00498,3,3,0.0,0.0,4.073333333333333,3,2025-03-21,2025-09-19,28.709999999999997,Project Management,Intermediate,0.0,0.0,6.066666666666666,0.4945054945054945,3.0,1.0,6.4945054945054945,0,Focused / Low-Activity Learners
U00499,1,1,415.51,415.51,3.11,1,2025-04-01,2025-04-01,28.33,Artificial Intelligence,Intermediate,0.0,0.0,1.0,1.0,1.0,1.0,3.0,0,Focused / Low-Activity Learners
U00500,2,2,590.71,295.355,3.02,2,2025-06-30,2025-12-20,13.27,Project Management,Beginner,0.0,0.0,5.766666666666667,0.3468208092485549,2.0,1.0,4.346820809248555,0,Focused / Low-Activity Learners
U00501,1,1,0.0,0.0,3.93,1,2025-06-03,2025-06-03,48.25,Cybersecurity,Intermediate,0.0,0.0,1.0,1.0,1.0,1.0,3.0,0,Focused / Low-Activity Learners
U00502,2,2,0.78,0.39,3.87,2,2025-04-02,2025-04-23,32.245000000000005,Programming,Advanced,1.0,0.5,1.0,2.0,3.0,1.0,7.0,0,Focused / Low-Activity Learners
U00503,2,2,0.0,0.0,4.475,2,2025-11-21,2025-12-13,24.825,Digital Marketing,Beginner,0.0,0.0,1.0,2.0,2.0,1.0,6.0,0,Focused / Low-Activity Learners
U00504,2,2,0.0,0.0,3.625,2,2025-03-04,2025-07-24,48.41,Web Development,Beginner,0.0,0.0,4.733333333333333,0.4225352112676056,2.0,1.0,4.422535211267606,0,Focused / Low-Activity Learners
U00505,1,1,0.0,0.0,4.1,1,2025-09-11,2025-09-11,34.83,Finance,Intermediate,0.0,0.0,1.0,1.0,1.0,1.0,3.0,0,Focused / Low-Activity Learners
U00506,1,1,0.0,0.0,3.6,1,2025-02-25,2025-02-25,1.2,Data Science,Intermediate,0.0,0.0,1.0,1.0,1.0,1.0,3.0,0,Focused / Low-Activity Learners
U00507,2,2,177.34,88.67,3.455,2,2025-04-28,2025-07-06,29.72,Digital Marketing,Intermediate,1.0,0.5,2.3,0.8695652173913044,3.0,1.0,5.869565217391305,0,Focused / Low-Activity Learners
U00508,1,1,0.0,0.0,4.44,1,2025-03-26,2025-03-26,1.46,Digital Marketing,Beginner,0.0,0.0,1.0,1.0,1.0,1.0,3.0,0,Focused / Low-Activity Learners
U00509,1,1,0.0,0.0,4.14,1,2025-05-10,2025-05-10,31.77,Finance,Beginner,0.0,0.0,1.0,1.0,1.0,1.0,3.0,0,Focused / Low-Activity Learners
U00510,1,1,0.0,0.0,2.0,1,2025-04-23,2025-04-23,15.84,Business,Advanced,1.0,1.0,1.0,1.0,2.0,1.0,4.0,0,Focused / Low-Activity Learners
U00511,1,1,0.0,0.0,2.98,1,2025-05-08,2025-05-08,18.0,Marketing,Advanced,1.0,1.0,1.0,1.0,2.0,1.0,4.0,0,Focused / Low-Activity Learners
U00512,2,2,326.02,163.01,2.14,2,2025-07-15,2025-10-03,8.835,Business,Advanced,1.0,0.5,2.6666666666666665,0.75,3.0,1.0,5.75,0,Focused / Low-Activity Learners
U00513,1,1,0.0,0.0,4.44,1,2025-06-01,2025-06-01,1.46,Digital Marketing,Beginner,0.0,0.0,1.0,1.0,1.0,1.0,3.0,0,Focused / Low-Activity Learners
U00514,3,3,589.96,196.65333333333334,3.3966666666666665,2,2025-04-10,2025-11-15,34.74,Programming,Beginner,1.0,0.3333333333333333,7.3,0.4109589041095891,4.0,1.5,7.410958904109589,0,Focused / Low-Activity Learners
U00515,2,2,0.0,0.0,3.085,2,2025-08-09,2025-11-23,16.0,Data Science,Advanced,1.0,0.5,3.533333333333333,0.5660377358490566,3.0,1.0,5.566037735849056,0,Focused / Low-Activity Learners
U00516,1,1,177.34,177.34,3.89,1,2025-05-23,2025-05-23,49.73,Digital Marketing,Advanced,1.0,1.0,1.0,1.0,2.0,1.0,4.0,0,Focused / Low-Activity Learners
U00517,1,1,0.0,0.0,3.6,1,2025-04-17,2025-04-17,1.2,Data Science,Intermediate,0.0,0.0,1.0,1.0,1.0,1.0,3.0,0,Focused / Low-Activity Learners
U00518,1,1,415.51,415.51,3.11,1,2025-11-21,2025-11-21,28.33,Artificial Intelligence,Intermediate,0.0,0.0,1.0,1.0,1.0,1.0,3.0,0,Focused / Low-Activity Learners
U00519,1,1,0.0,0.0,3.6,1,2025-08-20,2025-08-20,1.2,Data Science,Intermediate,0.0,0.0,1.0,1.0,1.0,1.0,3.0,0,Focused / Low-Activity Learners
U00520,1,1,0.0,0.0,3.6,1,2025-11-11,2025-11-11,1.2,Data Science,Intermediate,0.0,0.0,1.0,1.0,1.0,1.0,3.0,0,Focused / Low-Activity Learners
U00521,1,1,0.0,0.0,1.81,1,2025-05-01,2025-05-01,9.3,Machine Learning,Advanced,1.0,1.0,1.0,1.0,2.0,1.0,4.0,0,Focused / Low-Activity Learners
U00522,1,1,0.0,0.0,4.68,1,2025-01-23,2025-01-23,15.75,Project Management,Beginner,0.0,0.0,1.0,1.0,1.0,1.0,3.0,0,Focused / Low-Activity Learners
U00523,1,1,342.61,342.61,4.84,1,2025-09-16,2025-09-16,17.14,Project Management,Intermediate,0.0,0.0,1.0,1.0,1.0,1.0,3.0,0,Focused / Low-Activity Learners
U00524,2,2,119.04,59.52,3.445,1,2025-06-25,2025-12-03,27.59,Finance,Beginner,0.0,0.0,5.366666666666666,0.3726708074534162,2.0,2.0,4.372670807453416,0,Focused / Low-Activity Learners
U00525,1,1,0.0,0.0,4.66,1,2025-08-07,2025-08-07,5.95,Digital Marketing,Intermediate,0.0,0.0,1.0,1.0,1.0,1.0,3.0,0,Focused / Low-Activity Learners
U00526,1,1,0.0,0.0,3.64,1,2025-10-02,2025-10-02,42.7,Artificial Intelligence,Beginner,0.0,0.0,1.0,1.0,1.0,1.0,3.0,0,Focused / Low-Activity Learners
U00527,2,2,0.0,0.0,3.8200000000000003,2,2025-06-24,2025-12-04,11.975,Marketing,Advanced,1.0,0.5,5.433333333333334,0.36809815950920244,3.0,1.0,5.368098159509202,0,Focused / Low-Activity Learners
U00528,1,1,0.0,0.0,1.28,1,2025-07-24,2025-07-24,28.68,Programming,Beginner,0.0,0.0,1.0,1.0,1.0,1.0,3.0,0,Focused / Low-Activity Learners
U00529,2,2,0.0,0.0,2.105,2,2025-09-01,2025-12-22,28.099999999999998,Web Development,Advanced,1.0,0.5,3.7333333333333334,0.5357142857142857,3.0,1.0,5.535714285714286,0,Focused / Low-Activity Learners
U00530,1,1,53.86,53.86,2.47,1,2025-07-14,2025-07-14,47.08,Finance,Beginner,0.0,0.0,1.0,1.0,1.0,1.0,3.0,0,Focused / Low-Activity Learners
U00531,2,2,394.26,197.13,2.8950000000000005,2,2025-04-04,2025-10-08,24.45,Digital Marketing,Beginner,0.0,0.0,6.233333333333333,0.32085561497326204,2.0,1.0,4.3208556149732615,0,Focused / Low-Activity Learners
U00532,1,1,472.28,472.28,4.74,1,2025-02-11,2025-02-11,11.0,Programming,Beginner,0.0,0.0,1.0,1.0,1.0,1.0,3.0,0,Focused / Low-Activity Learners
U00533,2,2,0.0,0.0,3.665,2,2025-06-26,2025-10-25,45.68,Design,Advanced,1.0,0.5,4.033333333333333,0.49586776859504134,3.0,1.0,5.4958677685950414,0,Focused / Low-Activity Learners
U00534,4,4,177.34,44.335,2.83,4,2025-02-08,2025-12-11,33.1575,Digital Marketing,Beginner,2.0,0.5,10.2,0.3921568627450981,6.0,1.0,10.392156862745098,0,Focused / Low-Activity Learners
U00535,2,2,415.51,207.755,3.52,2,2025-06-18,2025-07-06,38.29,Cybersecurity,Intermediate,0.0,0.0,1.0,2.0,2.0,1.0,6.0,0,Focused / Low-Activity Learners
U00536,1,1,0.0,0.0,3.45,1,2025-01-02,2025-01-02,33.93,Project Management,Intermediate,0.0,0.0,1.0,1.0,1.0,1.0,3.0,0,Focused / Low-Activity Learners
U00537,2,2,346.71,173.355,3.01,2,2025-05-21,2025-11-29,16.395,Project Management,Advanced,2.0,1.0,6.4,0.3125,4.0,1.0,6.3125,0,Focused / Low-Activity Learners
U00538,1,1,0.0,0.0,3.15,1,2025-04-08,2025-04-08,22.29,Business,Advanced,1.0,1.0,1.0,1.0,2.0,1.0,4.0,0,Focused / Low-Activity Learners
U00539,1,1,299.57,299.57,3.74,1,2025-04-20,2025-04-20,48.32,Data Science,Beginner,0.0,0.0,1.0,1.0,1.0,1.0,3.0,0,Focused / Low-Activity Learners
U00540,1,1,53.86,53.86,2.47,1,2025-11-22,2025-11-22,47.08,Finance,Beginner,0.0,0.0,1.0,1.0,1.0,1.0,3.0,0,Focused / Low-Activity Learners
U00541,3,3,330.07,110.02333333333333,3.39,3,2025-04-12,2025-09-07,28.75666666666667,Data Science,Advanced,3.0,1.0,4.933333333333334,0.6081081081081081,6.0,1.0,9.608108108108109,0,Focused / Low-Activity Learners
U00542,1,1,0.0,0.0,3.15,1,2025-09-24,2025-09-24,22.29,Business,Advanced,1.0,1.0,1.0,1.0,2.0,1.0,4.0,0,Focused / Low-Activity Learners
U00543,13,13,1371.22,105.47846153846154,2.9076923076923076,10,2025-01-27,2025-12-07,21.06692307692308,Project Management,Intermediate,2.0,0.15384615384615385,10.466666666666667,1.2420382165605095,14.999999999999998,1.3,29.24203821656051,1,Advanced / Deep Learners
U00544,1,1,0.0,0.0,3.85,1,2025-10-09,2025-10-09,19.53,Programming,Beginner,0.0,0.0,1.0,1.0,1.0,1.0,3.0,0,Focused / Low-Activity Learners
U00545,1,1,0.0,0.0,3.64,1,2025-08-17,2025-08-17,42.7,Artificial Intelligence,Beginner,0.0,0.0,1.0,1.0,1.0,1.0,3.0,0,Focused / Low-Activity Learners
U00546,1,1,0.0,0.0,4.1,1,2025-07-03,2025-07-03,34.83,Finance,Intermediate,0.0,0.0,1.0,1.0,1.0,1.0,3.0,0,Focused / Low-Activity Learners
U00547,1,1,177.34,177.34,3.89,1,2025-08-23,2025-08-23,49.73,Digital Marketing,Advanced,1.0,1.0,1.0,1.0,2.0,1.0,4.0,0,Focused / Low-Activity Learners
U00548,14,14,1922.05,137.2892857142857,2.8528571428571428,9,2025-02-27,2025-12-04,20.524285714285718,Business,Advanced,6.0,0.42857142857142855,9.333333333333334,1.5,20.0,1.5555555555555556,35.5,1,Advanced / Deep Learners
U00549,1,1,53.86,53.86,2.47,1,2025-05-13,2025-05-13,47.08,Finance,Beginner,0.0,0.0,1.0,1.0,1.0,1.0,3.0,0,Focused / Low-Activity Learners
U00550,2,2,0.0,0.0,2.6399999999999997,2,2025-03-05,2025-04-08,44.375,Web Development,Advanced,2.0,1.0,1.1333333333333333,1.7647058823529411,4.0,1.0,7.764705882352941,0,Focused / Low-Activity Learners
U00551,4,4,234.66,58.665,4.105,4,2025-08-16,2025-10-19,39.5225,Finance,Beginner,2.0,0.5,2.1333333333333333,1.875,6.0,1.0,11.875,0,Focused / Low-Activity Learners
U00552,2,2,0.0,0.0,2.005,2,2025-04-13,2025-12-10,30.73,Programming,Beginner,0.0,0.0,8.033333333333333,0.24896265560165975,2.0,1.0,4.24896265560166,0,Focused / Low-Activity Learners
U00553,2,2,0.0,0.0,3.225,2,2025-09-10,2025-10-14,15.565,Design,Advanced,2.0,1.0,1.1333333333333333,1.7647058823529411,4.0,1.0,7.764705882352941,0,Focused / Low-Activity Learners
U00554,1,1,285.05,285.05,1.96,1,2025-07-16,2025-07-16,34.78,Business,Beginner,0.0,0.0,1.0,1.0,1.0,1.0,3.0,0,Focused / Low-Activity Learners
U00555,1,1,415.51,415.51,3.11,1,2025-12-30,2025-12-30,28.33,Artificial Intelligence,Intermediate,0.0,0.0,1.0,1.0,1.0,1.0,3.0,0,Focused / Low-Activity Learners
U00556,14,14,1315.72,93.98,3.281428571428571,9,2025-01-01,2025-12-23,28.607142857142858,Design,Beginner,6.0,0.42857142857142855,11.866666666666667,1.1797752808988764,20.0,1.5555555555555556,35.17977528089888,1,Advanced / Deep Learners
U00557,2,2,0.78,0.39,4.34,2,2025-02-22,2025-04-20,37.165,Machine Learning,Advanced,2.0,1.0,1.9,1.0526315789473684,4.0,1.0,7.052631578947368,0,Focused / Low-Activity Learners
U00558,1,1,0.0,0.0,4.14,1,2025-09-24,2025-09-24,31.77,Finance,Beginner,0.0,0.0,1.0,1.0,1.0,1.0,3.0,0,Focused / Low-Activity Learners
U00559,11,11,719.21,65.38272727272728,2.5172727272727276,9,2025-03-07,2025-12-17,29.928181818181816,Data Science,Beginner,4.0,0.36363636363636365,9.5,1.1578947368421053,15.000000000000002,1.2222222222222223,27.15789473684211,1,Advanced / Deep Learners
U00560,2,2,790.47,395.235,4.145,2,2025-01-29,2025-02-06,27.935,Data Science,Beginner,0.0,0.0,1.0,2.0,2.0,1.0,6.0,0,Focused / Low-Activity Learners
U00561,1,1,0.0,0.0,4.68,1,2025-11-13,2025-11-13,15.75,Project Management,Beginner,0.0,0.0,1.0,1.0,1.0,1.0,3.0,0,Focused / Low-Activity Learners
U00562,15,15,1598.45,106.56333333333333,2.4859999999999998,10,2025-02-18,2025-12-29,22.936,Finance,Advanced,7.0,0.4666666666666667,10.466666666666667,1.4331210191082802,22.0,1.5,38.433121019108285,1,Advanced / Deep Learners
U00563,2,2,0.0,0.0,3.22,2,2025-05-04,2025-08-10,8.65,Digital Marketing,Advanced,1.0,0.5,3.2666666666666666,0.6122448979591837,3.0,1.0,5.612244897959184,0,Focused / Low-Activity Learners
U00564,1,1,53.86,53.86,2.47,1,2025-10-18,2025-10-18,47.08,Finance,Beginner,0.0,0.0,1.0,1.0,1.0,1.0,3.0,0,Focused / Low-Activity Learners
U00565,2,2,248.1,124.05,1.67,2,2025-01-18,2025-08-07,9.175,Digital Marketing,Beginner,0.0,0.0,6.7,0.29850746268656714,2.0,1.0,4.298507462686567,0,Focused / Low-Activity Learners
U00566,2,2,0.78,0.39,4.275,2,2025-05-28,2025-12-16,25.455000000000002,Machine Learning,Advanced,1.0,0.5,6.733333333333333,0.297029702970297,3.0,1.0,5.297029702970297,0,Focused / Low-Activity Learners
U00567,1,1,285.05,285.05,1.96,1,2025-03-20,2025-03-20,34.78,Business,Beginner,0.0,0.0,1.0,1.0,1.0,1.0,3.0,0,Focused / Low-Activity Learners
U00568,1,1,0.0,0.0,3.15,1,2025-09-13,2025-09-13,22.29,Business,Advanced,1.0,1.0,1.0,1.0,2.0,1.0,4.0,0,Focused / Low-Activity Learners
U00569,14,14,1063.45,75.96071428571429,3.0749999999999997,7,2025-02-05,2025-12-19,22.22142857142857,Project Management,Advanced,7.0,0.5,10.566666666666666,1.3249211356466877,21.0,2.0,36.32492113564669,1,Advanced / Deep Learners
U00570,14,14,777.67,55.54785714285714,3.4992857142857146,9,2025-01-11,2025-12-27,26.87,Artificial Intelligence,Beginner,4.0,0.2857142857142857,11.666666666666666,1.2,18.0,1.5555555555555556,33.2,1,Advanced / Deep Learners
U00571,2,2,0.0,0.0,4.324999999999999,2,2025-01-29,2025-02-24,39.98,Finance,Beginner,0.0,0.0,1.0,2.0,2.0,1.0,6.0,0,Focused / Low-Activity Learners
U00572,13,13,567.28,43.636923076923075,3.1284615384615386,9,2025-01-17,2025-12-26,32.35,Cybersecurity,Advanced,5.0,0.38461538461538464,11.433333333333334,1.1370262390670554,18.0,1.4444444444444444,32.137026239067055,1,Advanced / Deep Learners
U00573,11,11,1047.29,95.20818181818181,3.0790909090909087,8,2025-01-01,2025-11-01,27.20090909090909,Machine Learning,Intermediate,3.0,0.2727272727272727,10.133333333333333,1.0855263157894737,14.0,1.375,26.085526315789473,1,Advanced / Deep Learners
U00574,14,14,779.6099999999999,55.686428571428564,2.6185714285714288,9,2025-01-10,2025-12-01,19.851428571428574,Artificial Intelligence,Advanced,7.0,0.5,10.833333333333334,1.2923076923076922,21.0,1.5555555555555556,36.29230769230769,1,Advanced / Deep Learners
U00575,1,1,0.0,0.0,4.1,1,2025-08-21,2025-08-21,34.83,Finance,Intermediate,0.0,0.0,1.0,1.0,1.0,1.0,3.0,0,Focused / Low-Activity Learners
U00576,13,13,1001.74,77.05692307692308,3.3969230769230774,9,2025-02-10,2025-12-18,24.32384615384615,Digital Marketing,Advanced,6.0,0.46153846153846156,10.366666666666667,1.2540192926045015,19.0,1.4444444444444444,33.254019292604504,1,Advanced / Deep Learners
U00577,1,1,342.61,342.61,4.84,1,2025-04-03,2025-04-03,17.14,Project Management,Intermediate,0.0,0.0,1.0,1.0,1.0,1.0,3.0,0,Focused / Low-Activity Learners
U00578,1,1,0.0,0.0,4.66,1,2025-01-11,2025-01-11,5.95,Digital Marketing,Intermediate,0.0,0.0,1.0,1.0,1.0,1.0,3.0,0,Focused / Low-Activity Learners
U00579,1,1,0.0,0.0,3.85,1,2025-10-10,2025-10-10,19.53,Programming,Beginner,0.0,0.0,1.0,1.0,1.0,1.0,3.0,0,Focused / Low-Activity Learners
U00580,3,3,0.0,0.0,2.75,3,2025-02-18,2025-10-01,33.016666666666666,Web Development,Beginner,0.0,0.0,7.5,0.4,3.0,1.0,6.4,0,Focused / Low-Activity Learners
U00581,2,2,89.59,44.795,2.675,2,2025-06-30,2025-11-14,20.81,Web Development,Advanced,1.0,0.5,4.566666666666666,0.43795620437956206,3.0,1.0,5.437956204379562,0,Focused / Low-Activity Learners
U00582,1,1,0.0,0.0,2.88,1,2025-09-27,2025-09-27,45.13,Programming,Beginner,0.0,0.0,1.0,1.0,1.0,1.0,3.0,0,Focused / Low-Activity Learners
U00583,1,1,0.0,0.0,2.38,1,2025-03-01,2025-03-01,16.74,Cybersecurity,Advanced,1.0,1.0,1.0,1.0,2.0,1.0,4.0,0,Focused / Low-Activity Learners
U00584,14,14,2559.85,182.84642857142856,2.7164285714285716,8,2025-01-16,2025-12-26,29.535,Finance,Intermediate,5.0,0.35714285714285715,11.466666666666667,1.2209302325581395,19.0,1.75,34.22093023255814,1,Advanced / Deep Learners
U00585,2,2,0.0,0.0,2.2249999999999996,2,2025-08-07,2025-12-01,32.45,Web Development,Beginner,0.0,0.0,3.8666666666666667,0.5172413793103449,2.0,1.0,4.517241379310345,0,Focused / Low-Activity Learners
U00586,1,1,299.57,299.57,3.74,1,2025-09-20,2025-09-20,48.32,Data Science,Beginner,0.0,0.0,1.0,1.0,1.0,1.0,3.0,0,Focused / Low-Activity Learners
U00587,2,2,346.71,173.355,2.54,2,2025-01-28,2025-09-17,11.475000000000001,Project Management,Beginner,1.0,0.5,7.733333333333333,0.25862068965517243,3.0,1.0,5.258620689655173,0,Focused / Low-Activity Learners
U00588,1,1,57.32,57.32,4.74,1,2025-05-12,2025-05-12,43.95,Web Development,Advanced,1.0,1.0,1.0,1.0,2.0,1.0,4.0,0,Focused / Low-Activity Learners
U00589,1,1,0.0,0.0,1.52,1,2025-04-11,2025-04-11,2.87,Design,Advanced,1.0,1.0,1.0,1.0,2.0,1.0,4.0,0,Focused / Low-Activity Learners
U00590,1,1,0.0,0.0,3.15,1,2025-11-30,2025-11-30,22.29,Business,Advanced,1.0,1.0,1.0,1.0,2.0,1.0,4.0,0,Focused / Low-Activity Learners
U00591,2,2,0.0,0.0,2.87,2,2025-02-11,2025-08-07,5.074999999999999,Digital Marketing,Beginner,0.0,0.0,5.9,0.3389830508474576,2.0,1.0,4.338983050847458,0,Focused / Low-Activity Learners
U00592,14,14,963.18,68.79857142857142,3.4057142857142857,8,2025-01-20,2025-11-07,27.106428571428573,Programming,Beginner,3.0,0.21428571428571427,9.7,1.4432989690721651,17.0,1.75,32.44329896907217,1,Advanced / Deep Learners
U00593,2,2,89.59,44.795,2.3449999999999998,2,2025-03-19,2025-07-25,8.495,Marketing,Advanced,1.0,0.5,4.266666666666667,0.46875,3.0,1.0,5.46875,0,Focused / Low-Activity Learners
U00594,1,1,0.0,0.0,3.85,1,2025-10-29,2025-10-29,19.53,Programming,Beginner,0.0,0.0,1.0,1.0,1.0,1.0,3.0,0,Focused / Low-Activity Learners
U00595,14,14,1075.46,76.81857142857143,2.6028571428571428,9,2025-01-05,2025-12-15,30.06714285714286,Design,Beginner,5.0,0.35714285714285715,11.466666666666667,1.2209302325581395,19.0,1.5555555555555556,34.22093023255814,1,Advanced / Deep Learners
U00596,2,2,177.34,88.67,3.605,2,2025-06-11,2025-06-19,49.15,Web Development,Advanced,1.0,0.5,1.0,2.0,3.0,1.0,7.0,0,Focused / Low-Activity Learners
U00597,1,1,248.1,248.1,1.2,1,2025-09-18,2025-09-18,9.4,Artificial Intelligence,Beginner,0.0,0.0,1.0,1.0,1.0,1.0,3.0,0,Focused / Low-Activity Learners
U00598,1,1,415.51,415.51,3.11,1,2025-10-08,2025-10-08,28.33,Artificial Intelligence,Intermediate,0.0,0.0,1.0,1.0,1.0,1.0,3.0,0,Focused / Low-Activity Learners
U00599,1,1,0.0,0.0,1.73,1,2025-09-05,2025-09-05,38.49,Machine Learning,Intermediate,0.0,0.0,1.0,1.0,1.0,1.0,3.0,0,Focused / Low-Activity Learners
U00600,1,1,0.0,0.0,2.14,1,2025-11-11,2025-11-11,8.95,Digital Marketing,Beginner,0.0,0.0,1.0,1.0,1.0,1.0,3.0,0,Focused / Low-Activity Learners
U00601,1,1,0.0,0.0,2.67,1,2025-11-04,2025-11-04,40.07,Web Development,Advanced,1.0,1.0,1.0,1.0,2.0,1.0,4.0,0,Focused / Low-Activity Learners
U00602,3,3,0.0,0.0,3.85,3,2025-05-12,2025-12-21,18.303333333333335,Programming,Beginner,0.0,0.0,7.433333333333334,0.40358744394618834,3.0,1.0,6.403587443946188,0,Focused / Low-Activity Learners
U00603,2,2,0.78,0.39,3.995,2,2025-02-24,2025-09-24,39.894999999999996,Finance,Advanced,1.0,0.5,7.066666666666666,0.2830188679245283,3.0,1.0,5.283018867924529,0,Focused / Low-Activity Learners
U00604,14,14,662.4399999999999,47.317142857142855,2.843571428571429,9,2025-03-16,2025-11-25,31.139999999999997,Machine Learning,Advanced,6.0,0.42857142857142855,8.466666666666667,1.6535433070866141,20.0,1.5555555555555556,35.653543307086615,1,Advanced / Deep Learners
U00605,3,3,117.68,39.22666666666667,3.643333333333333,3,2025-06-20,2025-11-11,44.49,Marketing,Advanced,1.0,0.3333333333333333,4.8,0.625,4.0,1.0,7.625,0,Focused / Low-Activity Learners
U00606,2,2,0.0,0.0,3.255,2,2025-07-24,2025-07-28,32.015,Design,Advanced,1.0,0.5,1.0,2.0,3.0,1.0,7.0,0,Focused / Low-Activity Learners
U00607,2,2,285.99,142.995,1.25,2,2025-06-03,2025-11-07,16.755,Web Development,Advanced,1.0,0.5,5.233333333333333,0.38216560509554137,3.0,1.0,5.382165605095541,0,Focused / Low-Activity Learners
U00608,1,1,0.0,0.0,2.43,1,2025-07-09,2025-07-09,37.7,Programming,Intermediate,0.0,0.0,1.0,1.0,1.0,1.0,3.0,0,Focused / Low-Activity Learners
U00609,4,4,327.99,81.9975,2.8275,4,2025-03-11,2025-11-20,22.6175,Web Development,Beginner,2.0,0.5,8.466666666666667,0.47244094488188976,6.0,1.0,10.472440944881889,0,Focused / Low-Activity Learners
U00610,1,1,0.0,0.0,4.79,1,2025-03-25,2025-03-25,29.37,Marketing,Advanced,1.0,1.0,1.0,1.0,2.0,1.0,4.0,0,Focused / Low-Activity Learners
U00611,2,2,415.51,207.755,3.065,2,2025-08-29,2025-09-03,19.02,Data Science,Intermediate,0.0,0.0,1.0,2.0,2.0,1.0,6.0,0,Focused / Low-Activity Learners
U00612,1,1,57.32,57.32,4.74,1,2025-05-02,2025-05-02,43.95,Web Development,Advanced,1.0,1.0,1.0,1.0,2.0,1.0,4.0,0,Focused / Low-Activity Learners
U00613,2,2,490.9,245.45,2.915,2,2025-02-27,2025-09-25,18.115,Programming,Beginner,0.0,0.0,7.0,0.2857142857142857,2.0,1.0,4.285714285714286,0,Focused / Low-Activity Learners
U00614,1,1,0.0,0.0,4.44,1,2025-08-03,2025-08-03,1.46,Digital Marketing,Beginner,0.0,0.0,1.0,1.0,1.0,1.0,3.0,0,Focused / Low-Activity Learners
U00615,1,1,0.0,0.0,3.15,1,2025-10-07,2025-10-07,22.29,Business,Advanced,1.0,1.0,1.0,1.0,2.0,1.0,4.0,0,Focused / Low-Activity Learners
U00616,2,2,0.0,0.0,3.035,2,2025-08-12,2025-11-03,28.6,Cybersecurity,Beginner,0.0,0.0,2.7666666666666666,0.7228915662650602,2.0,1.0,4.72289156626506,0,Focused / Low-Activity Learners
U00617,1,1,0.0,0.0,3.02,1,2025-09-20,2025-09-20,9.71,Data Science,Intermediate,0.0,0.0,1.0,1.0,1.0,1.0,3.0,0,Focused / Low-Activity Learners
U00618,1,1,0.0,0.0,2.14,1,2025-06-29,2025-06-29,8.95,Digital Marketing,Beginner,0.0,0.0,1.0,1.0,1.0,1.0,3.0,0,Focused / Low-Activity Learners
U00619,12,12,636.6500000000001,53.054166666666674,3.4450000000000003,9,2025-01-07,2025-12-18,30.127499999999998,Cybersecurity,Intermediate,4.0,0.3333333333333333,11.5,1.0434782608695652,16.0,1.3333333333333333,29.043478260869563,1,Advanced / Deep Learners
U00620,1,1,0.0,0.0,1.59,1,2025-04-29,2025-04-29,6.36,Finance,Advanced,1.0,1.0,1.0,1.0,2.0,1.0,4.0,0,Focused / Low-Activity Learners
U00621,2,2,0.0,0.0,1.975,2,2025-12-15,2025-12-19,34.375,Web Development,Advanced,1.0,0.5,1.0,2.0,3.0,1.0,7.0,0,Focused / Low-Activity Learners
U00622,13,13,524.05,40.31153846153846,3.5276923076923077,8,2025-01-01,2025-12-23,29.322307692307692,Data Science,Advanced,6.0,0.46153846153846156,11.866666666666667,1.095505617977528,19.0,1.625,33.09550561797753,1,Advanced / Deep Learners
U00623,2,2,119.04,59.52,3.705,2,2025-04-07,2025-08-28,14.68,Finance,Intermediate,0.0,0.0,4.766666666666667,0.4195804195804196,2.0,1.0,4.41958041958042,0,Focused / Low-Activity Learners
U00624,2,2,0.0,0.0,3.915,2,2025-02-25,2025-05-08,48.379999999999995,Web Development,Beginner,0.0,0.0,2.4,0.8333333333333334,2.0,1.0,4.833333333333334,0,Focused / Low-Activity Learners
U00625,4,4,394.26,98.565,3.1950000000000003,3,2025-02-12,2025-12-18,37.7575,Cybersecurity,Intermediate,1.0,0.25,10.3,0.3883495145631068,5.0,1.3333333333333333,9.388349514563107,0,Focused / Low-Activity Learners
U00626,1,1,177.34,177.34,3.89,1,2025-05-16,2025-05-16,49.73,Digital Marketing,Advanced,1.0,1.0,1.0,1.0,2.0,1.0,4.0,0,Focused / Low-Activity Learners
U00627,4,4,487.92,121.98,1.945,3,2025-01-27,2025-08-22,29.877499999999998,Machine Learning,Beginner,1.0,0.25,6.9,0.5797101449275363,5.0,1.3333333333333333,9.579710144927535,0,Focused / Low-Activity Learners
U00628,2,2,472.28,236.14,4.03,2,2025-09-19,2025-11-19,29.785,Programming,Beginner,0.0,0.0,2.033333333333333,0.9836065573770493,2.0,1.0,4.983606557377049,0,Focused / Low-Activity Learners
U00629,1,1,0.0,0.0,2.61,1,2025-05-17,2025-05-17,48.68,Design,Advanced,1.0,1.0,1.0,1.0,2.0,1.0,4.0,0,Focused / Low-Activity Learners
U00630,3,3,296.38,98.79333333333334,3.5933333333333333,2,2025-03-22,2025-12-21,34.97,Finance,Advanced,1.0,0.3333333333333333,9.133333333333333,0.3284671532846716,4.0,1.5,7.328467153284672,0,Focused / Low-Activity Learners
U00631,2,2,0.0,0.0,4.19,2,2025-01-04,2025-01-23,31.77,Design,Advanced,1.0,0.5,1.0,2.0,3.0,1.0,7.0,0,Focused / Low-Activity Learners
U00632,1,1,0.0,0.0,1.81,1,2025-09-09,2025-09-09,9.3,Machine Learning,Advanced,1.0,1.0,1.0,1.0,2.0,1.0,4.0,0,Focused / Low-Activity Learners
U00633,14,14,1177.45,84.10357142857143,2.855,9,2025-01-11,2025-12-22,33.662142857142854,Cybersecurity,Advanced,7.0,0.5,11.5,1.2173913043478262,21.0,1.5555555555555556,36.21739130434783,1,Advanced / Deep Learners
U00634,3,3,276.37,92.12333333333333,3.44,2,2025-04-14,2025-09-02,28.80666666666667,Design,Advanced,3.0,1.0,4.7,0.6382978723404255,6.0,1.5,9.638297872340425,0,Focused / Low-Activity Learners
U00635,1,1,0.0,0.0,4.73,1,2025-03-27,2025-03-27,47.7,Machine Learning,Intermediate,0.0,0.0,1.0,1.0,1.0,1.0,3.0,0,Focused / Low-Activity Learners
U00636,13,13,1701.73,130.9023076923077,3.174615384615385,10,2025-01-13,2025-12-25,23.18846153846154,Business,Beginner,4.0,0.3076923076923077,11.533333333333333,1.1271676300578035,17.0,1.3,31.127167630057805,1,Advanced / Deep Learners
U00637,2,2,529.6,264.8,4.74,2,2025-01-22,2025-12-18,27.475,Web Development,Advanced,1.0,0.5,11.0,0.18181818181818182,3.0,1.0,5.181818181818182,0,Focused / Low-Activity Learners
U00638,2,2,57.32,28.66,3.705,1,2025-02-18,2025-03-12,42.010000000000005,Web Development,Advanced,2.0,1.0,1.0,2.0,4.0,2.0,8.0,0,Focused / Low-Activity Learners
U00639,14,14,1010.86,72.20428571428572,3.0192857142857146,8,2025-01-05,2025-12-16,27.605,Finance,Advanced,6.0,0.42857142857142855,11.5,1.2173913043478262,20.0,1.75,35.21739130434783,1,Advanced / Deep Learners
U00640,1,1,490.9,490.9,4.55,1,2025-03-02,2025-03-02,7.55,Artificial Intelligence,Beginner,0.0,0.0,1.0,1.0,1.0,1.0,3.0,0,Focused / Low-Activity Learners
U00641,1,1,342.61,342.61,4.84,1,2025-11-18,2025-11-18,17.14,Project Management,Intermediate,0.0,0.0,1.0,1.0,1.0,1.0,3.0,0,Focused / Low-Activity Learners
U00642,2,2,0.0,0.0,2.66,2,2025-04-27,2025-08-18,32.205,Web Development,Advanced,1.0,0.5,3.7666666666666666,0.5309734513274337,3.0,1.0,5.530973451327434,0,Focused / Low-Activity Learners
U00643,1,1,327.99,327.99,1.51,1,2025-12-01,2025-12-01,12.13,Project Management,Beginner,0.0,0.0,1.0,1.0,1.0,1.0,3.0,0,Focused / Low-Activity Learners
U00644,1,1,0.0,0.0,2.88,1,2025-05-14,2025-05-14,45.13,Programming,Beginner,0.0,0.0,1.0,1.0,1.0,1.0,3.0,0,Focused / Low-Activity Learners
U00645,1,1,299.57,299.57,3.74,1,2025-08-01,2025-08-01,48.32,Data Science,Beginner,0.0,0.0,1.0,1.0,1.0,1.0,3.0,0,Focused / Low-Activity Learners
U00646,1,1,0.0,0.0,2.88,1,2025-07-06,2025-07-06,45.13,Programming,Beginner,0.0,0.0,1.0,1.0,1.0,1.0,3.0,0,Focused / Low-Activity Learners
U00647,1,1,487.92,487.92,3.64,1,2025-01-16,2025-01-16,36.01,Business,Advanced,1.0,1.0,1.0,1.0,2.0,1.0,4.0,0,Focused / Low-Activity Learners
U00648,2,2,472.28,236.14,4.7,2,2025-01-30,2025-02-22,8.475,Programming,Beginner,0.0,0.0,1.0,2.0,2.0,1.0,6.0,0,Focused / Low-Activity Learners
U00649,1,1,415.51,415.51,3.11,1,2025-11-24,2025-11-24,28.33,Artificial Intelligence,Intermediate,0.0,0.0,1.0,1.0,1.0,1.0,3.0,0,Focused / Low-Activity Learners
U00650,1,1,0.0,0.0,4.72,1,2025-02-25,2025-02-25,42.68,Marketing,Intermediate,0.0,0.0,1.0,1.0,1.0,1.0,3.0,0,Focused / Low-Activity Learners
U00651,4,4,296.38,74.095,3.3425000000000002,3,2025-03-11,2025-10-30,34.45,Programming,Beginner,1.0,0.25,7.766666666666667,0.5150214592274678,5.0,1.3333333333333333,9.515021459227468,0,Focused / Low-Activity Learners
U00652,2,2,394.26,197.13,2.335,2,2025-01-24,2025-04-01,48.004999999999995,Web Development,Beginner,0.0,0.0,2.2333333333333334,0.8955223880597015,2.0,1.0,4.895522388059701,0,Focused / Low-Activity Learners
U00653,1,1,346.71,346.71,1.23,1,2025-06-30,2025-06-30,3.42,Project Management,Advanced,1.0,1.0,1.0,1.0,2.0,1.0,4.0,0,Focused / Low-Activity Learners
U00654,2,2,53.86,26.93,1.875,2,2025-02-09,2025-10-13,37.879999999999995,Programming,Beginner,0.0,0.0,8.2,0.24390243902439027,2.0,1.0,4.2439024390243905,0,Focused / Low-Activity Learners
U00655,1,1,53.86,53.86,2.47,1,2025-03-02,2025-03-02,47.08,Finance,Beginner,0.0,0.0,1.0,1.0,1.0,1.0,3.0,0,Focused / Low-Activity Learners
U00656,1,1,0.0,0.0,4.14,1,2025-04-25,2025-04-25,31.77,Finance,Beginner,0.0,0.0,1.0,1.0,1.0,1.0,3.0,0,Focused / Low-Activity Learners
U00657,1,1,89.59,89.59,2.68,1,2025-08-07,2025-08-07,1.55,Artificial Intelligence,Intermediate,0.0,0.0,1.0,1.0,1.0,1.0,3.0,0,Focused / Low-Activity Learners
U00658,1,1,0.0,0.0,4.66,1,2025-12-29,2025-12-29,5.95,Digital Marketing,Intermediate,0.0,0.0,1.0,1.0,1.0,1.0,3.0,0,Focused / Low-Activity Learners
U00659,2,2,0.0,0.0,4.41,2,2025-08-19,2025-09-06,23.759999999999998,Project Management,Beginner,0.0,0.0,1.0,2.0,2.0,1.0,6.0,0,Focused / Low-Activity Learners
U00660,2,2,577.51,288.755,3.16,2,2025-05-10,2025-06-19,18.779999999999998,Artificial Intelligence,Advanced,1.0,0.5,1.3333333333333333,1.5,3.0,1.0,6.5,0,Focused / Low-Activity Learners
U00661,4,4,212.39,53.0975,2.87,3,2025-02-12,2025-11-04,28.8575,Programming,Intermediate,1.0,0.25,8.833333333333334,0.45283018867924524,5.0,1.3333333333333333,9.452830188679245,0,Focused / Low-Activity Learners
U00662,1,1,285.05,285.05,1.96,1,2025-12-04,2025-12-04,34.78,Business,Beginner,0.0,0.0,1.0,1.0,1.0,1.0,3.0,0,Focused / Low-Activity Learners
U00663,1,1,285.05,285.05,1.96,1,2025-08-09,2025-08-09,34.78,Business,Beginner,0.0,0.0,1.0,1.0,1.0,1.0,3.0,0,Focused / Low-Activity Learners
U00664,1,1,117.68,117.68,2.57,1,2025-02-18,2025-02-18,48.09,Data Science,Advanced,1.0,1.0,1.0,1.0,2.0,1.0,4.0,0,Focused / Low-Activity Learners
U00665,1,1,37.89,37.89,1.3,1,2025-06-10,2025-06-10,24.11,Web Development,Advanced,1.0,1.0,1.0,1.0,2.0,1.0,4.0,0,Focused / Low-Activity Learners
U00666,12,12,969.72,80.81,2.910833333333333,9,2025-01-04,2025-11-28,24.3325,Project Management,Advanced,6.0,0.5,10.933333333333334,1.0975609756097562,18.0,1.3333333333333333,31.097560975609756,1,Advanced / Deep Learners
U00667,2,2,212.39,106.195,3.065,2,2025-06-12,2025-08-09,20.445,Marketing,Advanced,2.0,1.0,1.9333333333333333,1.0344827586206897,4.0,1.0,7.0344827586206895,0,Focused / Low-Activity Learners
U00668,2,2,0.0,0.0,4.32,2,2025-01-02,2025-02-04,24.450000000000003,Programming,Beginner,1.0,0.5,1.1,1.8181818181818181,3.0,1.0,6.818181818181818,0,Focused / Low-Activity Learners
U00669,1,1,248.1,248.1,1.2,1,2025-01-13,2025-01-13,9.4,Artificial Intelligence,Beginner,0.0,0.0,1.0,1.0,1.0,1.0,3.0,0,Focused / Low-Activity Learners
U00670,2,2,0.0,0.0,4.52,2,2025-04-15,2025-09-07,38.71,Finance,Beginner,0.0,0.0,4.833333333333333,0.4137931034482759,2.0,1.0,4.413793103448276,0,Focused / Low-Activity Learners
U00671,1,1,0.0,0.0,3.15,1,2025-04-01,2025-04-01,22.29,Business,Advanced,1.0,1.0,1.0,1.0,2.0,1.0,4.0,0,Focused / Low-Activity Learners
U00672,1,1,0.0,0.0,4.11,1,2025-10-09,2025-10-09,46.25,Marketing,Intermediate,0.0,0.0,1.0,1.0,1.0,1.0,3.0,0,Focused / Low-Activity Learners
U00673,2,2,380.5,190.25,3.07,2,2025-06-16,2025-07-07,20.625,Web Development,Advanced,1.0,0.5,1.0,2.0,3.0,1.0,7.0,0,Focused / Low-Activity Learners
U00674,1,1,0.0,0.0,2.0,1,2025-01-04,2025-01-04,15.84,Business,Advanced,1.0,1.0,1.0,1.0,2.0,1.0,4.0,0,Focused / Low-Activity Learners
U00675,1,1,0.0,0.0,2.01,1,2025-03-03,2025-03-03,15.44,Marketing,Advanced,1.0,1.0,1.0,1.0,2.0,1.0,4.0,0,Focused / Low-Activity Learners
U00676,2,2,0.0,0.0,3.1550000000000002,2,2025-09-02,2025-09-20,16.12,Marketing,Advanced,2.0,1.0,1.0,2.0,4.0,1.0,8.0,0,Focused / Low-Activity Learners
U00677,1,1,415.51,415.51,3.11,1,2025-05-25,2025-05-25,28.33,Artificial Intelligence,Intermediate,0.0,0.0,1.0,1.0,1.0,1.0,3.0,0,Focused / Low-Activity Learners
U00678,1,1,0.0,0.0,4.14,1,2025-01-11,2025-01-11,31.77,Finance,Beginner,0.0,0.0,1.0,1.0,1.0,1.0,3.0,0,Focused / Low-Activity Learners
U00679,1,1,276.37,276.37,2.72,1,2025-08-22,2025-08-22,48.84,Design,Advanced,1.0,1.0,1.0,1.0,2.0,1.0,4.0,0,Focused / Low-Activity Learners
U00680,1,1,487.92,487.92,3.64,1,2025-11-06,2025-11-06,36.01,Business,Advanced,1.0,1.0,1.0,1.0,2.0,1.0,4.0,0,Focused / Low-Activity Learners
U00681,2,2,0.0,0.0,3.3,2,2025-02-17,2025-02-22,28.11,Project Management,Advanced,1.0,0.5,1.0,2.0,3.0,1.0,7.0,0,Focused / Low-Activity Learners
U00682,1,1,0.0,0.0,4.44,1,2025-12-02,2025-12-02,1.46,Digital Marketing,Beginner,0.0,0.0,1.0,1.0,1.0,1.0,3.0,0,Focused / Low-Activity Learners
U00683,1,1,0.0,0.0,2.61,1,2025-04-02,2025-04-02,48.68,Design,Advanced,1.0,1.0,1.0,1.0,2.0,1.0,4.0,0,Focused / Low-Activity Learners
U00684,3,3,0.0,0.0,3.0666666666666664,2,2025-04-27,2025-06-10,24.30666666666667,Design,Advanced,2.0,0.6666666666666666,1.4666666666666666,2.0454545454545454,5.0,1.5,10.045454545454545,0,Focused / Low-Activity Learners
U00685,1,1,487.92,487.92,3.64,1,2025-02-05,2025-02-05,36.01,Business,Advanced,1.0,1.0,1.0,1.0,2.0,1.0,4.0,0,Focused / Low-Activity Learners
U00686,1,1,0.0,0.0,2.2,1,2025-11-20,2025-11-20,40.76,Web Development,Beginner,0.0,0.0,1.0,1.0,1.0,1.0,3.0,0,Focused / Low-Activity Learners
U00687,15,15,1775.49,118.366,2.806,11,2025-01-03,2025-12-01,33.958666666666666,Web Development,Beginner,5.0,0.3333333333333333,11.066666666666666,1.355421686746988,20.0,1.3636363636363635,36.355421686746986,1,Advanced / Deep Learners
U00688,2,2,0.78,0.39,2.85,1,2025-04-01,2025-10-29,27.130000000000003,Machine Learning,Advanced,2.0,1.0,7.033333333333333,0.2843601895734597,4.0,2.0,6.2843601895734595,0,Focused / Low-Activity Learners
U00689,2,2,0.0,0.0,3.67,2,2025-02-05,2025-02-28,48.19,Design,Advanced,1.0,0.5,1.0,2.0,3.0,1.0,7.0,0,Focused / Low-Activity Learners
U00690,1,1,0.0,0.0,4.66,1,2025-03-02,2025-03-02,5.95,Digital Marketing,Intermediate,0.0,0.0,1.0,1.0,1.0,1.0,3.0,0,Focused / Low-Activity Learners
U00691,1,1,0.0,0.0,2.61,1,2025-11-06,2025-11-06,48.68,Design,Advanced,1.0,1.0,1.0,1.0,2.0,1.0,4.0,0,Focused / Low-Activity Learners
U00692,1,1,0.0,0.0,3.45,1,2025-12-21,2025-12-21,33.93,Project Management,Intermediate,0.0,0.0,1.0,1.0,1.0,1.0,3.0,0,Focused / Low-Activity Learners
U00693,1,1,57.32,57.32,4.74,1,2025-01-21,2025-01-21,43.95,Web Development,Advanced,1.0,1.0,1.0,1.0,2.0,1.0,4.0,0,Focused / Low-Activity Learners
U00694,1,1,0.0,0.0,3.6,1,2025-10-27,2025-10-27,1.2,Data Science,Intermediate,0.0,0.0,1.0,1.0,1.0,1.0,3.0,0,Focused / Low-Activity Learners
U00695,1,1,0.0,0.0,4.45,1,2025-06-03,2025-06-03,15.29,Design,Advanced,1.0,1.0,1.0,1.0,2.0,1.0,4.0,0,Focused / Low-Activity Learners
U00696,1,1,0.0,0.0,3.45,1,2025-05-25,2025-05-25,33.93,Project Management,Intermediate,0.0,0.0,1.0,1.0,1.0,1.0,3.0,0,Focused / Low-Activity Learners
U00697,1,1,0.0,0.0,3.85,1,2025-02-20,2025-02-20,19.53,Programming,Beginner,0.0,0.0,1.0,1.0,1.0,1.0,3.0,0,Focused / Low-Activity Learners
U00698,2,2,37.89,18.945,3.045,2,2025-06-02,2025-07-20,26.740000000000002,Web Development,Advanced,2.0,1.0,1.6,1.25,4.0,1.0,7.25,0,Focused / Low-Activity Learners
U00699,2,2,0.0,0.0,3.2649999999999997,2,2025-01-11,2025-08-27,25.990000000000002,Marketing,Advanced,1.0,0.5,7.6,0.2631578947368421,3.0,1.0,5.2631578947368425,0,Focused / Low-Activity Learners
U00700,1,1,117.68,117.68,2.57,1,2025-04-17,2025-04-17,48.09,Data Science,Advanced,1.0,1.0,1.0,1.0,2.0,1.0,4.0,0,Focused / Low-Activity Learners
U00701,14,14,1435.67,102.54785714285715,3.005,10,2025-01-14,2025-12-21,28.529285714285717,Cybersecurity,Intermediate,5.0,0.35714285714285715,11.366666666666667,1.2316715542521994,19.0,1.4,34.2316715542522,1,Advanced / Deep Learners
U00702,3,3,0.0,0.0,2.5066666666666664,3,2025-09-18,2025-12-26,34.53666666666667,Web Development,Advanced,2.0,0.6666666666666666,3.3,0.9090909090909092,5.0,1.0,8.90909090909091,0,Focused / Low-Activity Learners
U00703,3,3,469.37,156.45666666666668,2.6533333333333333,3,2025-02-05,2025-06-29,30.716666666666665,Finance,Advanced,1.0,0.3333333333333333,4.8,0.625,4.0,1.0,7.625,0,Focused / Low-Activity Learners
U00704,13,13,1528.24,117.55692307692308,3.506153846153846,8,2025-02-09,2025-11-09,18.649230769230773,Project Management,Beginner,4.0,0.3076923076923077,9.1,1.4285714285714286,17.0,1.625,31.42857142857143,1,Advanced / Deep Learners
U00705,1,1,0.0,0.0,4.79,1,2025-04-24,2025-04-24,29.37,Marketing,Advanced,1.0,1.0,1.0,1.0,2.0,1.0,4.0,0,Focused / Low-Activity Learners
U00706,2,2,787.49,393.745,3.6900000000000004,2,2025-05-16,2025-11-05,42.165,Data Science,Advanced,1.0,0.5,5.766666666666667,0.3468208092485549,3.0,1.0,5.346820809248555,0,Focused / Low-Activity Learners
U00707,1,1,0.0,0.0,4.51,1,2025-05-19,2025-05-19,48.19,Design,Beginner,0.0,0.0,1.0,1.0,1.0,1.0,3.0,0,Focused / Low-Activity Learners
U00708,1,1,0.0,0.0,4.72,1,2025-02-06,2025-02-06,42.68,Marketing,Intermediate,0.0,0.0,1.0,1.0,1.0,1.0,3.0,0,Focused / Low-Activity Learners
U00709,14,14,1042.92,74.49428571428572,3.5092857142857143,10,2025-01-15,2025-12-30,29.696428571428573,Digital Marketing,Advanced,5.0,0.35714285714285715,11.633333333333333,1.2034383954154728,19.0,1.4,34.203438395415475,1,Advanced / Deep Learners
U00710,1,1,248.1,248.1,1.2,1,2025-05-07,2025-05-07,9.4,Artificial Intelligence,Beginner,0.0,0.0,1.0,1.0,1.0,1.0,3.0,0,Focused / Low-Activity Learners
U00711,2,2,327.99,163.995,2.415,2,2025-01-08,2025-03-12,30.35,Web Development,Beginner,0.0,0.0,2.1,0.9523809523809523,2.0,1.0,4.9523809523809526,0,Focused / Low-Activity Learners
U00712,2,2,0.0,0.0,3.05,2,2025-01-01,2025-07-28,25.335,Finance,Advanced,1.0,0.5,6.933333333333334,0.28846153846153844,3.0,1.0,5.288461538461538,0,Focused / Low-Activity Learners
U00713,1,1,472.28,472.28,4.74,1,2025-01-05,2025-01-05,11.0,Programming,Beginner,0.0,0.0,1.0,1.0,1.0,1.0,3.0,0,Focused / Low-Activity Learners
U00714,3,3,0.0,0.0,4.273333333333333,3,2025-02-16,2025-10-28,28.926666666666666,Digital Marketing,Beginner,0.0,0.0,8.466666666666667,0.3543307086614173,3.0,1.0,6.354330708661417,0,Focused / Low-Activity Learners
U00715,1,1,0.0,0.0,3.15,1,2025-02-22,2025-02-22,22.29,Business,Advanced,1.0,1.0,1.0,1.0,2.0,1.0,4.0,0,Focused / Low-Activity Learners
U00716,4,4,295.02,73.755,3.005,3,2025-05-10,2025-10-14,39.245000000000005,Data Science,Advanced,2.0,0.5,5.233333333333333,0.7643312101910827,6.0,1.3333333333333333,10.764331210191083,0,Focused / Low-Activity Learners
U00717,1,1,0.0,0.0,1.91,1,2025-07-13,2025-07-13,26.52,Cybersecurity,Intermediate,0.0,0.0,1.0,1.0,1.0,1.0,3.0,0,Focused / Low-Activity Learners
U00718,2,2,285.05,142.525,2.42,2,2025-01-30,2025-10-18,39.955,Business,Beginner,0.0,0.0,8.7,0.2298850574712644,2.0,1.0,4.2298850574712645,0,Focused / Low-Activity Learners
U00719,1,1,117.68,117.68,2.57,1,2025-09-27,2025-09-27,48.09,Data Science,Advanced,1.0,1.0,1.0,1.0,2.0,1.0,4.0,0,Focused / Low-Activity Learners
U00720,1,1,415.51,415.51,3.11,1,2025-12-21,2025-12-21,28.33,Artificial Intelligence,Intermediate,0.0,0.0,1.0,1.0,1.0,1.0,3.0,0,Focused / Low-Activity Learners
U00721,1,1,0.0,0.0,2.61,1,2025-04-03,2025-04-03,48.68,Design,Advanced,1.0,1.0,1.0,1.0,2.0,1.0,4.0,0,Focused / Low-Activity Learners
U00722,3,3,276.37,92.12333333333333,1.95,3,2025-06-05,2025-09-04,27.003333333333334,Machine Learning,Advanced,2.0,0.6666666666666666,3.033333333333333,0.989010989010989,5.0,1.0,8.989010989010989,0,Focused / Low-Activity Learners
U00723,14,14,1213.66,86.69000000000001,3.0942857142857143,10,2025-01-27,2025-11-20,28.18285714285714,Project Management,Beginner,5.0,0.35714285714285715,9.9,1.4141414141414141,19.0,1.4,34.41414141414141,1,Advanced / Deep Learners
U00724,15,15,1375.81,91.72066666666666,3.530666666666667,9,2025-01-18,2025-11-15,23.15,Design,Intermediate,5.0,0.3333333333333333,10.033333333333333,1.495016611295681,20.0,1.6666666666666667,36.49501661129568,1,Advanced / Deep Learners
U00725,1,1,0.0,0.0,3.32,1,2025-05-10,2025-05-10,48.57,Web Development,Beginner,0.0,0.0,1.0,1.0,1.0,1.0,3.0,0,Focused / Low-Activity Learners
U00726,1,1,472.28,472.28,4.74,1,2025-03-16,2025-03-16,11.0,Programming,Beginner,0.0,0.0,1.0,1.0,1.0,1.0,3.0,0,Focused / Low-Activity Learners
U00727,4,4,389.73,97.4325,3.0225,3,2025-04-03,2025-11-01,32.3575,Digital Marketing,Advanced,4.0,1.0,7.066666666666666,0.5660377358490566,8.0,1.3333333333333333,12.566037735849058,0,Focused / Low-Activity Learners
U00728,1,1,0.0,0.0,4.11,1,2025-10-04,2025-10-04,46.25,Marketing,Intermediate,0.0,0.0,1.0,1.0,1.0,1.0,3.0,0,Focused / Low-Activity Learners
U00729,2,2,0.0,0.0,3.835,2,2025-01-08,2025-06-20,37.25,Programming,Advanced,1.0,0.5,5.433333333333334,0.36809815950920244,3.0,1.0,5.368098159509202,0,Focused / Low-Activity Learners
U00730,2,2,487.92,243.96,3.31,2,2025-06-21,2025-08-13,27.005,Marketing,Advanced,2.0,1.0,1.7666666666666666,1.1320754716981132,4.0,1.0,7.132075471698113,0,Focused / Low-Activity Learners
U00731,2,2,285.05,142.525,2.6399999999999997,2,2025-05-06,2025-09-17,41.675,Web Development,Beginner,0.0,0.0,4.466666666666667,0.44776119402985076,2.0,1.0,4.447761194029851,0,Focused / Low-Activity Learners
U00732,1,1,394.26,394.26,1.35,1,2025-06-29,2025-06-29,47.44,Cybersecurity,Intermediate,0.0,0.0,1.0,1.0,1.0,1.0,3.0,0,Focused / Low-Activity Learners
U00733,1,1,0.0,0.0,2.61,1,2025-04-27,2025-04-27,48.68,Design,Advanced,1.0,1.0,1.0,1.0,2.0,1.0,4.0,0,Focused / Low-Activity Learners
U00734,4,4,299.57,74.8925,2.7875,3,2025-04-13,2025-12-03,22.5525,Data Science,Advanced,2.0,0.5,7.8,0.5128205128205129,6.0,1.3333333333333333,10.512820512820513,0,Focused / Low-Activity Learners
U00735,2,2,212.39,106.195,2.575,2,2025-01-08,2025-05-05,19.365000000000002,Digital Marketing,Advanced,2.0,1.0,3.9,0.5128205128205129,4.0,1.0,6.512820512820513,0,Focused / Low-Activity Learners
U00736,1,1,0.0,0.0,4.73,1,2025-07-22,2025-07-22,47.7,Machine Learning,Intermediate,0.0,0.0,1.0,1.0,1.0,1.0,3.0,0,Focused / Low-Activity Learners
U00737,2,2,207.27,103.635,2.625,2,2025-01-29,2025-05-15,24.82,Data Science,Advanced,1.0,0.5,3.533333333333333,0.5660377358490566,3.0,1.0,5.566037735849056,0,Focused / Low-Activity Learners
U00738,3,3,250.27999999999997,83.42666666666666,3.1300000000000003,3,2025-03-26,2025-09-26,29.863333333333333,Web Development,Advanced,2.0,0.6666666666666666,6.133333333333334,0.48913043478260865,5.0,1.0,8.48913043478261,0,Focused / Low-Activity Learners
U00739,1,1,0.0,0.0,4.1,1,2025-01-16,2025-01-16,34.83,Finance,Intermediate,0.0,0.0,1.0,1.0,1.0,1.0,3.0,0,Focused / Low-Activity Learners
U00740,1,1,327.99,327.99,1.51,1,2025-09-25,2025-09-25,12.13,Project Management,Beginner,0.0,0.0,1.0,1.0,1.0,1.0,3.0,0,Focused / Low-Activity Learners
U00741,4,4,461.65000000000003,115.41250000000001,4.1125,3,2025-03-11,2025-12-10,28.75,Finance,Intermediate,0.0,0.0,9.133333333333333,0.43795620437956206,4.0,1.3333333333333333,8.437956204379562,0,Focused / Low-Activity Learners
U00742,1,1,327.99,327.99,1.51,1,2025-03-14,2025-03-14,12.13,Project Management,Beginner,0.0,0.0,1.0,1.0,1.0,1.0,3.0,0,Focused / Low-Activity Learners
U00743,4,4,37.89,9.4725,1.96,3,2025-05-04,2025-10-26,28.665,Programming,Beginner,2.0,0.5,5.833333333333333,0.6857142857142857,6.0,1.3333333333333333,10.685714285714287,0,Focused / Low-Activity Learners
U00744,1,1,0.0,0.0,2.98,1,2025-12-17,2025-12-17,18.0,Marketing,Advanced,1.0,1.0,1.0,1.0,2.0,1.0,4.0,0,Focused / Low-Activity Learners
U00745,2,2,0.0,0.0,2.335,2,2025-06-28,2025-11-22,12.58,Business,Advanced,2.0,1.0,4.9,0.4081632653061224,4.0,1.0,6.408163265306122,0,Focused / Low-Activity Learners
U00746,2,2,276.37,138.185,2.3600000000000003,2,2025-03-26,2025-11-11,32.34,Design,Advanced,2.0,1.0,7.666666666666667,0.2608695652173913,4.0,1.0,6.260869565217391,0,Focused / Low-Activity Learners
U00747,1,1,0.0,0.0,2.2,1,2025-10-24,2025-10-24,40.76,Web Development,Beginner,0.0,0.0,1.0,1.0,1.0,1.0,3.0,0,Focused / Low-Activity Learners
U00748,2,2,0.0,0.0,2.335,2,2025-01-15,2025-11-01,27.955,Web Development,Advanced,2.0,1.0,9.666666666666666,0.20689655172413796,4.0,1.0,6.206896551724138,0,Focused / Low-Activity Learners
U00749,1,1,0.0,0.0,4.72,1,2025-11-25,2025-11-25,42.68,Marketing,Intermediate,0.0,0.0,1.0,1.0,1.0,1.0,3.0,0,Focused / Low-Activity Learners
U00750,1,1,487.92,487.92,3.64,1,2025-04-17,2025-04-17,36.01,Business,Advanced,1.0,1.0,1.0,1.0,2.0,1.0,4.0,0,Focused / Low-Activity Learners
U00751,1,1,0.0,0.0,1.28,1,2025-02-22,2025-02-22,28.68,Programming,Beginner,0.0,0.0,1.0,1.0,1.0,1.0,3.0,0,Focused / Low-Activity Learners
U00752,13,13,1666.6499999999999,128.20384615384614,2.8469230769230767,9,2025-01-10,2025-10-14,28.656153846153845,Design,Advanced,5.0,0.38461538461538464,9.233333333333333,1.407942238267148,18.0,1.4444444444444444,32.40794223826715,1,Advanced / Deep Learners
U00753,2,2,0.0,0.0,3.495,2,2025-02-25,2025-09-06,45.69,Programming,Beginner,0.0,0.0,6.433333333333334,0.31088082901554404,2.0,1.0,4.310880829015544,0,Focused / Low-Activity Learners
U00754,1,1,490.9,490.9,4.55,1,2025-12-18,2025-12-18,7.55,Artificial Intelligence,Beginner,0.0,0.0,1.0,1.0,1.0,1.0,3.0,0,Focused / Low-Activity Learners
U00755,1,1,0.0,0.0,1.91,1,2025-07-25,2025-07-25,26.52,Cybersecurity,Intermediate,0.0,0.0,1.0,1.0,1.0,1.0,3.0,0,Focused / Low-Activity Learners
U00756,1,1,0.0,0.0,4.1,1,2025-05-07,2025-05-07,34.83,Finance,Intermediate,0.0,0.0,1.0,1.0,1.0,1.0,3.0,0,Focused / Low-Activity Learners
U00757,1,1,53.86,53.86,2.47,1,2025-08-28,2025-08-28,47.08,Finance,Beginner,0.0,0.0,1.0,1.0,1.0,1.0,3.0,0,Focused / Low-Activity Learners
U00758,1,1,0.0,0.0,2.0,1,2025-02-15,2025-02-15,15.84,Business,Advanced,1.0,1.0,1.0,1.0,2.0,1.0,4.0,0,Focused / Low-Activity Learners
U00759,1,1,0.78,0.78,3.89,1,2025-04-06,2025-04-06,44.96,Machine Learning,Advanced,1.0,1.0,1.0,1.0,2.0,1.0,4.0,0,Focused / Low-Activity Learners
U00760,13,13,1583.69,121.8223076923077,3.2353846153846155,9,2025-01-07,2025-12-29,27.664615384615384,Programming,Beginner,1.0,0.07692307692307693,11.866666666666667,1.095505617977528,14.0,1.4444444444444444,28.09550561797753,1,Advanced / Deep Learners
U00761,1,1,0.0,0.0,4.44,1,2025-11-26,2025-11-26,1.46,Digital Marketing,Beginner,0.0,0.0,1.0,1.0,1.0,1.0,3.0,0,Focused / Low-Activity Learners
U00762,1,1,346.71,346.71,1.23,1,2025-09-19,2025-09-19,3.42,Project Management,Advanced,1.0,1.0,1.0,1.0,2.0,1.0,4.0,0,Focused / Low-Activity Learners
U00763,1,1,0.0,0.0,3.02,1,2025-04-22,2025-04-22,9.71,Data Science,Intermediate,0.0,0.0,1.0,1.0,1.0,1.0,3.0,0,Focused / Low-Activity Learners
U00764,2,2,0.0,0.0,2.495,1,2025-04-03,2025-04-24,16.72,Marketing,Advanced,2.0,1.0,1.0,2.0,4.0,2.0,8.0,0,Focused / Low-Activity Learners
U00765,11,11,1188.0,108.0,2.641818181818182,7,2025-02-22,2025-12-14,21.19363636363636,Data Science,Intermediate,3.0,0.2727272727272727,9.833333333333334,1.11864406779661,14.0,1.5714285714285714,26.11864406779661,1,Advanced / Deep Learners
U00766,3,3,0.0,0.0,4.333333333333333,2,2025-06-02,2025-08-25,36.81666666666667,Marketing,Intermediate,1.0,0.3333333333333333,2.8,1.0714285714285714,4.0,1.5,8.071428571428571,0,Focused / Low-Activity Learners
U00767,14,14,1529.52,109.25142857142858,3.0335714285714284,10,2025-01-09,2025-11-15,33.39,Programming,Advanced,6.0,0.42857142857142855,10.333333333333334,1.3548387096774193,20.0,1.4,35.35483870967742,1,Advanced / Deep Learners
U00768,2,2,0.0,0.0,3.59,2,2025-01-15,2025-12-18,44.129999999999995,Web Development,Advanced,1.0,0.5,11.233333333333333,0.17804154302670624,3.0,1.0,5.178041543026707,0,Focused / Low-Activity Learners
U00769,1,1,0.0,0.0,4.45,1,2025-10-16,2025-10-16,15.29,Design,Advanced,1.0,1.0,1.0,1.0,2.0,1.0,4.0,0,Focused / Low-Activity Learners
U00770,1,1,0.0,0.0,4.73,1,2025-02-11,2025-02-11,47.7,Machine Learning,Intermediate,0.0,0.0,1.0,1.0,1.0,1.0,3.0,0,Focused / Low-Activity Learners
U00771,1,1,285.05,285.05,1.96,1,2025-01-19,2025-01-19,34.78,Business,Beginner,0.0,0.0,1.0,1.0,1.0,1.0,3.0,0,Focused / Low-Activity Learners
U00772,13,13,342.61,26.354615384615386,3.547692307692308,9,2025-01-19,2025-12-11,25.04076923076923,Marketing,Intermediate,4.0,0.3076923076923077,10.866666666666667,1.196319018404908,17.0,1.4444444444444444,31.196319018404907,1,Advanced / Deep Learners
U00773,1,1,119.04,119.04,2.75,1,2025-05-07,2025-05-07,23.41,Finance,Intermediate,0.0,0.0,1.0,1.0,1.0,1.0,3.0,0,Focused / Low-Activity Learners
U00774,1,1,0.0,0.0,2.38,1,2025-03-02,2025-03-02,16.74,Cybersecurity,Advanced,1.0,1.0,1.0,1.0,2.0,1.0,4.0,0,Focused / Low-Activity Learners
U00775,14,14,1391.4,99.38571428571429,3.281428571428571,8,2025-01-22,2025-12-28,28.51928571428571,Programming,Intermediate,2.0,0.14285714285714285,11.333333333333334,1.2352941176470587,16.0,1.75,31.235294117647058,1,Advanced / Deep Learners
U00776,1,1,490.9,490.9,4.55,1,2025-04-02,2025-04-02,7.55,Artificial Intelligence,Beginner,0.0,0.0,1.0,1.0,1.0,1.0,3.0,0,Focused / Low-Activity Learners
U00777,4,4,999.88,249.97,3.6675,4,2025-01-04,2025-12-06,34.7475,Finance,Beginner,2.0,0.5,11.2,0.35714285714285715,6.0,1.0,10.357142857142858,0,Focused / Low-Activity Learners
U00778,2,2,0.0,0.0,2.355,2,2025-02-04,2025-03-16,28.245,Machine Learning,Advanced,1.0,0.5,1.3333333333333333,1.5,3.0,1.0,6.5,0,Focused / Low-Activity Learners
U00779,1,1,0.0,0.0,2.38,1,2025-09-30,2025-09-30,16.74,Cybersecurity,Advanced,1.0,1.0,1.0,1.0,2.0,1.0,4.0,0,Focused / Low-Activity Learners
U00780,1,1,0.0,0.0,2.43,1,2025-11-01,2025-11-01,37.7,Programming,Intermediate,0.0,0.0,1.0,1.0,1.0,1.0,3.0,0,Focused / Low-Activity Learners
U00781,1,1,0.0,0.0,3.6,1,2025-01-07,2025-01-07,1.2,Data Science,Intermediate,0.0,0.0,1.0,1.0,1.0,1.0,3.0,0,Focused / Low-Activity Learners
U00782,1,1,0.0,0.0,2.61,1,2025-06-24,2025-06-24,48.68,Design,Advanced,1.0,1.0,1.0,1.0,2.0,1.0,4.0,0,Focused / Low-Activity Learners
U00783,2,2,57.32,28.66,3.88,2,2025-03-24,2025-06-18,26.830000000000002,Web Development,Intermediate,1.0,0.5,2.8666666666666667,0.6976744186046512,3.0,1.0,5.697674418604651,0,Focused / Low-Activity Learners
U00784,2,2,299.57,149.785,4.21,2,2025-06-28,2025-09-16,32.035,Project Management,Beginner,0.0,0.0,2.6666666666666665,0.75,2.0,1.0,4.75,0,Focused / Low-Activity Learners
U00785,1,1,0.0,0.0,4.66,1,2025-02-28,2025-02-28,5.95,Digital Marketing,Intermediate,0.0,0.0,1.0,1.0,1.0,1.0,3.0,0,Focused / Low-Activity Learners
U00786,13,13,1193.7,91.82307692307693,3.2807692307692307,8,2025-02-12,2025-12-20,29.597692307692306,Finance,Advanced,7.0,0.5384615384615384,10.366666666666667,1.2540192926045015,20.0,1.625,34.254019292604504,1,Advanced / Deep Learners
U00787,9,9,510.16999999999996,56.68555555555555,3.12,6,2025-02-20,2025-11-01,24.625555555555554,Programming,Beginner,2.0,0.2222222222222222,8.466666666666667,1.0629921259842519,11.0,1.5,21.062992125984252,1,Advanced / Deep Learners
U00788,2,2,0.0,0.0,1.935,2,2025-02-12,2025-06-10,23.72,Machine Learning,Beginner,0.0,0.0,3.933333333333333,0.5084745762711864,2.0,1.0,4.508474576271187,0,Focused / Low-Activity Learners
U00789,2,2,37.89,18.945,2.475,2,2025-02-17,2025-08-15,28.375,Web Development,Advanced,1.0,0.5,5.966666666666667,0.33519553072625696,3.0,1.0,5.335195530726256,0,Focused / Low-Activity Learners
U00790,2,2,347.48999999999995,173.74499999999998,2.56,2,2025-04-02,2025-09-02,24.19,Project Management,Advanced,2.0,1.0,5.1,0.3921568627450981,4.0,1.0,6.392156862745098,0,Focused / Low-Activity Learners
U00791,2,2,89.59,44.795,3.305,2,2025-09-16,2025-12-16,24.9,Cybersecurity,Intermediate,0.0,0.0,3.033333333333333,0.6593406593406593,2.0,1.0,4.659340659340659,0,Focused / Low-Activity Learners
U00792,1,1,346.71,346.71,1.23,1,2025-01-25,2025-01-25,3.42,Project Management,Advanced,1.0,1.0,1.0,1.0,2.0,1.0,4.0,0,Focused / Low-Activity Learners
U00793,4,4,212.39,53.0975,3.45,3,2025-03-25,2025-08-29,18.5575,Digital Marketing,Advanced,2.0,0.5,5.233333333333333,0.7643312101910827,6.0,1.3333333333333333,10.764331210191083,0,Focused / Low-Activity Learners
U00794,2,2,0.0,0.0,2.58,2,2025-09-07,2025-12-03,22.785,Design,Advanced,1.0,0.5,2.9,0.6896551724137931,3.0,1.0,5.689655172413794,0,Focused / Low-Activity Learners
U00795,3,3,285.05,95.01666666666667,2.9466666666666668,3,2025-05-11,2025-11-21,30.429999999999996,Web Development,Beginner,0.0,0.0,6.466666666666667,0.4639175257731959,3.0,1.0,6.463917525773196,0,Focused / Low-Activity Learners
U00796,2,2,212.39,106.195,2.215,2,2025-07-07,2025-07-14,25.785,Programming,Advanced,1.0,0.5,1.0,2.0,3.0,1.0,7.0,0,Focused / Low-Activity Learners
U00797,3,3,0.0,0.0,3.4499999999999997,3,2025-01-16,2025-07-12,28.46666666666667,Finance,Intermediate,1.0,0.3333333333333333,5.9,0.5084745762711864,4.0,1.0,7.508474576271187,0,Focused / Low-Activity Learners
U00798,1,1,0.0,0.0,1.52,1,2025-06-11,2025-06-11,2.87,Design,Advanced,1.0,1.0,1.0,1.0,2.0,1.0,4.0,0,Focused / Low-Activity Learners
U00799,2,2,0.0,0.0,2.925,2,2025-03-02,2025-08-02,36.7,Web Development,Beginner,0.0,0.0,5.1,0.3921568627450981,2.0,1.0,4.392156862745098,0,Focused / Low-Activity Learners
U00800,2,2,415.51,207.755,3.92,2,2025-03-13,2025-08-02,38.015,Machine Learning,Intermediate,0.0,0.0,4.733333333333333,0.4225352112676056,2.0,1.0,4.422535211267606,0,Focused / Low-Activity Learners
U00801,2,2,415.51,207.755,3.92,2,2025-01-02,2025-09-19,38.015,Machine Learning,Intermediate,0.0,0.0,8.666666666666666,0.23076923076923078,2.0,1.0,4.230769230769231,0,Focused / Low-Activity Learners
U00802,2,2,119.04,59.52,2.95,2,2025-05-24,2025-09-02,22.85,Finance,Advanced,1.0,0.5,3.3666666666666667,0.594059405940594,3.0,1.0,5.594059405940595,0,Focused / Low-Activity Learners
U00803,3,3,276.37,92.12333333333333,2.9633333333333334,3,2025-07-22,2025-10-05,26.94666666666667,Design,Advanced,2.0,0.6666666666666666,2.5,1.2,5.0,1.0,9.2,0,Focused / Low-Activity Learners
U00804,2,2,89.59,44.795,1.98,2,2025-03-01,2025-04-22,15.115,Artificial Intelligence,Beginner,0.0,0.0,1.7333333333333334,1.1538461538461537,2.0,1.0,5.153846153846153,0,Focused / Low-Activity Learners
U00805,1,1,0.0,0.0,4.11,1,2025-11-16,2025-11-16,46.25,Marketing,Intermediate,0.0,0.0,1.0,1.0,1.0,1.0,3.0,0,Focused / Low-Activity Learners
U00806,1,1,0.0,0.0,3.65,1,2025-08-03,2025-08-03,32.64,Data Science,Beginner,0.0,0.0,1.0,1.0,1.0,1.0,3.0,0,Focused / Low-Activity Learners
U00807,1,1,342.61,342.61,4.84,1,2025-03-13,2025-03-13,17.14,Project Management,Intermediate,0.0,0.0,1.0,1.0,1.0,1.0,3.0,0,Focused / Low-Activity Learners
U00808,1,1,0.0,0.0,3.64,1,2025-07-04,2025-07-04,42.7,Artificial Intelligence,Beginner,0.0,0.0,1.0,1.0,1.0,1.0,3.0,0,Focused / Low-Activity Learners
U00809,1,1,490.9,490.9,4.55,1,2025-04-14,2025-04-14,7.55,Artificial Intelligence,Beginner,0.0,0.0,1.0,1.0,1.0,1.0,3.0,0,Focused / Low-Activity Learners
U00810,1,1,276.37,276.37,2.72,1,2025-11-01,2025-11-01,48.84,Design,Advanced,1.0,1.0,1.0,1.0,2.0,1.0,4.0,0,Focused / Low-Activity Learners
U00811,3,3,487.92,162.64000000000001,3.0533333333333332,2,2025-04-30,2025-12-28,41.78,Web Development,Beginner,1.0,0.3333333333333333,8.066666666666666,0.37190082644628103,4.0,1.5,7.37190082644628,0,Focused / Low-Activity Learners
U00812,3,3,285.05,95.01666666666667,3.64,2,2025-03-06,2025-12-02,32.75333333333333,Design,Beginner,1.0,0.3333333333333333,9.033333333333333,0.33210332103321033,4.0,1.5,7.332103321033211,0,Focused / Low-Activity Learners
U00813,4,4,0.0,0.0,3.815,4,2025-09-18,2025-11-15,23.7025,Business,Intermediate,1.0,0.25,1.9333333333333333,2.0689655172413794,5.0,1.0,11.068965517241379,0,Focused / Low-Activity Learners
U00814,1,1,0.0,0.0,2.01,1,2025-05-04,2025-05-04,15.44,Marketing,Advanced,1.0,1.0,1.0,1.0,2.0,1.0,4.0,0,Focused / Low-Activity Learners
U00815,2,2,415.51,207.755,3.92,2,2025-02-05,2025-08-19,38.015,Machine Learning,Intermediate,0.0,0.0,6.5,0.3076923076923077,2.0,1.0,4.3076923076923075,0,Focused / Low-Activity Learners
U00816,3,3,89.59,29.863333333333333,2.106666666666667,3,2025-04-26,2025-12-10,22.186666666666667,Machine Learning,Intermediate,0.0,0.0,7.6,0.39473684210526316,3.0,1.0,6.394736842105264,0,Focused / Low-Activity Learners
U00817,1,1,0.0,0.0,3.32,1,2025-03-08,2025-03-08,48.57,Web Development,Beginner,0.0,0.0,1.0,1.0,1.0,1.0,3.0,0,Focused / Low-Activity Learners
U00818,1,1,0.0,0.0,4.79,1,2025-02-28,2025-02-28,29.37,Marketing,Advanced,1.0,1.0,1.0,1.0,2.0,1.0,4.0,0,Focused / Low-Activity Learners
U00819,14,14,1143.41,81.67214285714286,3.027857142857143,9,2025-01-23,2025-12-04,23.73071428571429,Project Management,Beginner,5.0,0.35714285714285715,10.5,1.3333333333333333,19.0,1.5555555555555556,34.333333333333336,1,Advanced / Deep Learners
U00820,3,3,487.92,162.64000000000001,3.126666666666667,3,2025-04-30,2025-09-28,15.386666666666665,Business,Advanced,1.0,0.3333333333333333,5.033333333333333,0.5960264900662252,4.0,1.0,7.596026490066225,0,Focused / Low-Activity Learners
U00821,13,13,1597.3,122.86923076923077,2.9061538461538463,11,2025-01-11,2025-12-27,24.70384615384615,Project Management,Beginner,3.0,0.23076923076923078,11.666666666666666,1.1142857142857143,16.0,1.1818181818181819,30.114285714285714,1,Advanced / Deep Learners
U00822,1,1,0.0,0.0,2.43,1,2025-02-25,2025-02-25,37.7,Programming,Intermediate,0.0,0.0,1.0,1.0,1.0,1.0,3.0,0,Focused / Low-Activity Learners
U00823,1,1,212.39,212.39,3.15,1,2025-03-03,2025-03-03,22.89,Digital Marketing,Advanced,1.0,1.0,1.0,1.0,2.0,1.0,4.0,0,Focused / Low-Activity Learners
U00824,1,1,0.0,0.0,4.1,1,2025-12-22,2025-12-22,34.83,Finance,Intermediate,0.0,0.0,1.0,1.0,1.0,1.0,3.0,0,Focused / Low-Activity Learners
U00825,3,3,487.92,162.64000000000001,3.703333333333333,3,2025-06-24,2025-11-08,20.336666666666666,Design,Advanced,2.0,0.6666666666666666,4.566666666666666,0.6569343065693432,5.0,1.0,8.656934306569344,0,Focused / Low-Activity Learners
U00826,1,1,53.86,53.86,2.47,1,2025-06-10,2025-06-10,47.08,Finance,Beginner,0.0,0.0,1.0,1.0,1.0,1.0,3.0,0,Focused / Low-Activity Learners
U00827,2,2,0.0,0.0,4.41,2,2025-02-25,2025-04-09,38.754999999999995,Marketing,Intermediate,0.0,0.0,1.4333333333333333,1.3953488372093024,2.0,1.0,5.395348837209302,0,Focused / Low-Activity Learners
U00828,3,3,592.85,197.61666666666667,3.9066666666666663,3,2025-01-18,2025-11-10,40.24666666666666,Marketing,Intermediate,1.0,0.3333333333333333,9.866666666666667,0.30405405405405406,4.0,1.0,7.304054054054054,0,Focused / Low-Activity Learners
U00829,16,16,1338.31,83.644375,3.054375,8,2025-01-17,2025-11-23,28.1275,Cybersecurity,Beginner,3.0,0.1875,10.333333333333334,1.5483870967741935,19.0,2.0,36.54838709677419,1,Advanced / Deep Learners
U00830,1,1,326.02,326.02,2.69,1,2025-05-15,2025-05-15,11.31,Business,Intermediate,0.0,0.0,1.0,1.0,1.0,1.0,3.0,0,Focused / Low-Activity Learners
U00831,2,2,0.0,0.0,3.16,2,2025-07-21,2025-08-01,28.744999999999997,Machine Learning,Advanced,1.0,0.5,1.0,2.0,3.0,1.0,7.0,0,Focused / Low-Activity Learners
U00832,1,1,0.0,0.0,3.85,1,2025-06-08,2025-06-08,19.53,Programming,Beginner,0.0,0.0,1.0,1.0,1.0,1.0,3.0,0,Focused / Low-Activity Learners
U00833,3,3,0.0,0.0,2.0066666666666664,3,2025-03-13,2025-12-05,21.833333333333332,Web Development,Advanced,2.0,0.6666666666666666,8.9,0.33707865168539325,5.0,1.0,8.337078651685394,0,Focused / Low-Activity Learners
U00834,1,1,0.0,0.0,2.2,1,2025-09-25,2025-09-25,40.76,Web Development,Beginner,0.0,0.0,1.0,1.0,1.0,1.0,3.0,0,Focused / Low-Activity Learners
U00835,1,1,0.0,0.0,3.02,1,2025-07-23,2025-07-23,9.71,Data Science,Intermediate,0.0,0.0,1.0,1.0,1.0,1.0,3.0,0,Focused / Low-Activity Learners
U00836,15,15,931.7,62.11333333333334,2.886,9,2025-02-13,2025-11-27,31.968,Digital Marketing,Beginner,3.0,0.2,9.566666666666666,1.5679442508710801,18.0,1.6666666666666667,34.56794425087108,1,Advanced / Deep Learners
U00837,4,4,285.05,71.2625,2.5175,3,2025-04-02,2025-09-06,25.247500000000002,Programming,Beginner,1.0,0.25,5.233333333333333,0.7643312101910827,5.0,1.3333333333333333,9.764331210191083,0,Focused / Low-Activity Learners
U00838,12,12,1027.19,85.59916666666668,2.8408333333333338,8,2025-01-20,2025-12-24,28.470833333333335,Data Science,Advanced,6.0,0.5,11.266666666666667,1.0650887573964496,18.0,1.5,31.06508875739645,1,Advanced / Deep Learners
U00839,1,1,0.0,0.0,4.94,1,2025-08-13,2025-08-13,42.59,Cybersecurity,Beginner,0.0,0.0,1.0,1.0,1.0,1.0,3.0,0,Focused / Low-Activity Learners
U00840,3,3,394.26,131.42,2.4533333333333336,3,2025-08-05,2025-12-21,41.27333333333333,Programming,Intermediate,0.0,0.0,4.6,0.6521739130434783,3.0,1.0,6.6521739130434785,0,Focused / Low-Activity Learners
U00841,1,1,0.0,0.0,1.91,1,2025-07-29,2025-07-29,26.52,Cybersecurity,Intermediate,0.0,0.0,1.0,1.0,1.0,1.0,3.0,0,Focused / Low-Activity Learners
U00842,2,2,89.59,44.795,2.7800000000000002,2,2025-01-26,2025-12-20,23.34,Programming,Intermediate,0.0,0.0,10.933333333333334,0.18292682926829268,2.0,1.0,4.182926829268293,0,Focused / Low-Activity Learners
U00843,1,1,276.37,276.37,2.72,1,2025-01-15,2025-01-15,48.84,Design,Advanced,1.0,1.0,1.0,1.0,2.0,1.0,4.0,0,Focused / Low-Activity Learners
U00844,1,1,0.0,0.0,4.72,1,2025-02-05,2025-02-05,42.68,Marketing,Intermediate,0.0,0.0,1.0,1.0,1.0,1.0,3.0,0,Focused / Low-Activity Learners
U00845,1,1,53.86,53.86,2.47,1,2025-08-18,2025-08-18,47.08,Finance,Beginner,0.0,0.0,1.0,1.0,1.0,1.0,3.0,0,Focused / Low-Activity Learners
U00846,1,1,57.32,57.32,4.74,1,2025-05-27,2025-05-27,43.95,Web Development,Advanced,1.0,1.0,1.0,1.0,2.0,1.0,4.0,0,Focused / Low-Activity Learners
U00847,1,1,0.0,0.0,4.66,1,2025-10-20,2025-10-20,5.95,Digital Marketing,Intermediate,0.0,0.0,1.0,1.0,1.0,1.0,3.0,0,Focused / Low-Activity Learners
U00848,4,4,415.51,103.8775,3.7825,3,2025-02-06,2025-11-27,33.6425,Artificial Intelligence,Intermediate,1.0,0.25,9.8,0.4081632653061224,5.0,1.3333333333333333,9.408163265306122,0,Focused / Low-Activity Learners
U00849,2,2,248.1,124.05,2.42,1,2025-03-20,2025-05-14,26.05,Artificial Intelligence,Beginner,0.0,0.0,1.8333333333333333,1.090909090909091,2.0,2.0,5.090909090909091,0,Focused / Low-Activity Learners
U00850,15,15,897.95,59.86333333333334,3.0846666666666662,9,2025-01-04,2025-12-04,18.318666666666665,Project Management,Advanced,8.0,0.5333333333333333,11.133333333333333,1.347305389221557,23.0,1.6666666666666667,39.34730538922156,1,Advanced / Deep Learners
U00851,1,1,0.0,0.0,4.73,1,2025-06-10,2025-06-10,47.7,Machine Learning,Intermediate,0.0,0.0,1.0,1.0,1.0,1.0,3.0,0,Focused / Low-Activity Learners
U00852,13,13,1579.1399999999999,121.47230769230768,3.4723076923076923,8,2025-01-14,2025-12-17,24.525384615384613,Artificial Intelligence,Intermediate,4.0,0.3076923076923077,11.233333333333333,1.1572700296735905,17.0,1.625,31.15727002967359,1,Advanced / Deep Learners
U00853,2,2,0.0,0.0,2.92,2,2025-03-01,2025-06-01,42.370000000000005,Marketing,Intermediate,0.0,0.0,3.066666666666667,0.6521739130434783,2.0,1.0,4.6521739130434785,0,Focused / Low-Activity Learners
U00854,2,2,299.57,149.785,3.3600000000000003,2,2025-12-12,2025-12-26,33.16,Marketing,Advanced,1.0,0.5,1.0,2.0,3.0,1.0,7.0,0,Focused / Low-Activity Learners
U00855,1,1,0.0,0.0,1.28,1,2025-09-01,2025-09-01,28.68,Programming,Beginner,0.0,0.0,1.0,1.0,1.0,1.0,3.0,0,Focused / Low-Activity Learners
U00856,1,1,0.0,0.0,2.14,1,2025-08-13,2025-08-13,8.95,Digital Marketing,Beginner,0.0,0.0,1.0,1.0,1.0,1.0,3.0,0,Focused / Low-Activity Learners
U00857,1,1,0.0,0.0,3.32,1,2025-06-20,2025-06-20,48.57,Web Development,Beginner,0.0,0.0,1.0,1.0,1.0,1.0,3.0,0,Focused / Low-Activity Learners
U00858,15,15,396.47,26.431333333333335,3.258666666666667,8,2025-01-09,2025-11-27,27.19,Machine Learning,Beginner,4.0,0.26666666666666666,10.733333333333333,1.3975155279503106,19.0,1.875,35.39751552795031,1,Advanced / Deep Learners
U00859,1,1,0.0,0.0,3.02,1,2025-08-07,2025-08-07,9.71,Data Science,Intermediate,0.0,0.0,1.0,1.0,1.0,1.0,3.0,0,Focused / Low-Activity Learners
U00860,1,1,490.9,490.9,4.55,1,2025-05-10,2025-05-10,7.55,Artificial Intelligence,Beginner,0.0,0.0,1.0,1.0,1.0,1.0,3.0,0,Focused / Low-Activity Learners
U00861,1,1,0.0,0.0,1.73,1,2025-10-10,2025-10-10,38.49,Machine Learning,Intermediate,0.0,0.0,1.0,1.0,1.0,1.0,3.0,0,Focused / Low-Activity Learners
U00862,1,1,487.92,487.92,3.64,1,2025-06-30,2025-06-30,36.01,Business,Advanced,1.0,1.0,1.0,1.0,2.0,1.0,4.0,0,Focused / Low-Activity Learners
U00863,1,1,0.0,0.0,2.88,1,2025-05-30,2025-05-30,45.13,Programming,Beginner,0.0,0.0,1.0,1.0,1.0,1.0,3.0,0,Focused / Low-Activity Learners
U00864,1,1,0.0,0.0,2.0,1,2025-08-25,2025-08-25,15.84,Business,Advanced,1.0,1.0,1.0,1.0,2.0,1.0,4.0,0,Focused / Low-Activity Learners
U00865,1,1,285.05,285.05,1.96,1,2025-09-08,2025-09-08,34.78,Business,Beginner,0.0,0.0,1.0,1.0,1.0,1.0,3.0,0,Focused / Low-Activity Learners
U00866,1,1,0.0,0.0,4.73,1,2025-06-02,2025-06-02,47.7,Machine Learning,Intermediate,0.0,0.0,1.0,1.0,1.0,1.0,3.0,0,Focused / Low-Activity Learners
U00867,1,1,0.0,0.0,2.61,1,2025-11-24,2025-11-24,48.68,Design,Advanced,1.0,1.0,1.0,1.0,2.0,1.0,4.0,0,Focused / Low-Activity Learners
U00868,1,1,0.0,0.0,2.14,1,2025-06-13,2025-06-13,8.95,Digital Marketing,Beginner,0.0,0.0,1.0,1.0,1.0,1.0,3.0,0,Focused / Low-Activity Learners
U00869,1,1,0.0,0.0,2.01,1,2025-01-12,2025-01-12,15.44,Marketing,Advanced,1.0,1.0,1.0,1.0,2.0,1.0,4.0,0,Focused / Low-Activity Learners
U00870,15,15,966.14,64.40933333333334,3.4386666666666668,10,2025-01-02,2025-12-30,27.992,Marketing,Advanced,6.0,0.4,12.066666666666666,1.2430939226519337,21.0,1.5,37.24309392265194,1,Advanced / Deep Learners
U00871,2,2,0.0,0.0,2.0549999999999997,2,2025-03-21,2025-09-30,27.615000000000002,Machine Learning,Advanced,1.0,0.5,6.433333333333334,0.31088082901554404,3.0,1.0,5.310880829015544,0,Focused / Low-Activity Learners
U00872,1,1,0.0,0.0,3.32,1,2025-11-15,2025-11-15,48.57,Web Development,Beginner,0.0,0.0,1.0,1.0,1.0,1.0,3.0,0,Focused / Low-Activity Learners
U00873,1,1,0.0,0.0,4.45,1,2025-08-30,2025-08-30,15.29,Design,Advanced,1.0,1.0,1.0,1.0,2.0,1.0,4.0,0,Focused / Low-Activity Learners
U00874,12,12,2175.74,181.31166666666664,3.276666666666667,10,2025-01-05,2025-12-04,30.485833333333332,Project Management,Advanced,5.0,0.4166666666666667,11.1,1.0810810810810811,17.0,1.2,30.08108108108108,1,Advanced / Deep Learners
U00875,1,1,57.32,57.32,4.74,1,2025-09-07,2025-09-07,43.95,Web Development,Advanced,1.0,1.0,1.0,1.0,2.0,1.0,4.0,0,Focused / Low-Activity Learners
U00876,14,14,2352.5,168.03571428571428,3.662857142857143,11,2025-01-02,2025-12-28,27.455714285714286,Digital Marketing,Intermediate,5.0,0.35714285714285715,12.0,1.1666666666666667,19.0,1.2727272727272727,34.166666666666664,1,Advanced / Deep Learners
U00877,1,1,490.9,490.9,4.55,1,2025-08-12,2025-08-12,7.55,Artificial Intelligence,Beginner,0.0,0.0,1.0,1.0,1.0,1.0,3.0,0,Focused / Low-Activity Learners
U00878,1,1,177.34,177.34,3.89,1,2025-05-24,2025-05-24,49.73,Digital Marketing,Advanced,1.0,1.0,1.0,1.0,2.0,1.0,4.0,0,Focused / Low-Activity Learners
U00879,3,3,389.15999999999997,129.72,3.5100000000000002,3,2025-01-03,2025-06-07,32.04,Artificial Intelligence,Intermediate,0.0,0.0,5.166666666666667,0.5806451612903225,3.0,1.0,6.580645161290322,0,Focused / Low-Activity Learners
U00880,1,1,177.34,177.34,3.89,1,2025-08-05,2025-08-05,49.73,Digital Marketing,Advanced,1.0,1.0,1.0,1.0,2.0,1.0,4.0,0,Focused / Low-Activity Learners
U00881,16,16,2703.36,168.96,3.0825,10,2025-01-27,2025-12-03,28.813125,Data Science,Intermediate,3.0,0.1875,10.333333333333334,1.5483870967741935,19.0,1.6,36.54838709677419,1,Advanced / Deep Learners
U00882,1,1,0.0,0.0,2.14,1,2025-03-14,2025-03-14,8.95,Digital Marketing,Beginner,0.0,0.0,1.0,1.0,1.0,1.0,3.0,0,Focused / Low-Activity Learners
U00883,3,3,472.28,157.42666666666665,3.83,3,2025-06-14,2025-10-25,30.483333333333334,Finance,Beginner,1.0,0.3333333333333333,4.433333333333334,0.6766917293233082,4.0,1.0,7.676691729323308,0,Focused / Low-Activity Learners
U00884,1,1,487.92,487.92,3.64,1,2025-08-15,2025-08-15,36.01,Business,Advanced,1.0,1.0,1.0,1.0,2.0,1.0,4.0,0,Focused / Low-Activity Learners
U00885,1,1,117.68,117.68,2.57,1,2025-07-04,2025-07-04,48.09,Data Science,Advanced,1.0,1.0,1.0,1.0,2.0,1.0,4.0,0,Focused / Low-Activity Learners
U00886,2,2,0.0,0.0,1.505,2,2025-01-10,2025-09-14,33.585,Programming,Beginner,0.0,0.0,8.233333333333333,0.24291497975708504,2.0,1.0,4.242914979757085,0,Focused / Low-Activity Learners
U00887,1,1,0.0,0.0,2.14,1,2025-12-30,2025-12-30,8.95,Digital Marketing,Beginner,0.0,0.0,1.0,1.0,1.0,1.0,3.0,0,Focused / Low-Activity Learners
U00888,4,4,491.67999999999995,122.91999999999999,3.525,3,2025-05-15,2025-11-25,20.335,Machine Learning,Advanced,2.0,0.5,6.466666666666667,0.6185567010309279,6.0,1.3333333333333333,10.618556701030927,0,Focused / Low-Activity Learners
U00889,1,1,0.0,0.0,3.02,1,2025-04-24,2025-04-24,9.71,Data Science,Intermediate,0.0,0.0,1.0,1.0,1.0,1.0,3.0,0,Focused / Low-Activity Learners
U00890,2,2,299.57,149.785,2.5100000000000002,2,2025-04-09,2025-12-22,38.5,Programming,Beginner,0.0,0.0,8.566666666666666,0.23346303501945526,2.0,1.0,4.233463035019455,0,Focused / Low-Activity Learners
U00891,2,2,0.0,0.0,4.195,2,2025-07-03,2025-12-04,15.285,Marketing,Advanced,1.0,0.5,5.133333333333334,0.3896103896103896,3.0,1.0,5.3896103896103895,0,Focused / Low-Activity Learners
U00892,4,4,0.0,0.0,4.0375,4,2025-05-29,2025-09-14,33.595,Project Management,Intermediate,0.0,0.0,3.6,1.1111111111111112,4.0,1.0,9.11111111111111,0,Focused / Low-Activity Learners
U00893,12,12,1271.25,105.9375,2.859166666666667,9,2025-01-09,2025-12-10,27.495,Machine Learning,Advanced,6.0,0.5,11.166666666666666,1.0746268656716418,18.0,1.3333333333333333,31.07462686567164,1,Advanced / Deep Learners
U00894,3,3,511.94,170.64666666666668,2.86,3,2025-05-11,2025-09-09,33.82666666666667,Digital Marketing,Intermediate,1.0,0.3333333333333333,4.033333333333333,0.7438016528925621,4.0,1.0,7.743801652892563,0,Focused / Low-Activity Learners
U00895,4,4,548.22,137.055,4.0225,3,2025-03-16,2025-09-10,24.0775,Marketing,Advanced,3.0,0.75,5.933333333333334,0.6741573033707865,7.0,1.3333333333333333,11.674157303370787,0,Focused / Low-Activity Learners
U00896,4,4,118.46000000000001,29.615000000000002,3.3525,4,2025-03-09,2025-12-17,37.77,Marketing,Advanced,3.0,0.75,9.433333333333334,0.42402826855123676,7.0,1.0,11.424028268551236,0,Focused / Low-Activity Learners
U00897,1,1,177.34,177.34,3.89,1,2025-11-22,2025-11-22,49.73,Digital Marketing,Advanced,1.0,1.0,1.0,1.0,2.0,1.0,4.0,0,Focused / Low-Activity Learners
U00898,12,12,663.22,55.26833333333334,2.9808333333333334,8,2025-02-10,2025-11-25,30.536666666666665,Machine Learning,Beginner,3.0,0.25,9.6,1.25,15.0,1.5,28.25,1,Advanced / Deep Learners
U00899,1,1,0.0,0.0,2.01,1,2025-10-08,2025-10-08,15.44,Marketing,Advanced,1.0,1.0,1.0,1.0,2.0,1.0,4.0,0,Focused / Low-Activity Learners
U00900,2,2,119.04,59.52,3.34,2,2025-02-05,2025-02-22,35.83,Cybersecurity,Intermediate,0.0,0.0,1.0,2.0,2.0,1.0,6.0,0,Focused / Low-Activity Learners
U00901,1,1,0.0,0.0,3.93,1,2025-03-19,2025-03-19,48.25,Cybersecurity,Intermediate,0.0,0.0,1.0,1.0,1.0,1.0,3.0,0,Focused / Low-Activity Learners
U00902,2,2,248.1,124.05,1.7000000000000002,2,2025-06-26,2025-08-09,25.08,Web Development,Beginner,0.0,0.0,1.4666666666666666,1.3636363636363638,2.0,1.0,5.363636363636363,0,Focused / Low-Activity Learners
U00903,13,13,1238.72,95.28615384615385,2.9415384615384617,9,2025-01-15,2025-12-02,24.927692307692308,Business,Advanced,6.0,0.46153846153846156,10.7,1.2149532710280375,19.0,1.4444444444444444,33.21495327102804,1,Advanced / Deep Learners
U00904,1,1,0.0,0.0,2.14,1,2025-06-26,2025-06-26,8.95,Digital Marketing,Beginner,0.0,0.0,1.0,1.0,1.0,1.0,3.0,0,Focused / Low-Activity Learners
U00905,1,1,0.0,0.0,4.45,1,2025-03-27,2025-03-27,15.29,Design,Advanced,1.0,1.0,1.0,1.0,2.0,1.0,4.0,0,Focused / Low-Activity Learners
U00906,1,1,299.57,299.57,3.74,1,2025-01-29,2025-01-29,48.32,Data Science,Beginner,0.0,0.0,1.0,1.0,1.0,1.0,3.0,0,Focused / Low-Activity Learners
U00907,12,12,2048.18,170.68166666666664,3.2266666666666666,8,2025-01-18,2025-09-02,29.478333333333335,Business,Beginner,3.0,0.25,7.566666666666666,1.5859030837004406,15.0,1.5,28.58590308370044,1,Advanced / Deep Learners
U00908,1,1,0.0,0.0,3.93,1,2025-09-20,2025-09-20,48.25,Cybersecurity,Intermediate,0.0,0.0,1.0,1.0,1.0,1.0,3.0,0,Focused / Low-Activity Learners
U00909,1,1,0.0,0.0,2.88,1,2025-01-18,2025-01-18,45.13,Programming,Beginner,0.0,0.0,1.0,1.0,1.0,1.0,3.0,0,Focused / Low-Activity Learners
U00910,3,3,367.14,122.38,2.0500000000000003,3,2025-04-10,2025-12-03,24.52333333333333,Finance,Beginner,0.0,0.0,7.9,0.37974683544303794,3.0,1.0,6.379746835443038,0,Focused / Low-Activity Learners
U00911,10,10,996.65,99.66499999999999,3.318,7,2025-01-26,2025-12-23,25.331,Design,Beginner,3.0,0.3,11.033333333333333,0.9063444108761329,13.0,1.4285714285714286,23.906344410876134,1,Advanced / Deep Learners
U00912,1,1,0.0,0.0,1.91,1,2025-12-22,2025-12-22,26.52,Cybersecurity,Intermediate,0.0,0.0,1.0,1.0,1.0,1.0,3.0,0,Focused / Low-Activity Learners
U00913,1,1,57.32,57.32,4.74,1,2025-10-19,2025-10-19,43.95,Web Development,Advanced,1.0,1.0,1.0,1.0,2.0,1.0,4.0,0,Focused / Low-Activity Learners
U00914,1,1,0.0,0.0,4.11,1,2025-08-29,2025-08-29,46.25,Marketing,Intermediate,0.0,0.0,1.0,1.0,1.0,1.0,3.0,0,Focused / Low-Activity Learners
U00915,13,13,1343.61,103.35461538461537,3.1823076923076923,8,2025-01-11,2025-09-20,29.642307692307693,Artificial Intelligence,Beginner,2.0,0.15384615384615385,8.4,1.5476190476190474,14.999999999999998,1.625,29.547619047619044,1,Advanced / Deep Learners
U00916,1,1,0.0,0.0,3.02,1,2025-01-30,2025-01-30,9.71,Data Science,Intermediate,0.0,0.0,1.0,1.0,1.0,1.0,3.0,0,Focused / Low-Activity Learners
U00917,15,15,1319.9099999999999,87.99399999999999,3.098,11,2025-01-02,2025-12-30,22.328666666666667,Business,Advanced,8.0,0.5333333333333333,12.066666666666666,1.2430939226519337,23.0,1.3636363636363635,39.24309392265194,1,Advanced / Deep Learners
U00918,1,1,299.57,299.57,3.74,1,2025-05-05,2025-05-05,48.32,Data Science,Beginner,0.0,0.0,1.0,1.0,1.0,1.0,3.0,0,Focused / Low-Activity Learners
U00919,14,14,1415.33,101.095,2.8007142857142857,8,2025-01-21,2025-12-25,30.62857142857143,Programming,Advanced,5.0,0.35714285714285715,11.266666666666667,1.242603550295858,19.0,1.75,34.242603550295854,1,Advanced / Deep Learners
U00920,1,1,0.0,0.0,4.1,1,2025-05-20,2025-05-20,34.83,Finance,Intermediate,0.0,0.0,1.0,1.0,1.0,1.0,3.0,0,Focused / Low-Activity Learners
U00921,1,1,487.92,487.92,3.64,1,2025-07-12,2025-07-12,36.01,Business,Advanced,1.0,1.0,1.0,1.0,2.0,1.0,4.0,0,Focused / Low-Activity Learners
U00922,2,2,0.0,0.0,1.4,2,2025-02-12,2025-03-11,15.775,Design,Advanced,1.0,0.5,1.0,2.0,3.0,1.0,7.0,0,Focused / Low-Activity Learners
U00923,3,3,511.94,170.64666666666668,1.6833333333333333,3,2025-04-27,2025-10-03,37.28666666666667,Cybersecurity,Advanced,1.0,0.3333333333333333,5.3,0.5660377358490566,4.0,1.0,7.566037735849056,0,Focused / Low-Activity Learners
U00924,1,1,0.0,0.0,2.38,1,2025-04-08,2025-04-08,16.74,Cybersecurity,Advanced,1.0,1.0,1.0,1.0,2.0,1.0,4.0,0,Focused / Low-Activity Learners
U00925,2,2,490.9,245.45,4.605,2,2025-03-06,2025-11-28,6.75,Digital Marketing,Beginner,0.0,0.0,8.9,0.2247191011235955,2.0,1.0,4.224719101123595,0,Focused / Low-Activity Learners
U00926,2,2,342.61,171.305,4.49,2,2025-01-25,2025-12-05,24.455,Project Management,Beginner,0.0,0.0,10.466666666666667,0.19108280254777069,2.0,1.0,4.19108280254777,0,Focused / Low-Activity Learners
U00927,2,2,0.0,0.0,3.065,2,2025-02-16,2025-08-18,20.145,Marketing,Advanced,2.0,1.0,6.1,0.3278688524590164,4.0,1.0,6.327868852459016,0,Focused / Low-Activity Learners
U00928,12,12,1050.48,87.54,2.85,9,2025-01-19,2025-12-17,17.425833333333333,Data Science,Intermediate,4.0,0.3333333333333333,11.066666666666666,1.0843373493975903,16.0,1.3333333333333333,29.08433734939759,1,Advanced / Deep Learners
U00929,4,4,444.48,111.12,3.1875,3,2025-05-02,2025-12-03,26.39,Data Science,Advanced,2.0,0.5,7.166666666666667,0.5581395348837209,6.0,1.3333333333333333,10.558139534883722,0,Focused / Low-Activity Learners
U00930,3,3,534.55,178.1833333333333,3.3233333333333337,3,2025-06-27,2025-12-23,32.663333333333334,Marketing,Intermediate,0.0,0.0,5.966666666666667,0.5027932960893855,3.0,1.0,6.5027932960893855,0,Focused / Low-Activity Learners
U00931,1,1,117.68,117.68,2.57,1,2025-05-04,2025-05-04,48.09,Data Science,Advanced,1.0,1.0,1.0,1.0,2.0,1.0,4.0,0,Focused / Low-Activity Learners
U00932,1,1,57.32,57.32,4.74,1,2025-06-23,2025-06-23,43.95,Web Development,Advanced,1.0,1.0,1.0,1.0,2.0,1.0,4.0,0,Focused / Low-Activity Learners
U00933,1,1,0.0,0.0,2.88,1,2025-08-25,2025-08-25,45.13,Programming,Beginner,0.0,0.0,1.0,1.0,1.0,1.0,3.0,0,Focused / Low-Activity Learners
U00934,1,1,0.0,0.0,4.68,1,2025-08-11,2025-08-11,15.75,Project Management,Beginner,0.0,0.0,1.0,1.0,1.0,1.0,3.0,0,Focused / Low-Activity Learners
U00935,1,1,0.0,0.0,3.65,1,2025-02-24,2025-02-24,32.64,Data Science,Beginner,0.0,0.0,1.0,1.0,1.0,1.0,3.0,0,Focused / Low-Activity Learners
U00936,1,1,0.0,0.0,4.44,1,2025-11-22,2025-11-22,1.46,Digital Marketing,Beginner,0.0,0.0,1.0,1.0,1.0,1.0,3.0,0,Focused / Low-Activity Learners
U00937,1,1,0.0,0.0,1.81,1,2025-12-28,2025-12-28,9.3,Machine Learning,Advanced,1.0,1.0,1.0,1.0,2.0,1.0,4.0,0,Focused / Low-Activity Learners
U00938,1,1,0.0,0.0,4.51,1,2025-05-27,2025-05-27,48.19,Design,Beginner,0.0,0.0,1.0,1.0,1.0,1.0,3.0,0,Focused / Low-Activity Learners
U00939,1,1,0.0,0.0,3.6,1,2025-01-07,2025-01-07,1.2,Data Science,Intermediate,0.0,0.0,1.0,1.0,1.0,1.0,3.0,0,Focused / Low-Activity Learners
U00940,1,1,0.0,0.0,1.91,1,2025-07-10,2025-07-10,26.52,Cybersecurity,Intermediate,0.0,0.0,1.0,1.0,1.0,1.0,3.0,0,Focused / Low-Activity Learners
U00941,2,2,285.05,142.525,1.935,2,2025-05-19,2025-07-30,30.65,Cybersecurity,Beginner,0.0,0.0,2.4,0.8333333333333334,2.0,1.0,4.833333333333334,0,Focused / Low-Activity Learners
U00942,1,1,0.0,0.0,4.14,1,2025-06-23,2025-06-23,31.77,Finance,Beginner,0.0,0.0,1.0,1.0,1.0,1.0,3.0,0,Focused / Low-Activity Learners
U00943,2,2,0.0,0.0,2.195,2,2025-06-07,2025-08-13,16.09,Marketing,Advanced,2.0,1.0,2.2333333333333334,0.8955223880597015,4.0,1.0,6.895522388059701,0,Focused / Low-Activity Learners
U00944,1,1,117.68,117.68,2.57,1,2025-06-18,2025-06-18,48.09,Data Science,Advanced,1.0,1.0,1.0,1.0,2.0,1.0,4.0,0,Focused / Low-Activity Learners
U00945,1,1,0.0,0.0,4.68,1,2025-04-30,2025-04-30,15.75,Project Management,Beginner,0.0,0.0,1.0,1.0,1.0,1.0,3.0,0,Focused / Low-Activity Learners
U00946,1,1,0.0,0.0,4.72,1,2025-09-05,2025-09-05,42.68,Marketing,Intermediate,0.0,0.0,1.0,1.0,1.0,1.0,3.0,0,Focused / Low-Activity Learners
U00947,1,1,0.0,0.0,2.14,1,2025-04-03,2025-04-03,8.95,Digital Marketing,Beginner,0.0,0.0,1.0,1.0,1.0,1.0,3.0,0,Focused / Low-Activity Learners
U00948,3,3,0.0,0.0,4.223333333333333,3,2025-02-13,2025-10-27,32.346666666666664,Programming,Intermediate,0.0,0.0,8.533333333333333,0.3515625,3.0,1.0,6.3515625,0,Focused / Low-Activity Learners
U00949,4,4,0.0,0.0,3.165,3,2025-05-18,2025-12-03,29.740000000000002,Machine Learning,Beginner,1.0,0.25,6.633333333333334,0.6030150753768844,5.0,1.3333333333333333,9.603015075376884,0,Focused / Low-Activity Learners
U00950,1,1,0.0,0.0,4.66,1,2025-11-16,2025-11-16,5.95,Digital Marketing,Intermediate,0.0,0.0,1.0,1.0,1.0,1.0,3.0,0,Focused / Low-Activity Learners
U00951,2,2,342.61,171.305,4.75,2,2025-01-12,2025-09-11,11.545,Project Management,Intermediate,0.0,0.0,8.066666666666666,0.24793388429752067,2.0,1.0,4.24793388429752,0,Focused / Low-Activity Learners
U00952,2,2,0.0,0.0,3.5,2,2025-04-07,2025-05-04,20.91,Business,Advanced,1.0,0.5,1.0,2.0,3.0,1.0,7.0,0,Focused / Low-Activity Learners
U00953,3,3,89.59,29.863333333333333,2.646666666666667,3,2025-07-08,2025-07-21,14.926666666666668,Artificial Intelligence,Intermediate,1.0,0.3333333333333333,1.0,3.0,4.0,1.0,10.0,0,Focused / Low-Activity Learners
U00954,2,2,0.0,0.0,3.36,2,2025-08-10,2025-08-19,29.259999999999998,Marketing,Advanced,1.0,0.5,1.0,2.0,3.0,1.0,7.0,0,Focused / Low-Activity Learners
U00955,3,3,0.0,0.0,3.3800000000000003,2,2025-03-29,2025-12-04,18.826666666666664,Finance,Advanced,2.0,0.6666666666666666,8.333333333333334,0.36,5.0,1.5,8.36,0,Focused / Low-Activity Learners
U00956,1,1,327.99,327.99,1.51,1,2025-05-20,2025-05-20,12.13,Project Management,Beginner,0.0,0.0,1.0,1.0,1.0,1.0,3.0,0,Focused / Low-Activity Learners
U00957,3,3,212.39,70.79666666666667,2.6733333333333333,2,2025-02-04,2025-08-04,34.57333333333333,Web Development,Advanced,2.0,0.6666666666666666,6.033333333333333,0.4972375690607735,5.0,1.5,8.497237569060774,0,Focused / Low-Activity Learners
U00958,2,2,0.0,0.0,4.550000000000001,1,2025-01-10,2025-03-03,3.705,Digital Marketing,Beginner,0.0,0.0,1.7333333333333334,1.1538461538461537,2.0,2.0,5.153846153846153,0,Focused / Low-Activity Learners
U00959,13,13,1444.05,111.08076923076922,3.110769230769231,9,2025-01-10,2025-12-01,32.941538461538464,Machine Learning,Advanced,5.0,0.38461538461538464,10.833333333333334,1.2,18.0,1.4444444444444444,32.2,1,Advanced / Deep Learners
U00960,1,1,0.0,0.0,2.61,1,2025-11-23,2025-11-23,48.68,Design,Advanced,1.0,1.0,1.0,1.0,2.0,1.0,4.0,0,Focused / Low-Activity Learners
U00961,14,14,1242.93,88.7807142857143,3.251428571428572,9,2025-01-13,2025-12-05,27.983571428571427,Programming,Beginner,5.0,0.35714285714285715,10.866666666666667,1.2883435582822085,19.0,1.5555555555555556,34.28834355828221,1,Advanced / Deep Learners
U00962,1,1,0.0,0.0,3.15,1,2025-03-25,2025-03-25,22.29,Business,Advanced,1.0,1.0,1.0,1.0,2.0,1.0,4.0,0,Focused / Low-Activity Learners
U00963,2,2,0.0,0.0,2.9699999999999998,2,2025-05-23,2025-08-13,31.845,Marketing,Intermediate,1.0,0.5,2.7333333333333334,0.7317073170731707,3.0,1.0,5.7317073170731705,0,Focused / Low-Activity Learners
U00964,1,1,0.0,0.0,2.98,1,2025-12-20,2025-12-20,18.0,Marketing,Advanced,1.0,1.0,1.0,1.0,2.0,1.0,4.0,0,Focused / Low-Activity Learners
U00965,1,1,0.0,0.0,2.14,1,2025-01-01,2025-01-01,8.95,Digital Marketing,Beginner,0.0,0.0,1.0,1.0,1.0,1.0,3.0,0,Focused / Low-Activity Learners
U00966,1,1,0.0,0.0,2.43,1,2025-05-22,2025-05-22,37.7,Programming,Intermediate,0.0,0.0,1.0,1.0,1.0,1.0,3.0,0,Focused / Low-Activity Learners
U00967,14,14,816.75,58.339285714285715,3.092142857142857,8,2025-01-12,2025-12-04,30.58642857142857,Project Management,Beginner,4.0,0.2857142857142857,10.866666666666667,1.2883435582822085,18.0,1.75,33.28834355828221,1,Advanced / Deep Learners
U00968,2,2,0.0,0.0,2.525,2,2025-04-24,2025-06-15,43.53,Web Development,Beginner,0.0,0.0,1.7333333333333334,1.1538461538461537,2.0,1.0,5.153846153846153,0,Focused / Low-Activity Learners
U00969,1,1,248.1,248.1,1.2,1,2025-03-02,2025-03-02,9.4,Artificial Intelligence,Beginner,0.0,0.0,1.0,1.0,1.0,1.0,3.0,0,Focused / Low-Activity Learners
U00970,1,1,285.05,285.05,1.96,1,2025-05-04,2025-05-04,34.78,Business,Beginner,0.0,0.0,1.0,1.0,1.0,1.0,3.0,0,Focused / Low-Activity Learners
U00971,3,3,490.9,163.63333333333333,4.12,3,2025-03-19,2025-09-07,15.543333333333335,Marketing,Advanced,1.0,0.3333333333333333,5.733333333333333,0.5232558139534884,4.0,1.0,7.523255813953488,0,Focused / Low-Activity Learners
U00972,4,4,591.3199999999999,147.82999999999998,3.6125,4,2025-03-13,2025-08-13,31.42,Web Development,Beginner,0.0,0.0,5.1,0.7843137254901962,4.0,1.0,8.784313725490197,0,Focused / Low-Activity Learners
U00973,1,1,57.32,57.32,4.74,1,2025-11-16,2025-11-16,43.95,Web Development,Advanced,1.0,1.0,1.0,1.0,2.0,1.0,4.0,0,Focused / Low-Activity Learners
U00974,1,1,0.0,0.0,4.66,1,2025-06-03,2025-06-03,5.95,Digital Marketing,Intermediate,0.0,0.0,1.0,1.0,1.0,1.0,3.0,0,Focused / Low-Activity Learners
U00975,1,1,0.0,0.0,3.32,1,2025-09-15,2025-09-15,48.57,Web Development,Beginner,0.0,0.0,1.0,1.0,1.0,1.0,3.0,0,Focused / Low-Activity Learners
U00976,12,12,1462.63,121.88583333333334,3.1658333333333335,9,2025-02-07,2025-12-10,28.9175,Design,Advanced,5.0,0.4166666666666667,10.2,1.1764705882352942,17.0,1.3333333333333333,30.176470588235293,1,Advanced / Deep Learners
U00977,1,1,0.0,0.0,2.98,1,2025-09-14,2025-09-14,18.0,Marketing,Advanced,1.0,1.0,1.0,1.0,2.0,1.0,4.0,0,Focused / Low-Activity Learners
U00978,1,1,0.0,0.0,4.51,1,2025-06-05,2025-06-05,48.19,Design,Beginner,0.0,0.0,1.0,1.0,1.0,1.0,3.0,0,Focused / Low-Activity Learners
U00979,3,3,0.0,0.0,4.1433333333333335,3,2025-01-23,2025-12-27,36.26,Cybersecurity,Beginner,1.0,0.3333333333333333,11.266666666666667,0.2662721893491124,4.0,1.0,7.266272189349112,0,Focused / Low-Activity Learners
U00980,1,1,0.0,0.0,1.59,1,2025-04-24,2025-04-24,6.36,Finance,Advanced,1.0,1.0,1.0,1.0,2.0,1.0,4.0,0,Focused / Low-Activity Learners
U00981,13,13,1437.21,110.55461538461539,2.746923076923077,9,2025-01-10,2025-12-26,27.83153846153846,Project Management,Advanced,7.0,0.5384615384615384,11.666666666666666,1.1142857142857143,20.0,1.4444444444444444,34.114285714285714,1,Advanced / Deep Learners
U00982,1,1,346.71,346.71,1.23,1,2025-08-09,2025-08-09,3.42,Project Management,Advanced,1.0,1.0,1.0,1.0,2.0,1.0,4.0,0,Focused / Low-Activity Learners
U00983,1,1,0.0,0.0,2.0,1,2025-07-16,2025-07-16,15.84,Business,Advanced,1.0,1.0,1.0,1.0,2.0,1.0,4.0,0,Focused / Low-Activity Learners
U00984,1,1,415.51,415.51,3.11,1,2025-02-01,2025-02-01,28.33,Artificial Intelligence,Intermediate,0.0,0.0,1.0,1.0,1.0,1.0,3.0,0,Focused / Low-Activity Learners
U00985,1,1,0.0,0.0,1.81,1,2025-08-19,2025-08-19,9.3,Machine Learning,Advanced,1.0,1.0,1.0,1.0,2.0,1.0,4.0,0,Focused / Low-Activity Learners
U00986,2,2,0.0,0.0,3.66,1,2025-02-26,2025-12-06,29.665,Cybersecurity,Advanced,1.0,0.5,9.433333333333334,0.21201413427561838,3.0,2.0,5.212014134275618,0,Focused / Low-Activity Learners
U00987,1,1,0.0,0.0,4.44,1,2025-11-03,2025-11-03,1.46,Digital Marketing,Beginner,0.0,0.0,1.0,1.0,1.0,1.0,3.0,0,Focused / Low-Activity Learners
U00988,1,1,0.0,0.0,2.38,1,2025-07-11,2025-07-11,16.74,Cybersecurity,Advanced,1.0,1.0,1.0,1.0,2.0,1.0,4.0,0,Focused / Low-Activity Learners
U00989,12,12,993.62,82.80166666666666,2.6199999999999997,9,2025-01-06,2025-12-11,21.1125,Programming,Advanced,6.0,0.5,11.3,1.0619469026548671,18.0,1.3333333333333333,31.061946902654867,1,Advanced / Deep Learners
U00990,1,1,0.0,0.0,4.1,1,2025-07-19,2025-07-19,34.83,Finance,Intermediate,0.0,0.0,1.0,1.0,1.0,1.0,3.0,0,Focused / Low-Activity Learners
U00991,1,1,89.59,89.59,2.68,1,2025-05-15,2025-05-15,1.55,Artificial Intelligence,Intermediate,0.0,0.0,1.0,1.0,1.0,1.0,3.0,0,Focused / Low-Activity Learners
U00992,4,4,952.31,238.0775,2.8225,4,2025-01-24,2025-09-03,26.762500000000003,Project Management,Advanced,3.0,0.75,7.4,0.5405405405405405,7.0,1.0,11.54054054054054,0,Focused / Low-Activity Learners
U00993,1,1,326.02,326.02,2.69,1,2025-11-26,2025-11-26,11.31,Business,Intermediate,0.0,0.0,1.0,1.0,1.0,1.0,3.0,0,Focused / Low-Activity Learners
U00994,1,1,0.0,0.0,4.73,1,2025-03-14,2025-03-14,47.7,Machine Learning,Intermediate,0.0,0.0,1.0,1.0,1.0,1.0,3.0,0,Focused / Low-Activity Learners
U00995,2,2,0.0,0.0,2.29,2,2025-08-24,2025-12-27,28.75,Cybersecurity,Advanced,1.0,0.5,4.166666666666667,0.48,3.0,1.0,5.48,0,Focused / Low-Activity Learners
U00996,1,1,0.0,0.0,4.66,1,2025-05-14,2025-05-14,5.95,Digital Marketing,Intermediate,0.0,0.0,1.0,1.0,1.0,1.0,3.0,0,Focused / Low-Activity Learners
U00997,15,15,460.49,30.699333333333335,3.1686666666666667,8,2025-01-16,2025-11-11,22.838,Machine Learning,Advanced,7.0,0.4666666666666667,9.966666666666667,1.5050167224080266,22.0,1.875,38.50501672240803,1,Advanced / Deep Learners
U00998,2,2,327.99,163.995,2.555,2,2025-07-25,2025-08-26,6.665,Project Management,Beginner,0.0,0.0,1.0666666666666667,1.875,2.0,1.0,5.875,0,Focused / Low-Activity Learners
U00999,1,1,0.0,0.0,4.51,1,2025-06-08,2025-06-08,48.19,Design,Beginner,0.0,0.0,1.0,1.0,1.0,1.0,3.0,0,Focused / Low-Activity Learners
U01000,12,12,1151.4199999999998,95.95166666666665,3.4483333333333337,7,2025-01-12,2025-11-21,35.538333333333334,Machine Learning,Intermediate,5.0,0.4166666666666667,10.433333333333334,1.1501597444089458,17.0,1.7142857142857142,30.150159744408946,1,Advanced / Deep Learners
U01001,1,1,0.0,0.0,3.45,1,2025-09-22,2025-09-22,33.93,Project Management,Intermediate,0.0,0.0,1.0,1.0,1.0,1.0,3.0,0,Focused / Low-Activity Learners
U01002,1,1,0.0,0.0,3.15,1,2025-06-03,2025-06-03,22.29,Business,Advanced,1.0,1.0,1.0,1.0,2.0,1.0,4.0,0,Focused / Low-Activity Learners
U01003,1,1,0.0,0.0,2.0,1,2025-09-17,2025-09-17,15.84,Business,Advanced,1.0,1.0,1.0,1.0,2.0,1.0,4.0,0,Focused / Low-Activity Learners
U01004,1,1,415.51,415.51,3.11,1,2025-06-03,2025-06-03,28.33,Artificial Intelligence,Intermediate,0.0,0.0,1.0,1.0,1.0,1.0,3.0,0,Focused / Low-Activity Learners
U01005,1,1,119.04,119.04,2.75,1,2025-12-11,2025-12-11,23.41,Finance,Intermediate,0.0,0.0,1.0,1.0,1.0,1.0,3.0,0,Focused / Low-Activity Learners
U01006,2,2,37.89,18.945,1.8650000000000002,2,2025-04-29,2025-11-12,30.905,Web Development,Advanced,1.0,0.5,6.566666666666666,0.30456852791878175,3.0,1.0,5.304568527918782,0,Focused / Low-Activity Learners
U01007,1,1,0.0,0.0,4.1,1,2025-07-28,2025-07-28,34.83,Finance,Intermediate,0.0,0.0,1.0,1.0,1.0,1.0,3.0,0,Focused / Low-Activity Learners
U01008,2,2,0.0,0.0,3.24,2,2025-02-21,2025-07-10,23.165000000000003,Programming,Beginner,0.0,0.0,4.633333333333334,0.4316546762589928,2.0,1.0,4.431654676258993,0,Focused / Low-Activity Learners
U01009,1,1,0.78,0.78,3.89,1,2025-02-02,2025-02-02,44.96,Machine Learning,Advanced,1.0,1.0,1.0,1.0,2.0,1.0,4.0,0,Focused / Low-Activity Learners
U01010,1,1,0.0,0.0,2.61,1,2025-06-22,2025-06-22,48.68,Design,Advanced,1.0,1.0,1.0,1.0,2.0,1.0,4.0,0,Focused / Low-Activity Learners
U01011,1,1,248.1,248.1,1.2,1,2025-09-07,2025-09-07,9.4,Artificial Intelligence,Beginner,0.0,0.0,1.0,1.0,1.0,1.0,3.0,0,Focused / Low-Activity Learners
U01012,1,1,327.99,327.99,1.51,1,2025-04-21,2025-04-21,12.13,Project Management,Beginner,0.0,0.0,1.0,1.0,1.0,1.0,3.0,0,Focused / Low-Activity Learners
U01013,3,3,299.57,99.85666666666667,2.8033333333333332,3,2025-03-22,2025-07-21,24.493333333333336,Design,Advanced,2.0,0.6666666666666666,4.033333333333333,0.7438016528925621,5.0,1.0,8.743801652892563,0,Focused / Low-Activity Learners
U01014,3,3,0.0,0.0,3.366666666666667,3,2025-02-15,2025-12-09,24.47666666666667,Marketing,Advanced,2.0,0.6666666666666666,9.9,0.30303030303030304,5.0,1.0,8.303030303030303,0,Focused / Low-Activity Learners
U01015,15,15,1192.84,79.52266666666667,3.234,9,2025-01-14,2025-12-25,29.112666666666666,Data Science,Intermediate,5.0,0.3333333333333333,11.5,1.3043478260869565,20.0,1.6666666666666667,36.30434782608695,1,Advanced / Deep Learners
U01016,2,2,57.32,28.66,3.165,2,2025-01-03,2025-03-02,25.155,Finance,Advanced,2.0,1.0,1.9333333333333333,1.0344827586206897,4.0,1.0,7.0344827586206895,0,Focused / Low-Activity Learners
U01017,2,2,611.0699999999999,305.53499999999997,2.325,1,2025-01-12,2025-02-24,23.045,Business,Intermediate,0.0,0.0,1.4333333333333333,1.3953488372093024,2.0,2.0,5.395348837209302,0,Focused / Low-Activity Learners
U01018,1,1,0.0,0.0,4.14,1,2025-12-02,2025-12-02,31.77,Finance,Beginner,0.0,0.0,1.0,1.0,1.0,1.0,3.0,0,Focused / Low-Activity Learners
U01019,1,1,0.0,0.0,4.14,1,2025-12-19,2025-12-19,31.77,Finance,Beginner,0.0,0.0,1.0,1.0,1.0,1.0,3.0,0,Focused / Low-Activity Learners
U01020,12,12,1169.1499999999999,97.42916666666666,2.72,9,2025-02-07,2025-11-30,22.503333333333334,Web Development,Intermediate,3.0,0.25,9.866666666666667,1.2162162162162162,15.0,1.3333333333333333,28.216216216216218,1,Advanced / Deep Learners
U01021,2,2,0.0,0.0,3.355,2,2025-04-11,2025-08-23,44.474999999999994,Design,Beginner,0.0,0.0,4.466666666666667,0.44776119402985076,2.0,1.0,4.447761194029851,0,Focused / Low-Activity Learners
U01022,13,13,869.3,66.86923076923077,3.6884615384615387,10,2025-01-11,2025-12-20,35.52538461538462,Web Development,Intermediate,2.0,0.15384615384615385,11.433333333333334,1.1370262390670554,14.999999999999998,1.3,29.137026239067055,1,Advanced / Deep Learners
U01023,2,2,0.0,0.0,4.22,2,2025-02-16,2025-04-14,48.22,Design,Beginner,0.0,0.0,1.9,1.0526315789473684,2.0,1.0,5.052631578947368,0,Focused / Low-Activity Learners
U01024,3,3,487.92,162.64000000000001,4.246666666666667,2,2025-04-06,2025-10-09,14.473333333333334,Digital Marketing,Advanced,1.0,0.3333333333333333,6.2,0.48387096774193544,4.0,1.5,7.483870967741936,0,Focused / Low-Activity Learners
U01025,1,1,490.9,490.9,4.55,1,2025-07-22,2025-07-22,7.55,Artificial Intelligence,Beginner,0.0,0.0,1.0,1.0,1.0,1.0,3.0,0,Focused / Low-Activity Learners
U01026,1,1,0.0,0.0,4.14,1,2025-12-23,2025-12-23,31.77,Finance,Beginner,0.0,0.0,1.0,1.0,1.0,1.0,3.0,0,Focused / Low-Activity Learners
U01027,2,2,0.0,0.0,2.3,2,2025-02-04,2025-05-11,38.625,Web Development,Beginner,0.0,0.0,3.2,0.625,2.0,1.0,4.625,0,Focused / Low-Activity Learners
U01028,2,2,327.99,163.995,2.195,2,2025-01-25,2025-08-05,28.630000000000003,Project Management,Beginner,0.0,0.0,6.4,0.3125,2.0,1.0,4.3125,0,Focused / Low-Activity Learners
U01029,1,1,119.04,119.04,2.75,1,2025-08-07,2025-08-07,23.41,Finance,Intermediate,0.0,0.0,1.0,1.0,1.0,1.0,3.0,0,Focused / Low-Activity Learners
U01030,1,1,0.0,0.0,4.72,1,2025-08-24,2025-08-24,42.68,Marketing,Intermediate,0.0,0.0,1.0,1.0,1.0,1.0,3.0,0,Focused / Low-Activity Learners
U01031,13,13,1539.38,118.41384615384617,3.331538461538462,8,2025-01-06,2025-11-12,25.633846153846154,Design,Advanced,5.0,0.38461538461538464,10.333333333333334,1.2580645161290323,18.0,1.625,32.25806451612903,1,Advanced / Deep Learners
U01032,14,14,1389.57,99.255,3.386428571428571,10,2025-02-10,2025-12-19,28.205000000000002,Marketing,Advanced,7.0,0.5,10.4,1.346153846153846,21.0,1.4,36.34615384615385,1,Advanced / Deep Learners
U01033,13,13,1830.5,140.80769230769232,3.1692307692307695,7,2025-01-04,2025-12-17,33.183076923076925,Business,Advanced,5.0,0.38461538461538464,11.566666666666666,1.1239193083573487,18.0,1.8571428571428572,32.12391930835735,1,Advanced / Deep Learners
U01034,12,12,149.07,12.4225,3.2566666666666664,7,2025-01-29,2025-11-19,32.11666666666667,Finance,Intermediate,4.0,0.3333333333333333,9.8,1.2244897959183672,16.0,1.7142857142857142,29.224489795918366,1,Advanced / Deep Learners
U01035,3,3,772.97,257.6566666666667,2.47,2,2025-01-08,2025-08-18,26.69666666666667,Business,Advanced,2.0,0.6666666666666666,7.4,0.4054054054054054,5.0,1.5,8.405405405405405,0,Focused / Low-Activity Learners
U01036,1,1,0.0,0.0,1.59,1,2025-03-19,2025-03-19,6.36,Finance,Advanced,1.0,1.0,1.0,1.0,2.0,1.0,4.0,0,Focused / Low-Activity Learners
U01037,1,1,415.51,415.51,3.11,1,2025-05-24,2025-05-24,28.33,Artificial Intelligence,Intermediate,0.0,0.0,1.0,1.0,1.0,1.0,3.0,0,Focused / Low-Activity Learners
U01038,1,1,342.61,342.61,4.84,1,2025-05-12,2025-05-12,17.14,Project Management,Intermediate,0.0,0.0,1.0,1.0,1.0,1.0,3.0,0,Focused / Low-Activity Learners
U01039,1,1,0.0,0.0,4.94,1,2025-11-17,2025-11-17,42.59,Cybersecurity,Beginner,0.0,0.0,1.0,1.0,1.0,1.0,3.0,0,Focused / Low-Activity Learners
U01040,1,1,285.05,285.05,1.96,1,2025-11-26,2025-11-26,34.78,Business,Beginner,0.0,0.0,1.0,1.0,1.0,1.0,3.0,0,Focused / Low-Activity Learners
U01041,1,1,0.0,0.0,2.67,1,2025-06-18,2025-06-18,40.07,Web Development,Advanced,1.0,1.0,1.0,1.0,2.0,1.0,4.0,0,Focused / Low-Activity Learners
U01042,1,1,0.0,0.0,3.45,1,2025-04-30,2025-04-30,33.93,Project Management,Intermediate,0.0,0.0,1.0,1.0,1.0,1.0,3.0,0,Focused / Low-Activity Learners
U01043,4,4,57.32,14.33,2.515,3,2025-06-01,2025-12-21,25.805,Web Development,Advanced,3.0,0.75,6.766666666666667,0.5911330049261084,7.0,1.3333333333333333,11.591133004926109,0,Focused / Low-Activity Learners
U01044,1,1,0.0,0.0,2.67,1,2025-05-03,2025-05-03,40.07,Web Development,Advanced,1.0,1.0,1.0,1.0,2.0,1.0,4.0,0,Focused / Low-Activity Learners
U01045,2,2,0.0,0.0,3.24,2,2025-03-29,2025-09-24,23.165000000000003,Programming,Beginner,0.0,0.0,5.966666666666667,0.33519553072625696,2.0,1.0,4.335195530726256,0,Focused / Low-Activity Learners
U01046,1,1,53.86,53.86,2.47,1,2025-04-11,2025-04-11,47.08,Finance,Beginner,0.0,0.0,1.0,1.0,1.0,1.0,3.0,0,Focused / Low-Activity Learners
U01047,1,1,0.0,0.0,4.51,1,2025-12-24,2025-12-24,48.19,Design,Beginner,0.0,0.0,1.0,1.0,1.0,1.0,3.0,0,Focused / Low-Activity Learners
U01048,1,1,0.0,0.0,1.81,1,2025-03-03,2025-03-03,9.3,Machine Learning,Advanced,1.0,1.0,1.0,1.0,2.0,1.0,4.0,0,Focused / Low-Activity Learners
U01049,2,2,0.0,0.0,3.335,1,2025-04-13,2025-08-10,21.175,Data Science,Intermediate,0.0,0.0,3.966666666666667,0.5042016806722689,2.0,2.0,4.504201680672269,0,Focused / Low-Activity Learners
U01050,1,1,0.0,0.0,1.91,1,2025-12-17,2025-12-17,26.52,Cybersecurity,Intermediate,0.0,0.0,1.0,1.0,1.0,1.0,3.0,0,Focused / Low-Activity Learners
U01051,2,2,0.0,0.0,3.23,2,2025-08-20,2025-09-24,15.364999999999998,Marketing,Advanced,2.0,1.0,1.1666666666666667,1.7142857142857142,4.0,1.0,7.714285714285714,0,Focused / Low-Activity Learners
U01052,2,2,0.0,0.0,4.62,2,2025-03-22,2025-09-24,47.945,Machine Learning,Beginner,0.0,0.0,6.2,0.3225806451612903,2.0,1.0,4.32258064516129,0,Focused / Low-Activity Learners
U01053,1,1,0.0,0.0,3.02,1,2025-09-18,2025-09-18,9.71,Data Science,Intermediate,0.0,0.0,1.0,1.0,1.0,1.0,3.0,0,Focused / Low-Activity Learners
U01054,2,2,0.0,0.0,2.21,2,2025-02-13,2025-09-07,28.990000000000002,Machine Learning,Advanced,2.0,1.0,6.866666666666666,0.29126213592233013,4.0,1.0,6.29126213592233,0,Focused / Low-Activity Learners
U01055,1,1,0.0,0.0,4.73,1,2025-01-26,2025-01-26,47.7,Machine Learning,Intermediate,0.0,0.0,1.0,1.0,1.0,1.0,3.0,0,Focused / Low-Activity Learners
U01056,2,2,0.78,0.39,3.91,2,2025-04-14,2025-11-18,46.605000000000004,Machine Learning,Advanced,1.0,0.5,7.266666666666667,0.27522935779816515,3.0,1.0,5.275229357798166,0,Focused / Low-Activity Learners
U01057,1,1,0.0,0.0,4.1,1,2025-07-25,2025-07-25,34.83,Finance,Intermediate,0.0,0.0,1.0,1.0,1.0,1.0,3.0,0,Focused / Low-Activity Learners
U01058,2,2,606.65,303.325,2.25,2,2025-04-01,2025-08-16,35.165,Digital Marketing,Advanced,1.0,0.5,4.566666666666666,0.43795620437956206,3.0,1.0,5.437956204379562,0,Focused / Low-Activity Learners
U01059,1,1,0.0,0.0,4.72,1,2025-11-27,2025-11-27,42.68,Marketing,Intermediate,0.0,0.0,1.0,1.0,1.0,1.0,3.0,0,Focused / Low-Activity Learners
U01060,1,1,119.04,119.04,2.75,1,2025-08-16,2025-08-16,23.41,Finance,Intermediate,0.0,0.0,1.0,1.0,1.0,1.0,3.0,0,Focused / Low-Activity Learners
U01061,2,2,342.61,171.305,4.76,1,2025-03-05,2025-06-15,16.445,Project Management,Beginner,0.0,0.0,3.4,0.5882352941176471,2.0,2.0,4.588235294117647,0,Focused / Low-Activity Learners
U01062,1,1,0.0,0.0,4.45,1,2025-02-22,2025-02-22,15.29,Design,Advanced,1.0,1.0,1.0,1.0,2.0,1.0,4.0,0,Focused / Low-Activity Learners
U01063,1,1,0.0,0.0,2.67,1,2025-01-26,2025-01-26,40.07,Web Development,Advanced,1.0,1.0,1.0,1.0,2.0,1.0,4.0,0,Focused / Low-Activity Learners
U01064,2,2,487.92,243.96,4.16,2,2025-05-17,2025-10-30,25.88,Project Management,Advanced,1.0,0.5,5.533333333333333,0.3614457831325301,3.0,1.0,5.36144578313253,0,Focused / Low-Activity Learners
U01065,4,4,327.99,81.9975,2.6574999999999998,4,2025-02-01,2025-11-25,19.435000000000002,Project Management,Advanced,2.0,0.5,9.9,0.40404040404040403,6.0,1.0,10.404040404040405,0,Focused / Low-Activity Learners
U01066,12,12,970.1700000000001,80.84750000000001,2.953333333333333,7,2025-01-18,2025-12-30,20.226666666666667,Project Management,Advanced,4.0,0.3333333333333333,11.533333333333333,1.0404624277456647,16.0,1.7142857142857142,29.040462427745666,1,Advanced / Deep Learners
U01067,1,1,0.0,0.0,1.91,1,2025-06-19,2025-06-19,26.52,Cybersecurity,Intermediate,0.0,0.0,1.0,1.0,1.0,1.0,3.0,0,Focused / Low-Activity Learners
U01068,2,2,0.0,0.0,4.2700000000000005,2,2025-05-25,2025-10-04,21.895000000000003,Cybersecurity,Beginner,0.0,0.0,4.4,0.45454545454545453,2.0,1.0,4.454545454545455,0,Focused / Low-Activity Learners
U01069,1,1,0.0,0.0,4.94,1,2025-08-06,2025-08-06,42.59,Cybersecurity,Beginner,0.0,0.0,1.0,1.0,1.0,1.0,3.0,0,Focused / Low-Activity Learners
U01070,1,1,0.0,0.0,4.14,1,2025-09-28,2025-09-28,31.77,Finance,Beginner,0.0,0.0,1.0,1.0,1.0,1.0,3.0,0,Focused / Low-Activity Learners
U01071,2,2,497.44,248.72,2.5549999999999997,2,2025-01-23,2025-11-29,28.835,Digital Marketing,Beginner,1.0,0.5,10.333333333333334,0.1935483870967742,3.0,1.0,5.193548387096774,0,Focused / Low-Activity Learners
U01072,1,1,327.99,327.99,1.51,1,2025-05-03,2025-05-03,12.13,Project Management,Beginner,0.0,0.0,1.0,1.0,1.0,1.0,3.0,0,Focused / Low-Activity Learners
U01073,2,2,748.65,374.325,3.7300000000000004,2,2025-07-19,2025-10-20,29.92,Programming,Beginner,1.0,0.5,3.1,0.6451612903225806,3.0,1.0,5.64516129032258,0,Focused / Low-Activity Learners
U01074,1,1,0.0,0.0,1.59,1,2025-07-28,2025-07-28,6.36,Finance,Advanced,1.0,1.0,1.0,1.0,2.0,1.0,4.0,0,Focused / Low-Activity Learners
U01075,2,2,490.9,245.45,3.9349999999999996,2,2025-03-16,2025-11-12,28.06,Web Development,Beginner,0.0,0.0,8.033333333333333,0.24896265560165975,2.0,1.0,4.24896265560166,0,Focused / Low-Activity Learners
U01076,1,1,0.0,0.0,4.45,1,2025-05-18,2025-05-18,15.29,Design,Advanced,1.0,1.0,1.0,1.0,2.0,1.0,4.0,0,Focused / Low-Activity Learners
U01077,2,2,490.9,245.45,3.3449999999999998,2,2025-02-07,2025-05-02,8.25,Digital Marketing,Beginner,0.0,0.0,2.8,0.7142857142857143,2.0,1.0,4.714285714285714,0,Focused / Low-Activity Learners
U01078,2,2,0.0,0.0,2.795,2,2025-03-24,2025-07-09,33.34,Marketing,Advanced,2.0,1.0,3.566666666666667,0.5607476635514018,4.0,1.0,6.5607476635514015,0,Focused / Low-Activity Learners
U01079,13,13,37.89,2.914615384615385,2.927692307692308,7,2025-01-16,2025-11-30,27.553846153846152,Machine Learning,Beginner,5.0,0.38461538461538464,10.6,1.2264150943396226,18.0,1.8571428571428572,32.22641509433962,1,Advanced / Deep Learners
U01080,1,1,117.68,117.68,2.57,1,2025-09-29,2025-09-29,48.09,Data Science,Advanced,1.0,1.0,1.0,1.0,2.0,1.0,4.0,0,Focused / Low-Activity Learners
U01081,1,1,326.02,326.02,2.69,1,2025-02-02,2025-02-02,11.31,Business,Intermediate,0.0,0.0,1.0,1.0,1.0,1.0,3.0,0,Focused / Low-Activity Learners
U01082,1,1,0.0,0.0,4.1,1,2025-08-21,2025-08-21,34.83,Finance,Intermediate,0.0,0.0,1.0,1.0,1.0,1.0,3.0,0,Focused / Low-Activity Learners
U01083,15,15,1779.54,118.636,3.182666666666667,11,2025-01-09,2025-12-21,28.552,Data Science,Advanced,6.0,0.4,11.533333333333333,1.300578034682081,21.0,1.3636363636363635,37.30057803468208,1,Advanced / Deep Learners
U01084,13,13,2165.7799999999997,166.59846153846152,3.3153846153846156,8,2025-01-25,2025-11-15,25.39923076923077,Finance,Beginner,4.0,0.3076923076923077,9.8,1.3265306122448979,17.0,1.625,31.3265306122449,1,Advanced / Deep Learners
U01085,2,2,119.04,59.52,2.59,2,2025-04-16,2025-12-13,30.555,Programming,Intermediate,0.0,0.0,8.033333333333333,0.24896265560165975,2.0,1.0,4.24896265560166,0,Focused / Low-Activity Learners
U01086,1,1,117.68,117.68,2.57,1,2025-06-14,2025-06-14,48.09,Data Science,Advanced,1.0,1.0,1.0,1.0,2.0,1.0,4.0,0,Focused / Low-Activity Learners
U01087,1,1,299.57,299.57,3.74,1,2025-12-10,2025-12-10,48.32,Data Science,Beginner,0.0,0.0,1.0,1.0,1.0,1.0,3.0,0,Focused / Low-Activity Learners
U01088,2,2,451.58,225.79,3.045,2,2025-03-21,2025-11-29,45.695,Web Development,Advanced,1.0,0.5,8.433333333333334,0.23715415019762845,3.0,1.0,5.237154150197629,0,Focused / Low-Activity Learners
U01089,1,1,0.0,0.0,2.14,1,2025-05-06,2025-05-06,8.95,Digital Marketing,Beginner,0.0,0.0,1.0,1.0,1.0,1.0,3.0,0,Focused / Low-Activity Learners
U01090,2,2,0.0,0.0,3.1950000000000003,2,2025-06-12,2025-08-11,22.220000000000002,Machine Learning,Intermediate,0.0,0.0,2.0,1.0,2.0,1.0,5.0,0,Focused / Low-Activity Learners
U01091,2,2,0.0,0.0,4.42,2,2025-09-23,2025-10-28,46.975,Marketing,Intermediate,0.0,0.0,1.1666666666666667,1.7142857142857142,2.0,1.0,5.714285714285714,0,Focused / Low-Activity Learners
U01092,15,15,2119.66,141.31066666666666,3.2646666666666664,9,2025-01-16,2025-12-08,33.148,Artificial Intelligence,Beginner,4.0,0.26666666666666666,10.866666666666667,1.3803680981595092,19.0,1.6666666666666667,35.38036809815951,1,Advanced / Deep Learners
U01093,1,1,0.0,0.0,3.85,1,2025-05-28,2025-05-28,19.53,Programming,Beginner,0.0,0.0,1.0,1.0,1.0,1.0,3.0,0,Focused / Low-Activity Learners
U01094,2,2,285.05,142.525,3.345,2,2025-03-29,2025-12-13,41.24,Business,Beginner,0.0,0.0,8.633333333333333,0.23166023166023167,2.0,1.0,4.231660231660232,0,Focused / Low-Activity Learners
U01095,1,1,0.0,0.0,4.51,1,2025-03-02,2025-03-02,48.19,Design,Beginner,0.0,0.0,1.0,1.0,1.0,1.0,3.0,0,Focused / Low-Activity Learners
U01096,16,16,769.7199999999999,48.107499999999995,2.90875,7,2025-01-07,2025-12-21,29.665,Finance,Advanced,6.0,0.375,11.6,1.3793103448275863,22.0,2.2857142857142856,39.37931034482759,1,Advanced / Deep Learners
U01097,1,1,0.0,0.0,2.67,1,2025-05-06,2025-05-06,40.07,Web Development,Advanced,1.0,1.0,1.0,1.0,2.0,1.0,4.0,0,Focused / Low-Activity Learners
U01098,4,4,1181.75,295.4375,2.6825,3,2025-01-25,2025-10-11,36.9025,Business,Advanced,2.0,0.5,8.633333333333333,0.46332046332046334,6.0,1.3333333333333333,10.463320463320464,0,Focused / Low-Activity Learners
U01099,1,1,0.0,0.0,4.79,1,2025-12-19,2025-12-19,29.37,Marketing,Advanced,1.0,1.0,1.0,1.0,2.0,1.0,4.0,0,Focused / Low-Activity Learners
U01100,3,3,0.0,0.0,2.606666666666667,3,2025-06-01,2025-10-01,14.209999999999999,Programming,Advanced,2.0,0.6666666666666666,4.066666666666666,0.7377049180327869,5.0,1.0,8.737704918032787,0,Focused / Low-Activity Learners
U01101,1,1,0.0,0.0,2.01,1,2025-08-06,2025-08-06,15.44,Marketing,Advanced,1.0,1.0,1.0,1.0,2.0,1.0,4.0,0,Focused / Low-Activity Learners
U01102,2,2,276.37,138.185,3.83,2,2025-07-27,2025-11-02,45.715,Design,Advanced,1.0,0.5,3.2666666666666666,0.6122448979591837,3.0,1.0,5.612244897959184,0,Focused / Low-Activity Learners
U01103,4,4,394.26,98.565,2.9050000000000002,4,2025-05-28,2025-09-16,31.2725,Business,Advanced,3.0,0.75,3.7,1.081081081081081,7.0,1.0,12.08108108108108,0,Focused / Low-Activity Learners
U01104,1,1,0.78,0.78,3.89,1,2025-04-16,2025-04-16,44.96,Machine Learning,Advanced,1.0,1.0,1.0,1.0,2.0,1.0,4.0,0,Focused / Low-Activity Learners
U01105,1,1,0.0,0.0,2.38,1,2025-03-17,2025-03-17,16.74,Cybersecurity,Advanced,1.0,1.0,1.0,1.0,2.0,1.0,4.0,0,Focused / Low-Activity Learners
U01106,1,1,327.99,327.99,1.51,1,2025-02-07,2025-02-07,12.13,Project Management,Beginner,0.0,0.0,1.0,1.0,1.0,1.0,3.0,0,Focused / Low-Activity Learners
U01107,1,1,0.0,0.0,3.64,1,2025-12-15,2025-12-15,42.7,Artificial Intelligence,Beginner,0.0,0.0,1.0,1.0,1.0,1.0,3.0,0,Focused / Low-Activity Learners
U01108,4,4,276.37,69.0925,2.48,4,2025-05-22,2025-12-22,36.3925,Programming,Beginner,1.0,0.25,7.133333333333334,0.5607476635514018,5.0,1.0,9.560747663551401,0,Focused / Low-Activity Learners
U01109,1,1,0.0,0.0,2.0,1,2025-12-15,2025-12-15,15.84,Business,Advanced,1.0,1.0,1.0,1.0,2.0,1.0,4.0,0,Focused / Low-Activity Learners
U01110,2,2,37.89,18.945,1.9849999999999999,1,2025-04-24,2025-10-23,32.09,Web Development,Advanced,2.0,1.0,6.066666666666666,0.32967032967032966,4.0,2.0,6.32967032967033,0,Focused / Low-Activity Learners
U01111,1,1,0.0,0.0,1.13,1,2025-09-28,2025-09-28,16.33,Machine Learning,Beginner,0.0,0.0,1.0,1.0,1.0,1.0,3.0,0,Focused / Low-Activity Learners
U01112,1,1,212.39,212.39,3.15,1,2025-11-12,2025-11-12,22.89,Digital Marketing,Advanced,1.0,1.0,1.0,1.0,2.0,1.0,4.0,0,Focused / Low-Activity Learners
U01113,1,1,487.92,487.92,3.64,1,2025-03-27,2025-03-27,36.01,Business,Advanced,1.0,1.0,1.0,1.0,2.0,1.0,4.0,0,Focused / Low-Activity Learners
U01114,1,1,0.0,0.0,3.02,1,2025-01-09,2025-01-09,9.71,Data Science,Intermediate,0.0,0.0,1.0,1.0,1.0,1.0,3.0,0,Focused / Low-Activity Learners
U01115,1,1,327.99,327.99,1.51,1,2025-07-19,2025-07-19,12.13,Project Management,Beginner,0.0,0.0,1.0,1.0,1.0,1.0,3.0,0,Focused / Low-Activity Learners
U01116,1,1,0.0,0.0,1.59,1,2025-10-13,2025-10-13,6.36,Finance,Advanced,1.0,1.0,1.0,1.0,2.0,1.0,4.0,0,Focused / Low-Activity Learners
U01117,1,1,0.0,0.0,2.43,1,2025-08-23,2025-08-23,37.7,Programming,Intermediate,0.0,0.0,1.0,1.0,1.0,1.0,3.0,0,Focused / Low-Activity Learners
U01118,1,1,119.04,119.04,2.75,1,2025-12-28,2025-12-28,23.41,Finance,Intermediate,0.0,0.0,1.0,1.0,1.0,1.0,3.0,0,Focused / Low-Activity Learners
U01119,1,1,0.0,0.0,2.43,1,2025-05-09,2025-05-09,37.7,Programming,Intermediate,0.0,0.0,1.0,1.0,1.0,1.0,3.0,0,Focused / Low-Activity Learners
U01120,1,1,117.68,117.68,2.57,1,2025-09-24,2025-09-24,48.09,Data Science,Advanced,1.0,1.0,1.0,1.0,2.0,1.0,4.0,0,Focused / Low-Activity Learners
U01121,1,1,117.68,117.68,2.57,1,2025-03-28,2025-03-28,48.09,Data Science,Advanced,1.0,1.0,1.0,1.0,2.0,1.0,4.0,0,Focused / Low-Activity Learners
U01122,2,2,212.39,106.195,3.795,1,2025-09-16,2025-11-01,12.175,Digital Marketing,Advanced,1.0,0.5,1.5333333333333334,1.3043478260869565,3.0,2.0,6.304347826086957,0,Focused / Low-Activity Learners
U01123,15,15,1720.26,114.684,2.884666666666667,10,2025-02-05,2025-12-21,25.49,Design,Beginner,5.0,0.3333333333333333,10.633333333333333,1.4106583072100314,20.0,1.5,36.41065830721003,1,Advanced / Deep Learners
U01124,3,3,342.61,114.20333333333333,3.01,3,2025-03-02,2025-06-04,20.026666666666667,Web Development,Advanced,2.0,0.6666666666666666,3.1333333333333333,0.9574468085106383,5.0,1.0,8.957446808510639,0,Focused / Low-Activity Learners
U01125,2,2,0.0,0.0,3.9400000000000004,2,2025-05-27,2025-07-21,34.995000000000005,Machine Learning,Advanced,1.0,0.5,1.8333333333333333,1.090909090909091,3.0,1.0,6.090909090909091,0,Focused / Low-Activity Learners
U01126,2,2,0.0,0.0,4.395,2,2025-10-18,2025-12-11,31.0,Project Management,Beginner,0.0,0.0,1.8,1.1111111111111112,2.0,1.0,5.111111111111111,0,Focused / Low-Activity Learners
U01127,3,3,119.04,39.68,3.9766666666666666,3,2025-01-26,2025-03-23,28.8,Finance,Intermediate,1.0,0.3333333333333333,1.8666666666666667,1.6071428571428572,4.0,1.0,8.607142857142858,0,Focused / Low-Activity Learners
U01128,2,2,0.0,0.0,4.39,2,2025-01-09,2025-01-09,25.29,Finance,Intermediate,0.0,0.0,1.0,2.0,2.0,1.0,6.0,0,Focused / Low-Activity Learners
U01129,1,1,326.02,326.02,2.69,1,2025-06-17,2025-06-17,11.31,Business,Intermediate,0.0,0.0,1.0,1.0,1.0,1.0,3.0,0,Focused / Low-Activity Learners
U01130,1,1,53.86,53.86,2.47,1,2025-07-25,2025-07-25,47.08,Finance,Beginner,0.0,0.0,1.0,1.0,1.0,1.0,3.0,0,Focused / Low-Activity Learners
U01131,3,3,0.78,0.26,2.5366666666666666,3,2025-01-29,2025-08-15,29.53,Web Development,Advanced,2.0,0.6666666666666666,6.6,0.4545454545454546,5.0,1.0,8.454545454545455,0,Focused / Low-Activity Learners
U01132,4,4,425.44,106.36,2.615,3,2025-02-19,2025-09-05,35.08,Artificial Intelligence,Beginner,1.0,0.25,6.6,0.6060606060606061,5.0,1.3333333333333333,9.606060606060606,0,Focused / Low-Activity Learners
U01133,1,1,0.0,0.0,4.51,1,2025-12-19,2025-12-19,48.19,Design,Beginner,0.0,0.0,1.0,1.0,1.0,1.0,3.0,0,Focused / Low-Activity Learners
U01134,3,3,0.0,0.0,3.0833333333333335,3,2025-02-08,2025-05-17,18.633333333333336,Programming,Advanced,1.0,0.3333333333333333,3.2666666666666666,0.9183673469387755,4.0,1.0,7.918367346938775,0,Focused / Low-Activity Learners
U01135,1,1,0.0,0.0,2.61,1,2025-07-18,2025-07-18,48.68,Design,Advanced,1.0,1.0,1.0,1.0,2.0,1.0,4.0,0,Focused / Low-Activity Learners
U01136,1,1,212.39,212.39,3.15,1,2025-06-01,2025-06-01,22.89,Digital Marketing,Advanced,1.0,1.0,1.0,1.0,2.0,1.0,4.0,0,Focused / Low-Activity Learners
U01137,2,2,487.92,243.96,2.385,2,2025-10-23,2025-11-27,26.169999999999998,Machine Learning,Advanced,1.0,0.5,1.1666666666666667,1.7142857142857142,3.0,1.0,6.714285714285714,0,Focused / Low-Activity Learners
U01138,1,1,89.59,89.59,2.68,1,2025-08-18,2025-08-18,1.55,Artificial Intelligence,Intermediate,0.0,0.0,1.0,1.0,1.0,1.0,3.0,0,Focused / Low-Activity Learners
U01139,1,1,0.0,0.0,3.85,1,2025-01-26,2025-01-26,19.53,Programming,Beginner,0.0,0.0,1.0,1.0,1.0,1.0,3.0,0,Focused / Low-Activity Learners
U01140,1,1,119.04,119.04,2.75,1,2025-09-17,2025-09-17,23.41,Finance,Intermediate,0.0,0.0,1.0,1.0,1.0,1.0,3.0,0,Focused / Low-Activity Learners
U01141,1,1,276.37,276.37,2.72,1,2025-06-08,2025-06-08,48.84,Design,Advanced,1.0,1.0,1.0,1.0,2.0,1.0,4.0,0,Focused / Low-Activity Learners
U01142,2,2,0.0,0.0,3.245,2,2025-09-25,2025-10-10,12.525,Project Management,Advanced,1.0,0.5,1.0,2.0,3.0,1.0,7.0,0,Focused / Low-Activity Learners
U01143,14,14,1018.19,72.72785714285715,2.850714285714286,10,2025-03-07,2025-12-30,29.067857142857143,Artificial Intelligence,Intermediate,4.0,0.2857142857142857,9.933333333333334,1.4093959731543624,18.0,1.4,33.40939597315436,1,Advanced / Deep Learners
U01144,2,2,346.71,173.355,2.415,2,2025-01-01,2025-03-02,2.31,Project Management,Advanced,1.0,0.5,2.0,1.0,3.0,1.0,6.0,0,Focused / Low-Activity Learners
U01145,1,1,472.28,472.28,4.74,1,2025-07-08,2025-07-08,11.0,Programming,Beginner,0.0,0.0,1.0,1.0,1.0,1.0,3.0,0,Focused / Low-Activity Learners
U01146,13,13,178.12,13.701538461538462,3.130769230769231,9,2025-01-07,2025-11-24,26.713846153846152,Machine Learning,Advanced,5.0,0.38461538461538464,10.7,1.2149532710280375,18.0,1.4444444444444444,32.21495327102804,1,Advanced / Deep Learners
U01147,1,1,0.0,0.0,2.43,1,2025-07-08,2025-07-08,37.7,Programming,Intermediate,0.0,0.0,1.0,1.0,1.0,1.0,3.0,0,Focused / Low-Activity Learners
U01148,2,2,0.0,0.0,3.3,2,2025-06-10,2025-08-04,44.16,Web Development,Advanced,1.0,0.5,1.8333333333333333,1.090909090909091,3.0,1.0,6.090909090909091,0,Focused / Low-Activity Learners
U01149,4,4,1263.87,315.9675,3.72,3,2025-06-15,2025-12-18,31.509999999999998,Business,Beginner,1.0,0.25,6.2,0.6451612903225806,5.0,1.3333333333333333,9.64516129032258,0,Focused / Low-Activity Learners
U01150,1,1,53.86,53.86,2.47,1,2025-03-18,2025-03-18,47.08,Finance,Beginner,0.0,0.0,1.0,1.0,1.0,1.0,3.0,0,Focused / Low-Activity Learners
U01151,14,14,1085.1599999999999,77.51142857142857,2.6735714285714285,8,2025-01-09,2025-12-29,22.727857142857143,Business,Beginner,5.0,0.35714285714285715,11.8,1.1864406779661016,19.0,1.75,34.186440677966104,1,Advanced / Deep Learners
U01152,1,1,346.71,346.71,1.23,1,2025-10-26,2025-10-26,3.42,Project Management,Advanced,1.0,1.0,1.0,1.0,2.0,1.0,4.0,0,Focused / Low-Activity Learners
U01153,1,1,342.61,342.61,4.84,1,2025-02-24,2025-02-24,17.14,Project Management,Intermediate,0.0,0.0,1.0,1.0,1.0,1.0,3.0,0,Focused / Low-Activity Learners
U01154,2,2,0.0,0.0,3.125,2,2025-01-16,2025-03-14,5.380000000000001,Digital Marketing,Advanced,1.0,0.5,1.9,1.0526315789473684,3.0,1.0,6.052631578947368,0,Focused / Low-Activity Learners
U01155,4,4,212.39,53.0975,2.525,4,2025-01-12,2025-06-13,22.425,Cybersecurity,Advanced,2.0,0.5,5.066666666666666,0.7894736842105263,6.0,1.0,10.789473684210527,0,Focused / Low-Activity Learners
U01156,2,2,0.0,0.0,3.34,2,2025-05-18,2025-05-25,15.795,Project Management,Advanced,1.0,0.5,1.0,2.0,3.0,1.0,7.0,0,Focused / Low-Activity Learners
U01157,4,4,487.92,121.98,3.355,4,2025-03-09,2025-10-24,11.5075,Digital Marketing,Intermediate,2.0,0.5,7.633333333333334,0.5240174672489083,6.0,1.0,10.524017467248909,0,Focused / Low-Activity Learners
U01158,12,12,1213.9299999999998,101.16083333333331,3.486666666666667,10,2025-01-13,2025-12-11,26.348333333333333,Cybersecurity,Beginner,2.0,0.16666666666666666,11.066666666666666,1.0843373493975903,14.0,1.2,27.08433734939759,1,Advanced / Deep Learners
U01159,1,1,0.0,0.0,4.72,1,2025-04-27,2025-04-27,42.68,Marketing,Intermediate,0.0,0.0,1.0,1.0,1.0,1.0,3.0,0,Focused / Low-Activity Learners
U01160,4,4,266.25,66.5625,2.885,4,2025-02-09,2025-06-20,28.9175,Marketing,Beginner,2.0,0.5,4.366666666666666,0.9160305343511451,6.0,1.0,10.916030534351144,0,Focused / Low-Activity Learners
U01161,1,1,0.0,0.0,4.1,1,2025-07-04,2025-07-04,34.83,Finance,Intermediate,0.0,0.0,1.0,1.0,1.0,1.0,3.0,0,Focused / Low-Activity Learners
U01162,1,1,0.0,0.0,1.81,1,2025-02-18,2025-02-18,9.3,Machine Learning,Advanced,1.0,1.0,1.0,1.0,2.0,1.0,4.0,0,Focused / Low-Activity Learners
U01163,13,13,1719.94,132.30307692307693,3.1576923076923076,4,2025-02-24,2025-12-16,27.026153846153843,Design,Advanced,7.0,0.5384615384615384,9.833333333333334,1.3220338983050848,20.0,3.25,34.32203389830509,1,Advanced / Deep Learners
U01164,1,1,0.0,0.0,2.67,1,2025-02-01,2025-02-01,40.07,Web Development,Advanced,1.0,1.0,1.0,1.0,2.0,1.0,4.0,0,Focused / Low-Activity Learners
U01165,2,2,346.71,173.355,2.415,2,2025-09-20,2025-10-01,2.31,Project Management,Advanced,1.0,0.5,1.0,2.0,3.0,1.0,7.0,0,Focused / Low-Activity Learners
U01166,2,2,285.05,142.525,2.315,2,2025-06-08,2025-06-19,37.425,Web Development,Advanced,1.0,0.5,1.0,2.0,3.0,1.0,7.0,0,Focused / Low-Activity Learners
U01167,11,11,645.69,58.69909090909091,2.639090909090909,9,2025-02-18,2025-10-20,29.26,Web Development,Advanced,6.0,0.5454545454545454,8.133333333333333,1.3524590163934427,17.0,1.2222222222222223,29.352459016393443,1,Advanced / Deep Learners
U01168,1,1,37.89,37.89,1.3,1,2025-03-13,2025-03-13,24.11,Web Development,Advanced,1.0,1.0,1.0,1.0,2.0,1.0,4.0,0,Focused / Low-Activity Learners
U01169,1,1,0.0,0.0,4.73,1,2025-11-25,2025-11-25,47.7,Machine Learning,Intermediate,0.0,0.0,1.0,1.0,1.0,1.0,3.0,0,Focused / Low-Activity Learners
U01170,14,14,2739.04,195.6457142857143,3.0435714285714286,8,2025-01-09,2025-12-07,20.926428571428573,Artificial Intelligence,Advanced,5.0,0.35714285714285715,11.066666666666666,1.2650602409638554,19.0,1.75,34.265060240963855,1,Advanced / Deep Learners
U01171,1,1,327.99,327.99,1.51,1,2025-10-09,2025-10-09,12.13,Project Management,Beginner,0.0,0.0,1.0,1.0,1.0,1.0,3.0,0,Focused / Low-Activity Learners
U01172,3,3,301.98,100.66000000000001,3.516666666666666,3,2025-01-03,2025-04-04,22.373333333333335,Marketing,Intermediate,1.0,0.3333333333333333,3.033333333333333,0.989010989010989,4.0,1.0,7.989010989010989,0,Focused / Low-Activity Learners
U01173,3,3,346.71,115.57,2.6733333333333333,3,2025-01-07,2025-07-19,16.21,Business,Advanced,3.0,1.0,6.433333333333334,0.46632124352331605,6.0,1.0,9.466321243523316,0,Focused / Low-Activity Learners
U01174,1,1,89.59,89.59,2.68,1,2025-02-04,2025-02-04,1.55,Artificial Intelligence,Intermediate,0.0,0.0,1.0,1.0,1.0,1.0,3.0,0,Focused / Low-Activity Learners
U01175,1,1,0.0,0.0,1.52,1,2025-04-17,2025-04-17,2.87,Design,Advanced,1.0,1.0,1.0,1.0,2.0,1.0,4.0,0,Focused / Low-Activity Learners
U01176,3,3,0.0,0.0,3.823333333333333,3,2025-04-06,2025-10-30,26.913333333333338,Project Management,Beginner,1.0,0.3333333333333333,6.9,0.43478260869565216,4.0,1.0,7.434782608695652,0,Focused / Low-Activity Learners
U01177,13,13,538.86,41.45076923076923,3.083076923076923,9,2025-01-02,2025-12-16,29.044615384615383,Finance,Beginner,3.0,0.23076923076923078,11.6,1.120689655172414,16.0,1.4444444444444444,30.120689655172413,1,Advanced / Deep Learners
U01178,2,2,0.0,0.0,2.78,2,2025-08-18,2025-11-15,29.58,Data Science,Beginner,0.0,0.0,2.966666666666667,0.6741573033707865,2.0,1.0,4.674157303370786,0,Focused / Low-Activity Learners
U01179,2,2,594.81,297.405,1.2149999999999999,2,2025-03-29,2025-11-13,6.41,Artificial Intelligence,Beginner,1.0,0.5,7.633333333333334,0.26200873362445415,3.0,1.0,5.262008733624454,0,Focused / Low-Activity Learners
U01180,13,13,1707.59,131.3530769230769,3.05,10,2025-02-08,2025-12-19,25.287692307692307,Data Science,Advanced,7.0,0.5384615384615384,10.466666666666667,1.2420382165605095,20.0,1.3,34.24203821656051,1,Advanced / Deep Learners
U01181,1,1,0.0,0.0,3.85,1,2025-05-22,2025-05-22,19.53,Programming,Beginner,0.0,0.0,1.0,1.0,1.0,1.0,3.0,0,Focused / Low-Activity Learners
U01182,3,3,383.34,127.77999999999999,3.19,3,2025-04-23,2025-06-16,21.403333333333336,Web Development,Advanced,1.0,0.3333333333333333,1.8,1.6666666666666665,4.0,1.0,8.666666666666666,0,Focused / Low-Activity Learners
U01183,2,2,0.0,0.0,2.455,2,2025-04-02,2025-09-28,27.465,Web Development,Advanced,1.0,0.5,5.966666666666667,0.33519553072625696,3.0,1.0,5.335195530726256,0,Focused / Low-Activity Learners
U01184,1,1,53.86,53.86,2.47,1,2025-09-08,2025-09-08,47.08,Finance,Beginner,0.0,0.0,1.0,1.0,1.0,1.0,3.0,0,Focused / Low-Activity Learners
U01185,2,2,670.63,335.315,2.035,2,2025-02-12,2025-03-15,48.14,Design,Advanced,1.0,0.5,1.0333333333333334,1.9354838709677418,3.0,1.0,6.935483870967742,0,Focused / Low-Activity Learners
U01186,1,1,0.0,0.0,3.64,1,2025-04-01,2025-04-01,42.7,Artificial Intelligence,Beginner,0.0,0.0,1.0,1.0,1.0,1.0,3.0,0,Focused / Low-Activity Learners
U01187,1,1,0.0,0.0,2.38,1,2025-09-25,2025-09-25,16.74,Cybersecurity,Advanced,1.0,1.0,1.0,1.0,2.0,1.0,4.0,0,Focused / Low-Activity Learners
U01188,1,1,0.0,0.0,1.73,1,2025-04-18,2025-04-18,38.49,Machine Learning,Intermediate,0.0,0.0,1.0,1.0,1.0,1.0,3.0,0,Focused / Low-Activity Learners
U01189,1,1,0.0,0.0,4.11,1,2025-01-10,2025-01-10,46.25,Marketing,Intermediate,0.0,0.0,1.0,1.0,1.0,1.0,3.0,0,Focused / Low-Activity Learners
U01190,1,1,0.0,0.0,4.94,1,2025-07-17,2025-07-17,42.59,Cybersecurity,Beginner,0.0,0.0,1.0,1.0,1.0,1.0,3.0,0,Focused / Low-Activity Learners
U01191,1,1,472.28,472.28,4.74,1,2025-12-17,2025-12-17,11.0,Programming,Beginner,0.0,0.0,1.0,1.0,1.0,1.0,3.0,0,Focused / Low-Activity Learners
U01192,1,1,0.0,0.0,4.11,1,2025-10-26,2025-10-26,46.25,Marketing,Intermediate,0.0,0.0,1.0,1.0,1.0,1.0,3.0,0,Focused / Low-Activity Learners
U01193,2,2,487.92,243.96,2.58,2,2025-02-04,2025-12-20,19.439999999999998,Business,Advanced,2.0,1.0,10.633333333333333,0.18808777429467086,4.0,1.0,6.1880877742946705,0,Focused / Low-Activity Learners
U01194,1,1,0.0,0.0,2.2,1,2025-01-22,2025-01-22,40.76,Web Development,Beginner,0.0,0.0,1.0,1.0,1.0,1.0,3.0,0,Focused / Low-Activity Learners
U01195,1,1,487.92,487.92,3.64,1,2025-07-09,2025-07-09,36.01,Business,Advanced,1.0,1.0,1.0,1.0,2.0,1.0,4.0,0,Focused / Low-Activity Learners
U01196,2,2,277.15,138.575,3.305,2,2025-12-08,2025-12-17,46.900000000000006,Machine Learning,Advanced,2.0,1.0,1.0,2.0,4.0,1.0,8.0,0,Focused / Low-Activity Learners
U01197,14,14,632.95,45.21071428571429,3.2135714285714285,9,2025-01-01,2025-11-28,30.28142857142857,Cybersecurity,Intermediate,5.0,0.35714285714285715,11.033333333333333,1.2688821752265862,19.0,1.5555555555555556,34.26888217522659,1,Advanced / Deep Learners
U01198,1,1,0.0,0.0,1.52,1,2025-02-06,2025-02-06,2.87,Design,Advanced,1.0,1.0,1.0,1.0,2.0,1.0,4.0,0,Focused / Low-Activity Learners
U01199,1,1,0.0,0.0,2.67,1,2025-07-11,2025-07-11,40.07,Web Development,Advanced,1.0,1.0,1.0,1.0,2.0,1.0,4.0,0,Focused / Low-Activity Learners
U01200,1,1,0.0,0.0,2.2,1,2025-02-28,2025-02-28,40.76,Web Development,Beginner,0.0,0.0,1.0,1.0,1.0,1.0,3.0,0,Focused / Low-Activity Learners
U01201,1,1,177.34,177.34,3.89,1,2025-07-25,2025-07-25,49.73,Digital Marketing,Advanced,1.0,1.0,1.0,1.0,2.0,1.0,4.0,0,Focused / Low-Activity Learners
U01202,1,1,0.0,0.0,4.45,1,2025-09-16,2025-09-16,15.29,Design,Advanced,1.0,1.0,1.0,1.0,2.0,1.0,4.0,0,Focused / Low-Activity Learners
U01203,16,16,1827.61,114.225625,3.033125,11,2025-01-02,2025-12-27,27.240625,Business,Advanced,9.0,0.5625,11.966666666666667,1.3370473537604457,25.0,1.4545454545454546,42.33704735376045,1,Advanced / Deep Learners
U01204,3,3,0.0,0.0,1.8499999999999999,2,2025-02-15,2025-09-24,21.076666666666668,Machine Learning,Advanced,2.0,0.6666666666666666,7.366666666666666,0.4072398190045249,5.0,1.5,8.407239819004525,0,Focused / Low-Activity Learners
U01205,2,2,330.07,165.035,2.86,2,2025-01-08,2025-01-10,35.49,Digital Marketing,Advanced,2.0,1.0,1.0,2.0,4.0,1.0,8.0,0,Focused / Low-Activity Learners
U01206,1,1,37.89,37.89,1.3,1,2025-02-21,2025-02-21,24.11,Web Development,Advanced,1.0,1.0,1.0,1.0,2.0,1.0,4.0,0,Focused / Low-Activity Learners
U01207,1,1,0.0,0.0,4.73,1,2025-02-23,2025-02-23,47.7,Machine Learning,Intermediate,0.0,0.0,1.0,1.0,1.0,1.0,3.0,0,Focused / Low-Activity Learners
U01208,1,1,0.0,0.0,4.11,1,2025-05-30,2025-05-30,46.25,Marketing,Intermediate,0.0,0.0,1.0,1.0,1.0,1.0,3.0,0,Focused / Low-Activity Learners
U01209,2,2,0.0,0.0,3.915,2,2025-03-01,2025-04-17,48.379999999999995,Web Development,Beginner,0.0,0.0,1.5666666666666667,1.2765957446808511,2.0,1.0,5.276595744680851,0,Focused / Low-Activity Learners
U01210,1,1,0.0,0.0,4.45,1,2025-04-05,2025-04-05,15.29,Design,Advanced,1.0,1.0,1.0,1.0,2.0,1.0,4.0,0,Focused / Low-Activity Learners
U01211,1,1,490.9,490.9,4.55,1,2025-02-09,2025-02-09,7.55,Artificial Intelligence,Beginner,0.0,0.0,1.0,1.0,1.0,1.0,3.0,0,Focused / Low-Activity Learners
U01212,1,1,0.0,0.0,4.45,1,2025-12-27,2025-12-27,15.29,Design,Advanced,1.0,1.0,1.0,1.0,2.0,1.0,4.0,0,Focused / Low-Activity Learners
U01213,1,1,177.34,177.34,3.89,1,2025-01-20,2025-01-20,49.73,Digital Marketing,Advanced,1.0,1.0,1.0,1.0,2.0,1.0,4.0,0,Focused / Low-Activity Learners
U01214,1,1,0.0,0.0,1.81,1,2025-10-05,2025-10-05,9.3,Machine Learning,Advanced,1.0,1.0,1.0,1.0,2.0,1.0,4.0,0,Focused / Low-Activity Learners
U01215,1,1,490.9,490.9,4.55,1,2025-04-15,2025-04-15,7.55,Artificial Intelligence,Beginner,0.0,0.0,1.0,1.0,1.0,1.0,3.0,0,Focused / Low-Activity Learners
U01216,1,1,37.89,37.89,1.3,1,2025-06-10,2025-06-10,24.11,Web Development,Advanced,1.0,1.0,1.0,1.0,2.0,1.0,4.0,0,Focused / Low-Activity Learners
U01217,1,1,0.0,0.0,4.11,1,2025-06-15,2025-06-15,46.25,Marketing,Intermediate,0.0,0.0,1.0,1.0,1.0,1.0,3.0,0,Focused / Low-Activity Learners
U01218,1,1,487.92,487.92,3.64,1,2025-08-19,2025-08-19,36.01,Business,Advanced,1.0,1.0,1.0,1.0,2.0,1.0,4.0,0,Focused / Low-Activity Learners
U01219,1,1,117.68,117.68,2.57,1,2025-11-11,2025-11-11,48.09,Data Science,Advanced,1.0,1.0,1.0,1.0,2.0,1.0,4.0,0,Focused / Low-Activity Learners
U01220,1,1,285.05,285.05,1.96,1,2025-12-01,2025-12-01,34.78,Business,Beginner,0.0,0.0,1.0,1.0,1.0,1.0,3.0,0,Focused / Low-Activity Learners
U01221,13,13,1246.52,95.88615384615385,2.833846153846154,8,2025-01-03,2025-12-09,30.984615384615385,Artificial Intelligence,Advanced,6.0,0.46153846153846156,11.333333333333334,1.1470588235294117,19.0,1.625,33.14705882352941,1,Advanced / Deep Learners
U01222,3,3,415.51,138.50333333333333,3.4766666666666666,2,2025-01-14,2025-10-01,29.22,Cybersecurity,Advanced,1.0,0.3333333333333333,8.666666666666666,0.3461538461538462,4.0,1.5,7.346153846153847,0,Focused / Low-Activity Learners
U01223,1,1,0.0,0.0,4.66,1,2025-03-23,2025-03-23,5.95,Digital Marketing,Intermediate,0.0,0.0,1.0,1.0,1.0,1.0,3.0,0,Focused / Low-Activity Learners
U01224,11,11,1662.67,151.1518181818182,2.8445454545454547,8,2025-01-01,2025-08-14,21.61909090909091,Project Management,Intermediate,5.0,0.45454545454545453,7.5,1.4666666666666666,16.0,1.375,28.46666666666667,1,Advanced / Deep Learners
U01225,2,2,0.0,0.0,3.8499999999999996,2,2025-05-14,2025-09-16,18.015,Data Science,Intermediate,0.0,0.0,4.166666666666667,0.48,2.0,1.0,4.48,0,Focused / Low-Activity Learners
U01226,2,2,276.37,138.185,2.0,2,2025-04-28,2025-08-14,38.760000000000005,Programming,Advanced,1.0,0.5,3.6,0.5555555555555556,3.0,1.0,5.555555555555555,0,Focused / Low-Activity Learners
U01227,1,1,327.99,327.99,1.51,1,2025-01-10,2025-01-10,12.13,Project Management,Beginner,0.0,0.0,1.0,1.0,1.0,1.0,3.0,0,Focused / Low-Activity Learners
U01228,4,4,432.15,108.0375,1.5775000000000001,3,2025-01-06,2025-07-28,29.2425,Cybersecurity,Advanced,2.0,0.5,6.766666666666667,0.5911330049261084,6.0,1.3333333333333333,10.591133004926109,0,Focused / Low-Activity Learners
U01229,2,2,0.0,0.0,3.62,2,2025-08-07,2025-11-10,21.950000000000003,Data Science,Beginner,0.0,0.0,3.1666666666666665,0.6315789473684211,2.0,1.0,4.631578947368421,0,Focused / Low-Activity Learners
U01230,3,3,37.89,12.63,3.6566666666666667,3,2025-05-16,2025-06-16,38.13333333333333,Machine Learning,Intermediate,1.0,0.3333333333333333,1.0333333333333334,2.9032258064516125,4.0,1.0,9.903225806451612,0,Focused / Low-Activity Learners
U01231,14,14,1794.67,128.19071428571428,3.055,9,2025-03-29,2025-12-30,31.279285714285713,Web Development,Advanced,7.0,0.5,9.2,1.5217391304347827,21.0,1.5555555555555556,36.52173913043478,1,Advanced / Deep Learners
U01232,1,1,0.0,0.0,3.65,1,2025-06-04,2025-06-04,32.64,Data Science,Beginner,0.0,0.0,1.0,1.0,1.0,1.0,3.0,0,Focused / Low-Activity Learners
U01233,11,11,1564.55,142.23181818181817,3.039090909090909,8,2025-01-09,2025-11-21,27.46090909090909,Artificial Intelligence,Intermediate,1.0,0.09090909090909091,10.533333333333333,1.0443037974683544,12.0,1.375,24.044303797468352,1,Advanced / Deep Learners
U01234,1,1,0.0,0.0,2.98,1,2025-12-12,2025-12-12,18.0,Marketing,Advanced,1.0,1.0,1.0,1.0,2.0,1.0,4.0,0,Focused / Low-Activity Learners
U01235,14,14,1659.11,118.50785714285713,3.307857142857143,9,2025-01-09,2025-12-01,26.712142857142858,Machine Learning,Advanced,7.0,0.5,10.866666666666667,1.2883435582822085,21.0,1.5555555555555556,36.28834355828221,1,Advanced / Deep Learners
U01236,1,1,0.0,0.0,3.6,1,2025-11-01,2025-11-01,1.2,Data Science,Intermediate,0.0,0.0,1.0,1.0,1.0,1.0,3.0,0,Focused / Low-Activity Learners
U01237,13,13,1279.42,98.41692307692308,3.4476923076923076,8,2025-01-23,2025-11-18,26.626923076923074,Data Science,Beginner,3.0,0.23076923076923078,9.966666666666667,1.3043478260869565,16.0,1.625,30.304347826086957,1,Advanced / Deep Learners
U01238,1,1,0.0,0.0,3.6,1,2025-05-02,2025-05-02,1.2,Data Science,Intermediate,0.0,0.0,1.0,1.0,1.0,1.0,3.0,0,Focused / Low-Activity Learners
U01239,12,12,2182.67,181.88916666666668,3.0233333333333334,9,2025-01-04,2025-12-12,17.6975,Business,Beginner,4.0,0.3333333333333333,11.4,1.0526315789473684,16.0,1.3333333333333333,29.05263157894737,1,Advanced / Deep Learners
U01240,1,1,0.0,0.0,1.81,1,2025-11-27,2025-11-27,9.3,Machine Learning,Advanced,1.0,1.0,1.0,1.0,2.0,1.0,4.0,0,Focused / Low-Activity Learners
U01241,2,2,0.0,0.0,3.225,2,2025-06-12,2025-12-08,15.565,Design,Advanced,2.0,1.0,5.966666666666667,0.33519553072625696,4.0,1.0,6.335195530726256,0,Focused / Low-Activity Learners
U01242,2,2,37.89,18.945,1.8399999999999999,2,2025-08-30,2025-12-26,20.424999999999997,Web Development,Advanced,2.0,1.0,3.933333333333333,0.5084745762711864,4.0,1.0,6.508474576271187,0,Focused / Low-Activity Learners
U01243,2,2,326.02,163.01,2.65,2,2025-05-25,2025-10-20,29.995,Design,Advanced,1.0,0.5,4.933333333333334,0.4054054054054054,3.0,1.0,5.405405405405405,0,Focused / Low-Activity Learners
U01244,14,14,1829.42,130.67285714285714,3.2357142857142853,11,2025-01-02,2025-12-24,27.36642857142857,Business,Advanced,9.0,0.6428571428571429,11.866666666666667,1.1797752808988764,23.0,1.2727272727272727,38.17977528089888,1,Advanced / Deep Learners
U01245,1,1,0.0,0.0,3.64,1,2025-02-02,2025-02-02,42.7,Artificial Intelligence,Beginner,0.0,0.0,1.0,1.0,1.0,1.0,3.0,0,Focused / Low-Activity Learners
U01246,2,2,0.0,0.0,2.44,2,2025-05-11,2025-12-27,30.39,Machine Learning,Advanced,1.0,0.5,7.666666666666667,0.2608695652173913,3.0,1.0,5.260869565217391,0,Focused / Low-Activity Learners
U01247,1,1,0.0,0.0,3.02,1,2025-07-09,2025-07-09,9.71,Data Science,Intermediate,0.0,0.0,1.0,1.0,1.0,1.0,3.0,0,Focused / Low-Activity Learners
U01248,2,2,0.78,0.39,3.25,2,2025-07-29,2025-10-21,46.82,Machine Learning,Advanced,2.0,1.0,2.8,0.7142857142857143,4.0,1.0,6.714285714285714,0,Focused / Low-Activity Learners
U01249,14,14,2031.51,145.10785714285714,3.187857142857143,9,2025-01-30,2025-11-26,25.21357142857143,Business,Beginner,2.0,0.14285714285714285,10.0,1.4,16.0,1.5555555555555556,31.4,1,Advanced / Deep Learners
U01250,15,15,578.35,38.556666666666665,3.1373333333333333,10,2025-03-03,2025-12-27,30.166,Marketing,Advanced,6.0,0.4,9.966666666666667,1.5050167224080266,21.0,1.5,37.50501672240803,1,Advanced / Deep Learners
U01251,2,2,0.0,0.0,2.49,2,2025-06-15,2025-12-09,16.92,Marketing,Advanced,2.0,1.0,5.9,0.3389830508474576,4.0,1.0,6.338983050847458,0,Focused / Low-Activity Learners
U01252,1,1,415.51,415.51,3.11,1,2025-09-06,2025-09-06,28.33,Artificial Intelligence,Intermediate,0.0,0.0,1.0,1.0,1.0,1.0,3.0,0,Focused / Low-Activity Learners
U01253,1,1,212.39,212.39,3.15,1,2025-06-08,2025-06-08,22.89,Digital Marketing,Advanced,1.0,1.0,1.0,1.0,2.0,1.0,4.0,0,Focused / Low-Activity Learners
U01254,1,1,0.0,0.0,1.81,1,2025-05-23,2025-05-23,9.3,Machine Learning,Advanced,1.0,1.0,1.0,1.0,2.0,1.0,4.0,0,Focused / Low-Activity Learners
U01255,4,4,178.12,44.53,3.235,4,2025-01-18,2025-11-27,33.105,Business,Advanced,4.0,1.0,10.433333333333334,0.38338658146964855,8.0,1.0,12.383386581469647,0,Focused / Low-Activity Learners
U01256,1,1,0.0,0.0,2.43,1,2025-03-21,2025-03-21,37.7,Programming,Intermediate,0.0,0.0,1.0,1.0,1.0,1.0,3.0,0,Focused / Low-Activity Learners
U01257,2,2,0.0,0.0,3.35,2,2025-05-18,2025-12-14,27.945,Marketing,Advanced,1.0,0.5,7.0,0.2857142857142857,3.0,1.0,5.285714285714286,0,Focused / Low-Activity Learners
U01258,4,4,837.6099999999999,209.40249999999997,2.335,4,2025-03-03,2025-12-01,16.25,Project Management,Beginner,1.0,0.25,9.1,0.43956043956043955,5.0,1.0,9.43956043956044,0,Focused / Low-Activity Learners
U01259,1,1,394.26,394.26,1.35,1,2025-12-06,2025-12-06,47.44,Cybersecurity,Intermediate,0.0,0.0,1.0,1.0,1.0,1.0,3.0,0,Focused / Low-Activity Learners
U01260,1,1,0.0,0.0,3.65,1,2025-01-05,2025-01-05,32.64,Data Science,Beginner,0.0,0.0,1.0,1.0,1.0,1.0,3.0,0,Focused / Low-Activity Learners
U01261,13,13,1543.8000000000002,118.75384615384617,2.8592307692307695,10,2025-01-03,2025-11-01,27.014615384615386,Digital Marketing,Advanced,6.0,0.46153846153846156,10.066666666666666,1.2913907284768211,19.0,1.3,33.29139072847682,1,Advanced / Deep Learners
U01262,4,4,577.51,144.3775,3.2975000000000003,4,2025-03-12,2025-11-25,23.552500000000002,Machine Learning,Intermediate,1.0,0.25,8.6,0.46511627906976744,5.0,1.0,9.465116279069768,0,Focused / Low-Activity Learners
U01263,1,1,490.9,490.9,4.55,1,2025-09-03,2025-09-03,7.55,Artificial Intelligence,Beginner,0.0,0.0,1.0,1.0,1.0,1.0,3.0,0,Focused / Low-Activity Learners
U01264,1,1,0.0,0.0,4.94,1,2025-12-15,2025-12-15,42.59,Cybersecurity,Beginner,0.0,0.0,1.0,1.0,1.0,1.0,3.0,0,Focused / Low-Activity Learners
U01265,2,2,0.0,0.0,2.525,2,2025-01-07,2025-02-20,28.405,Cybersecurity,Advanced,2.0,1.0,1.4666666666666666,1.3636363636363638,4.0,1.0,7.363636363636363,0,Focused / Low-Activity Learners
U01266,14,14,1950.9,139.35,2.567142857142857,8,2025-01-11,2025-12-29,24.414285714285715,Programming,Advanced,6.0,0.42857142857142855,11.733333333333333,1.1931818181818183,20.0,1.75,35.19318181818182,1,Advanced / Deep Learners
U01267,14,14,1581.46,112.96142857142857,2.7257142857142855,11,2025-02-03,2025-12-20,25.542142857142856,Design,Advanced,5.0,0.35714285714285715,10.666666666666666,1.3125,19.0,1.2727272727272727,34.3125,1,Advanced / Deep Learners
U01268,13,13,1192.24,91.71076923076923,3.413846153846154,9,2025-01-23,2025-11-21,27.932307692307692,Finance,Advanced,5.0,0.38461538461538464,10.066666666666666,1.2913907284768211,18.0,1.4444444444444444,32.29139072847682,1,Advanced / Deep Learners
U01269,1,1,326.02,326.02,2.69,1,2025-08-25,2025-08-25,11.31,Business,Intermediate,0.0,0.0,1.0,1.0,1.0,1.0,3.0,0,Focused / Low-Activity Learners
U01270,2,2,0.0,0.0,3.83,2,2025-08-01,2025-10-07,35.239999999999995,Design,Beginner,1.0,0.5,2.2333333333333334,0.8955223880597015,3.0,1.0,5.895522388059701,0,Focused / Low-Activity Learners
U01271,1,1,0.0,0.0,1.91,1,2025-06-25,2025-06-25,26.52,Cybersecurity,Intermediate,0.0,0.0,1.0,1.0,1.0,1.0,3.0,0,Focused / Low-Activity Learners
U01272,1,1,0.0,0.0,4.45,1,2025-09-23,2025-09-23,15.29,Design,Advanced,1.0,1.0,1.0,1.0,2.0,1.0,4.0,0,Focused / Low-Activity Learners
U01273,1,1,0.0,0.0,3.64,1,2025-07-28,2025-07-28,42.7,Artificial Intelligence,Beginner,0.0,0.0,1.0,1.0,1.0,1.0,3.0,0,Focused / Low-Activity Learners
U01274,1,1,346.71,346.71,1.23,1,2025-04-17,2025-04-17,3.42,Project Management,Advanced,1.0,1.0,1.0,1.0,2.0,1.0,4.0,0,Focused / Low-Activity Learners
U01275,1,1,0.0,0.0,4.94,1,2025-05-15,2025-05-15,42.59,Cybersecurity,Beginner,0.0,0.0,1.0,1.0,1.0,1.0,3.0,0,Focused / Low-Activity Learners
U01276,2,2,0.0,0.0,3.8499999999999996,2,2025-04-19,2025-11-30,18.015,Finance,Intermediate,0.0,0.0,7.5,0.26666666666666666,2.0,1.0,4.266666666666667,0,Focused / Low-Activity Learners
U01277,12,12,177.34,14.778333333333334,3.4341666666666666,8,2025-01-10,2025-11-23,32.7275,Web Development,Intermediate,4.0,0.3333333333333333,10.566666666666666,1.135646687697161,16.0,1.5,29.13564668769716,1,Advanced / Deep Learners
U01278,2,2,89.59,44.795,3.0,2,2025-07-04,2025-08-20,25.06,Web Development,Beginner,0.0,0.0,1.5666666666666667,1.2765957446808511,2.0,1.0,5.276595744680851,0,Focused / Low-Activity Learners
U01279,3,3,299.57,99.85666666666667,2.7866666666666666,3,2025-03-11,2025-09-15,37.48,Marketing,Advanced,2.0,0.6666666666666666,6.266666666666667,0.4787234042553192,5.0,1.0,8.47872340425532,0,Focused / Low-Activity Learners
U01280,12,12,913.6500000000001,76.1375,2.533333333333333,7,2025-01-06,2025-09-04,25.911666666666665,Machine Learning,Beginner,3.0,0.25,8.033333333333333,1.4937759336099585,15.0,1.7142857142857142,28.49377593360996,1,Advanced / Deep Learners
U01281,13,13,875.9000000000001,67.37692307692308,3.0923076923076924,10,2025-01-09,2025-12-08,21.172307692307694,Data Science,Intermediate,5.0,0.38461538461538464,11.1,1.1711711711711712,18.0,1.3,32.17117117117117,1,Advanced / Deep Learners
U01282,3,3,0.0,0.0,3.64,3,2025-07-01,2025-12-20,34.14333333333334,Project Management,Beginner,0.0,0.0,5.733333333333333,0.5232558139534884,3.0,1.0,6.523255813953488,0,Focused / Low-Activity Learners
U01283,1,1,0.0,0.0,1.81,1,2025-11-12,2025-11-12,9.3,Machine Learning,Advanced,1.0,1.0,1.0,1.0,2.0,1.0,4.0,0,Focused / Low-Activity Learners
U01284,15,15,2437.75,162.51666666666668,3.1086666666666667,11,2025-01-07,2025-12-06,27.209333333333333,Data Science,Advanced,6.0,0.4,11.1,1.3513513513513513,21.0,1.3636363636363635,37.351351351351354,1,Advanced / Deep Learners
U01285,4,4,0.78,0.195,2.8875,2,2025-05-22,2025-08-11,28.3175,Machine Learning,Advanced,2.0,0.5,2.7,1.4814814814814814,6.0,2.0,11.481481481481481,0,Focused / Low-Activity Learners
U01286,13,13,1821.19,140.09153846153848,3.326923076923077,7,2025-02-05,2025-12-25,23.333846153846153,Data Science,Beginner,5.0,0.38461538461538464,10.766666666666667,1.2074303405572755,18.0,1.8571428571428572,32.20743034055727,1,Advanced / Deep Learners
U01287,12,12,1971.19,164.26583333333335,3.0658333333333334,9,2025-02-11,2025-11-20,30.011666666666667,Artificial Intelligence,Intermediate,3.0,0.25,9.4,1.276595744680851,15.0,1.3333333333333333,28.27659574468085,1,Advanced / Deep Learners
U01288,2,2,177.34,88.67,3.91,2,2025-07-21,2025-07-24,48.989999999999995,Digital Marketing,Advanced,1.0,0.5,1.0,2.0,3.0,1.0,7.0,0,Focused / Low-Activity Learners
U01289,1,1,0.0,0.0,2.61,1,2025-01-22,2025-01-22,48.68,Design,Advanced,1.0,1.0,1.0,1.0,2.0,1.0,4.0,0,Focused / Low-Activity Learners
U01290,14,14,506.84000000000003,36.20285714285715,2.982142857142857,10,2025-01-05,2025-11-25,30.49285714285714,Programming,Intermediate,4.0,0.2857142857142857,10.8,1.2962962962962963,18.0,1.4,33.2962962962963,1,Advanced / Deep Learners
U01291,1,1,0.0,0.0,2.67,1,2025-05-07,2025-05-07,40.07,Web Development,Advanced,1.0,1.0,1.0,1.0,2.0,1.0,4.0,0,Focused / Low-Activity Learners
U01292,1,1,0.0,0.0,2.67,1,2025-03-19,2025-03-19,40.07,Web Development,Advanced,1.0,1.0,1.0,1.0,2.0,1.0,4.0,0,Focused / Low-Activity Learners
U01293,1,1,394.26,394.26,1.35,1,2025-07-25,2025-07-25,47.44,Cybersecurity,Intermediate,0.0,0.0,1.0,1.0,1.0,1.0,3.0,0,Focused / Low-Activity Learners
U01294,1,1,0.0,0.0,2.61,1,2025-05-07,2025-05-07,48.68,Design,Advanced,1.0,1.0,1.0,1.0,2.0,1.0,4.0,0,Focused / Low-Activity Learners
U01295,4,4,395.41,98.8525,3.4475,4,2025-01-30,2025-12-27,29.0325,Marketing,Intermediate,1.0,0.25,11.033333333333333,0.36253776435045315,5.0,1.0,9.362537764350453,0,Focused / Low-Activity Learners
U01296,1,1,0.0,0.0,4.68,1,2025-09-19,2025-09-19,15.75,Project Management,Beginner,0.0,0.0,1.0,1.0,1.0,1.0,3.0,0,Focused / Low-Activity Learners
U01297,1,1,0.0,0.0,1.81,1,2025-07-21,2025-07-21,9.3,Machine Learning,Advanced,1.0,1.0,1.0,1.0,2.0,1.0,4.0,0,Focused / Low-Activity Learners
U01298,1,1,0.0,0.0,4.44,1,2025-09-04,2025-09-04,1.46,Digital Marketing,Beginner,0.0,0.0,1.0,1.0,1.0,1.0,3.0,0,Focused / Low-Activity Learners
U01299,1,1,0.0,0.0,4.72,1,2025-07-01,2025-07-01,42.68,Marketing,Intermediate,0.0,0.0,1.0,1.0,1.0,1.0,3.0,0,Focused / Low-Activity Learners
U01300,1,1,0.0,0.0,3.15,1,2025-06-02,2025-06-02,22.29,Business,Advanced,1.0,1.0,1.0,1.0,2.0,1.0,4.0,0,Focused / Low-Activity Learners
U01301,1,1,0.0,0.0,4.44,1,2025-12-29,2025-12-29,1.46,Digital Marketing,Beginner,0.0,0.0,1.0,1.0,1.0,1.0,3.0,0,Focused / Low-Activity Learners
U01302,2,2,0.0,0.0,3.885,2,2025-04-09,2025-09-30,31.93,Web Development,Beginner,1.0,0.5,5.8,0.3448275862068966,3.0,1.0,5.344827586206897,0,Focused / Low-Activity Learners
U01303,2,2,117.68,58.84,3.25,2,2025-09-03,2025-11-02,48.17,Data Science,Advanced,1.0,0.5,2.0,1.0,3.0,1.0,6.0,0,Focused / Low-Activity Learners
U01304,2,2,0.0,0.0,2.995,2,2025-08-30,2025-12-09,14.24,Programming,Beginner,0.0,0.0,3.3666666666666667,0.594059405940594,2.0,1.0,4.594059405940595,0,Focused / Low-Activity Learners
U01305,3,3,0.0,0.0,2.76,3,2025-09-05,2025-11-22,12.516666666666666,Project Management,Advanced,2.0,0.6666666666666666,2.6,1.1538461538461537,5.0,1.0,9.153846153846153,0,Focused / Low-Activity Learners
U01306,1,1,0.0,0.0,2.67,1,2025-08-26,2025-08-26,40.07,Web Development,Advanced,1.0,1.0,1.0,1.0,2.0,1.0,4.0,0,Focused / Low-Activity Learners
U01307,1,1,0.0,0.0,4.45,1,2025-06-12,2025-06-12,15.29,Design,Advanced,1.0,1.0,1.0,1.0,2.0,1.0,4.0,0,Focused / Low-Activity Learners
U01308,1,1,0.0,0.0,2.38,1,2025-02-06,2025-02-06,16.74,Cybersecurity,Advanced,1.0,1.0,1.0,1.0,2.0,1.0,4.0,0,Focused / Low-Activity Learners
U01309,2,2,0.0,0.0,2.83,2,2025-05-12,2025-09-07,24.04,Data Science,Advanced,1.0,0.5,3.933333333333333,0.5084745762711864,3.0,1.0,5.508474576271187,0,Focused / Low-Activity Learners
U01310,3,3,0.0,0.0,3.606666666666667,3,2025-07-11,2025-12-02,43.25333333333333,Marketing,Intermediate,1.0,0.3333333333333333,4.8,0.625,4.0,1.0,7.625,0,Focused / Low-Activity Learners
U01311,1,1,327.99,327.99,1.51,1,2025-03-04,2025-03-04,12.13,Project Management,Beginner,0.0,0.0,1.0,1.0,1.0,1.0,3.0,0,Focused / Low-Activity Learners
U01312,1,1,0.0,0.0,2.61,1,2025-03-26,2025-03-26,48.68,Design,Advanced,1.0,1.0,1.0,1.0,2.0,1.0,4.0,0,Focused / Low-Activity Learners
U01313,3,3,248.1,82.7,3.5500000000000003,3,2025-01-25,2025-09-24,33.26,Marketing,Intermediate,0.0,0.0,8.066666666666666,0.37190082644628103,3.0,1.0,6.37190082644628,0,Focused / Low-Activity Learners
U01314,2,2,299.57,149.785,3.9250000000000003,2,2025-02-19,2025-08-23,47.285,Data Science,Beginner,0.0,0.0,6.166666666666667,0.3243243243243243,2.0,1.0,4.324324324324325,0,Focused / Low-Activity Learners
U01315,13,13,1870.02,143.8476923076923,2.9376923076923074,9,2025-02-01,2025-11-27,26.057692307692307,Business,Advanced,6.0,0.46153846153846156,9.966666666666667,1.3043478260869565,19.0,1.4444444444444444,33.30434782608695,1,Advanced / Deep Learners
U01316,1,1,0.0,0.0,3.15,1,2025-09-05,2025-09-05,22.29,Business,Advanced,1.0,1.0,1.0,1.0,2.0,1.0,4.0,0,Focused / Low-Activity Learners
U01317,1,1,0.0,0.0,1.59,1,2025-07-27,2025-07-27,6.36,Finance,Advanced,1.0,1.0,1.0,1.0,2.0,1.0,4.0,0,Focused / Low-Activity Learners
U01318,14,14,1337.15,95.51071428571429,3.0364285714285715,11,2025-01-05,2025-12-22,20.99142857142857,Finance,Advanced,6.0,0.42857142857142855,11.7,1.1965811965811965,20.0,1.2727272727272727,35.19658119658119,1,Advanced / Deep Learners
U01319,1,1,0.0,0.0,4.72,1,2025-09-25,2025-09-25,42.68,Marketing,Intermediate,0.0,0.0,1.0,1.0,1.0,1.0,3.0,0,Focused / Low-Activity Learners
U01320,4,4,285.05,71.2625,2.83,4,2025-04-29,2025-11-25,32.870000000000005,Programming,Beginner,1.0,0.25,7.0,0.5714285714285714,5.0,1.0,9.571428571428571,0,Focused / Low-Activity Learners
U01321,14,14,852.9399999999999,60.92428571428571,2.7807142857142857,8,2025-01-11,2025-11-13,22.413571428571426,Machine Learning,Beginner,6.0,0.42857142857142855,10.2,1.3725490196078431,20.0,1.75,35.372549019607845,1,Advanced / Deep Learners
U01322,12,12,760.6400000000001,63.38666666666668,3.393333333333333,8,2025-01-16,2025-12-05,27.973333333333333,Data Science,Advanced,6.0,0.5,10.766666666666667,1.1145510835913313,18.0,1.5,31.11455108359133,1,Advanced / Deep Learners
U01323,2,2,0.0,0.0,3.6500000000000004,2,2025-04-02,2025-06-27,26.73,Project Management,Beginner,0.0,0.0,2.8666666666666667,0.6976744186046512,2.0,1.0,4.697674418604651,0,Focused / Low-Activity Learners
U01324,1,1,0.0,0.0,4.66,1,2025-04-15,2025-04-15,5.95,Digital Marketing,Intermediate,0.0,0.0,1.0,1.0,1.0,1.0,3.0,0,Focused / Low-Activity Learners
U01325,2,2,177.34,88.67,3.25,2,2025-06-02,2025-09-22,49.205,Digital Marketing,Advanced,2.0,1.0,3.7333333333333334,0.5357142857142857,4.0,1.0,6.535714285714286,0,Focused / Low-Activity Learners
U01326,2,2,0.78,0.39,4.275,2,2025-04-07,2025-08-06,25.455000000000002,Machine Learning,Advanced,1.0,0.5,4.033333333333333,0.49586776859504134,3.0,1.0,5.4958677685950414,0,Focused / Low-Activity Learners
U01327,1,1,487.92,487.92,3.64,1,2025-09-26,2025-09-26,36.01,Business,Advanced,1.0,1.0,1.0,1.0,2.0,1.0,4.0,0,Focused / Low-Activity Learners
U01328,1,1,248.1,248.1,1.2,1,2025-11-15,2025-11-15,9.4,Artificial Intelligence,Beginner,0.0,0.0,1.0,1.0,1.0,1.0,3.0,0,Focused / Low-Activity Learners
U01329,1,1,276.37,276.37,2.72,1,2025-10-29,2025-10-29,48.84,Design,Advanced,1.0,1.0,1.0,1.0,2.0,1.0,4.0,0,Focused / Low-Activity Learners
U01330,2,2,0.0,0.0,2.8200000000000003,2,2025-01-07,2025-08-14,29.270000000000003,Business,Advanced,1.0,0.5,7.3,0.273972602739726,3.0,1.0,5.273972602739726,0,Focused / Low-Activity Learners
U01331,13,13,1288.06,99.08153846153846,2.6507692307692308,8,2025-02-05,2025-12-11,26.158461538461538,Data Science,Advanced,6.0,0.46153846153846156,10.3,1.262135922330097,19.0,1.625,33.262135922330096,1,Advanced / Deep Learners
U01332,12,12,1377.3400000000001,114.77833333333335,2.986666666666667,8,2025-03-01,2025-12-28,28.809166666666666,Marketing,Intermediate,5.0,0.4166666666666667,10.066666666666666,1.1920529801324504,17.0,1.5,30.192052980132452,1,Advanced / Deep Learners
U01333,1,1,0.0,0.0,2.61,1,2025-07-12,2025-07-12,48.68,Design,Advanced,1.0,1.0,1.0,1.0,2.0,1.0,4.0,0,Focused / Low-Activity Learners
U01334,13,13,661.19,50.860769230769236,2.963846153846154,9,2025-03-25,2025-12-05,25.94,Cybersecurity,Intermediate,4.0,0.3076923076923077,8.5,1.5294117647058822,17.0,1.4444444444444444,31.529411764705884,1,Advanced / Deep Learners
U01335,1,1,0.0,0.0,4.73,1,2025-05-01,2025-05-01,47.7,Machine Learning,Intermediate,0.0,0.0,1.0,1.0,1.0,1.0,3.0,0,Focused / Low-Activity Learners
U01336,14,14,870.65,62.18928571428571,2.967142857142857,9,2025-01-21,2025-12-24,27.927857142857142,Data Science,Advanced,6.0,0.42857142857142855,11.233333333333333,1.2462908011869438,20.0,1.5555555555555556,35.246290801186944,1,Advanced / Deep Learners
U01337,16,16,1242.9,77.68125,2.9125,10,2025-01-18,2025-12-16,23.96125,Machine Learning,Advanced,8.0,0.5,11.066666666666666,1.4457831325301205,24.0,1.6,41.445783132530124,1,Advanced / Deep Learners
U01338,3,3,0.0,0.0,2.353333333333333,3,2025-01-01,2025-11-30,24.083333333333332,Web Development,Advanced,3.0,1.0,11.1,0.2702702702702703,6.0,1.0,9.27027027027027,0,Focused / Low-Activity Learners
U01339,2,2,415.51,207.755,2.77,2,2025-05-06,2025-08-24,33.015,Programming,Intermediate,0.0,0.0,3.6666666666666665,0.5454545454545455,2.0,1.0,4.545454545454545,0,Focused / Low-Activity Learners
U01340,2,2,415.51,207.755,2.195,2,2025-09-04,2025-11-07,28.505,Programming,Beginner,0.0,0.0,2.1333333333333333,0.9375,2.0,1.0,4.9375,0,Focused / Low-Activity Learners
U01341,3,3,117.68,39.22666666666667,2.8066666666666666,2,2025-05-25,2025-10-21,40.49666666666667,Data Science,Beginner,1.0,0.3333333333333333,4.966666666666667,0.6040268456375839,4.0,1.5,7.604026845637584,0,Focused / Low-Activity Learners
U01342,2,2,0.0,0.0,3.5,2,2025-01-17,2025-05-16,20.91,Programming,Advanced,1.0,0.5,3.966666666666667,0.5042016806722689,3.0,1.0,5.504201680672269,0,Focused / Low-Activity Learners
U01343,14,14,1956.72,139.7657142857143,2.975714285714286,9,2025-01-27,2025-12-26,34.04857142857143,Cybersecurity,Intermediate,4.0,0.2857142857142857,11.1,1.2612612612612613,18.0,1.5555555555555556,33.26126126126126,1,Advanced / Deep Learners
U01344,14,14,680.3,48.59285714285714,2.9035714285714285,7,2025-01-06,2025-12-26,24.095714285714287,Design,Intermediate,4.0,0.2857142857142857,11.8,1.1864406779661016,18.0,2.0,33.186440677966104,1,Advanced / Deep Learners
U01345,1,1,0.0,0.0,2.2,1,2025-02-23,2025-02-23,40.76,Web Development,Beginner,0.0,0.0,1.0,1.0,1.0,1.0,3.0,0,Focused / Low-Activity Learners
U01346,15,15,1390.85,92.72333333333333,2.9886666666666666,11,2025-02-09,2025-12-29,27.85666666666667,Artificial Intelligence,Advanced,7.0,0.4666666666666667,10.766666666666667,1.393188854489164,22.0,1.3636363636363635,38.39318885448917,1,Advanced / Deep Learners
U01347,13,13,820.38,63.106153846153845,3.2384615384615385,9,2025-01-01,2025-11-07,27.04615384615385,Artificial Intelligence,Beginner,5.0,0.38461538461538464,10.333333333333334,1.2580645161290323,18.0,1.4444444444444444,32.25806451612903,1,Advanced / Deep Learners
U01348,2,2,0.0,0.0,3.21,2,2025-06-24,2025-06-30,37.355,Design,Beginner,0.0,0.0,1.0,2.0,2.0,1.0,6.0,0,Focused / Low-Activity Learners
U01349,1,1,0.0,0.0,1.73,1,2025-12-25,2025-12-25,38.49,Machine Learning,Intermediate,0.0,0.0,1.0,1.0,1.0,1.0,3.0,0,Focused / Low-Activity Learners
U01350,13,13,1088.15,83.70384615384616,3.2746153846153847,8,2025-01-10,2025-12-13,29.89076923076923,Cybersecurity,Beginner,3.0,0.23076923076923078,11.233333333333333,1.1572700296735905,16.0,1.625,30.15727002967359,1,Advanced / Deep Learners
U01351,2,2,0.78,0.39,3.67,2,2025-08-07,2025-10-29,39.445,Machine Learning,Advanced,1.0,0.5,2.7666666666666666,0.7228915662650602,3.0,1.0,5.72289156626506,0,Focused / Low-Activity Learners
U01352,13,13,1319.58,101.50615384615384,3.845384615384615,9,2025-02-24,2025-12-14,31.954615384615387,Marketing,Intermediate,4.0,0.3076923076923077,9.766666666666667,1.3310580204778155,17.0,1.4444444444444444,31.331058020477816,1,Advanced / Deep Learners
U01353,1,1,0.0,0.0,2.2,1,2025-07-24,2025-07-24,40.76,Web Development,Beginner,0.0,0.0,1.0,1.0,1.0,1.0,3.0,0,Focused / Low-Activity Learners
U01354,2,2,0.0,0.0,4.585,2,2025-11-11,2025-11-13,28.985,Marketing,Advanced,1.0,0.5,1.0,2.0,3.0,1.0,7.0,0,Focused / Low-Activity Learners
U01355,13,13,1449.74,111.51846153846154,3.5300000000000002,8,2025-01-08,2025-12-22,27.745384615384616,Marketing,Advanced,9.0,0.6923076923076923,11.6,1.120689655172414,22.0,1.625,36.12068965517241,1,Advanced / Deep Learners
U01356,3,3,89.59,29.863333333333333,3.28,3,2025-10-15,2025-12-08,14.343333333333334,Finance,Intermediate,0.0,0.0,1.8,1.6666666666666665,3.0,1.0,7.666666666666666,0,Focused / Low-Activity Learners
U01357,1,1,0.78,0.78,3.89,1,2025-01-05,2025-01-05,44.96,Machine Learning,Advanced,1.0,1.0,1.0,1.0,2.0,1.0,4.0,0,Focused / Low-Activity Learners
U01358,1,1,37.89,37.89,1.3,1,2025-02-21,2025-02-21,24.11,Web Development,Advanced,1.0,1.0,1.0,1.0,2.0,1.0,4.0,0,Focused / Low-Activity Learners
U01359,2,2,0.0,0.0,3.21,2,2025-11-04,2025-11-11,37.355,Design,Intermediate,0.0,0.0,1.0,2.0,2.0,1.0,6.0,0,Focused / Low-Activity Learners
U01360,1,1,119.04,119.04,2.75,1,2025-04-14,2025-04-14,23.41,Finance,Intermediate,0.0,0.0,1.0,1.0,1.0,1.0,3.0,0,Focused / Low-Activity Learners
U01361,1,1,0.0,0.0,2.2,1,2025-05-25,2025-05-25,40.76,Web Development,Beginner,0.0,0.0,1.0,1.0,1.0,1.0,3.0,0,Focused / Low-Activity Learners
U01362,3,3,0.0,0.0,2.92,3,2025-01-04,2025-10-09,23.21666666666667,Marketing,Beginner,1.0,0.3333333333333333,9.266666666666667,0.3237410071942446,4.0,1.0,7.323741007194244,0,Focused / Low-Activity Learners
U01363,2,2,0.0,0.0,3.29,2,2025-06-08,2025-07-17,9.6,Marketing,Advanced,1.0,0.5,1.3,1.5384615384615383,3.0,1.0,6.538461538461538,0,Focused / Low-Activity Learners
U01364,13,13,1734.8,133.44615384615383,3.3515384615384614,9,2025-01-10,2025-12-09,25.421538461538464,Digital Marketing,Intermediate,5.0,0.38461538461538464,11.1,1.1711711711711712,18.0,1.4444444444444444,32.17117117117117,1,Advanced / Deep Learners
U01365,14,14,1709.25,122.08928571428571,2.9314285714285715,11,2025-02-18,2025-12-21,31.075,Data Science,Intermediate,2.0,0.14285714285714285,10.2,1.3725490196078431,16.0,1.2727272727272727,31.372549019607845,1,Advanced / Deep Learners
U01366,1,1,0.0,0.0,1.59,1,2025-01-08,2025-01-08,6.36,Finance,Advanced,1.0,1.0,1.0,1.0,2.0,1.0,4.0,0,Focused / Low-Activity Learners
U01367,1,1,0.0,0.0,4.68,1,2025-03-03,2025-03-03,15.75,Project Management,Beginner,0.0,0.0,1.0,1.0,1.0,1.0,3.0,0,Focused / Low-Activity Learners
U01368,1,1,0.0,0.0,2.2,1,2025-08-08,2025-08-08,40.76,Web Development,Beginner,0.0,0.0,1.0,1.0,1.0,1.0,3.0,0,Focused / Low-Activity Learners
U01369,1,1,0.0,0.0,3.02,1,2025-04-28,2025-04-28,9.71,Data Science,Intermediate,0.0,0.0,1.0,1.0,1.0,1.0,3.0,0,Focused / Low-Activity Learners
U01370,3,3,276.37,92.12333333333333,2.2433333333333336,3,2025-03-24,2025-05-29,32.96666666666667,Web Development,Advanced,2.0,0.6666666666666666,2.2,1.3636363636363635,5.0,1.0,9.363636363636363,0,Focused / Low-Activity Learners
U01371,1,1,0.0,0.0,3.02,1,2025-10-05,2025-10-05,9.71,Data Science,Intermediate,0.0,0.0,1.0,1.0,1.0,1.0,3.0,0,Focused / Low-Activity Learners
U01372,1,1,0.0,0.0,4.66,1,2025-02-14,2025-02-14,5.95,Digital Marketing,Intermediate,0.0,0.0,1.0,1.0,1.0,1.0,3.0,0,Focused / Low-Activity Learners
U01373,1,1,0.0,0.0,3.93,1,2025-05-06,2025-05-06,48.25,Cybersecurity,Intermediate,0.0,0.0,1.0,1.0,1.0,1.0,3.0,0,Focused / Low-Activity Learners
U01374,1,1,0.0,0.0,2.14,1,2025-04-08,2025-04-08,8.95,Digital Marketing,Beginner,0.0,0.0,1.0,1.0,1.0,1.0,3.0,0,Focused / Low-Activity Learners
U01375,13,13,1934.77,148.82846153846154,3.1692307692307695,9,2025-01-15,2025-12-25,27.24230769230769,Marketing,Beginner,4.0,0.3076923076923077,11.466666666666667,1.1337209302325582,17.0,1.4444444444444444,31.133720930232556,1,Advanced / Deep Learners
U01376,1,1,0.0,0.0,4.68,1,2025-07-19,2025-07-19,15.75,Project Management,Beginner,0.0,0.0,1.0,1.0,1.0,1.0,3.0,0,Focused / Low-Activity Learners
U01377,4,4,833.09,208.2725,2.6125,3,2025-01-04,2025-12-21,16.075,Artificial Intelligence,Intermediate,1.0,0.25,11.7,0.3418803418803419,5.0,1.3333333333333333,9.34188034188034,0,Focused / Low-Activity Learners
U01378,2,2,472.28,236.14,4.625,2,2025-01-06,2025-03-02,29.595,Programming,Beginner,0.0,0.0,1.8333333333333333,1.090909090909091,2.0,1.0,5.090909090909091,0,Focused / Low-Activity Learners
U01379,2,2,299.57,149.785,2.435,2,2025-10-15,2025-11-13,32.325,Data Science,Beginner,0.0,0.0,1.0,2.0,2.0,1.0,6.0,0,Focused / Low-Activity Learners
U01380,1,1,37.89,37.89,1.3,1,2025-10-25,2025-10-25,24.11,Web Development,Advanced,1.0,1.0,1.0,1.0,2.0,1.0,4.0,0,Focused / Low-Activity Learners
U01381,1,1,0.0,0.0,4.14,1,2025-10-25,2025-10-25,31.77,Finance,Beginner,0.0,0.0,1.0,1.0,1.0,1.0,3.0,0,Focused / Low-Activity Learners
U01382,1,1,326.02,326.02,2.69,1,2025-08-21,2025-08-21,11.31,Business,Intermediate,0.0,0.0,1.0,1.0,1.0,1.0,3.0,0,Focused / Low-Activity Learners
U01383,1,1,0.0,0.0,3.93,1,2025-06-03,2025-06-03,48.25,Cybersecurity,Intermediate,0.0,0.0,1.0,1.0,1.0,1.0,3.0,0,Focused / Low-Activity Learners
U01384,3,3,472.28,157.42666666666665,3.4433333333333334,3,2025-04-14,2025-08-26,25.893333333333334,Programming,Advanced,2.0,0.6666666666666666,4.466666666666667,0.6716417910447761,5.0,1.0,8.671641791044776,0,Focused / Low-Activity Learners
U01385,1,1,0.0,0.0,4.14,1,2025-11-09,2025-11-09,31.77,Finance,Beginner,0.0,0.0,1.0,1.0,1.0,1.0,3.0,0,Focused / Low-Activity Learners
U01386,1,1,487.92,487.92,3.64,1,2025-03-11,2025-03-11,36.01,Business,Advanced,1.0,1.0,1.0,1.0,2.0,1.0,4.0,0,Focused / Low-Activity Learners
U01387,1,1,0.0,0.0,3.65,1,2025-06-16,2025-06-16,32.64,Data Science,Beginner,0.0,0.0,1.0,1.0,1.0,1.0,3.0,0,Focused / Low-Activity Learners
U01388,1,1,0.0,0.0,2.61,1,2025-05-09,2025-05-09,48.68,Design,Advanced,1.0,1.0,1.0,1.0,2.0,1.0,4.0,0,Focused / Low-Activity Learners
U01389,1,1,0.0,0.0,3.85,1,2025-04-01,2025-04-01,19.53,Programming,Beginner,0.0,0.0,1.0,1.0,1.0,1.0,3.0,0,Focused / Low-Activity Learners
U01390,2,2,0.0,0.0,3.255,2,2025-06-22,2025-10-25,32.015,Design,Beginner,1.0,0.5,4.166666666666667,0.48,3.0,1.0,5.48,0,Focused / Low-Activity Learners
U01391,1,1,0.0,0.0,3.15,1,2025-06-17,2025-06-17,22.29,Business,Advanced,1.0,1.0,1.0,1.0,2.0,1.0,4.0,0,Focused / Low-Activity Learners
U01392,3,3,248.1,82.7,2.4233333333333333,3,2025-01-12,2025-11-28,22.483333333333334,Programming,Beginner,1.0,0.3333333333333333,10.666666666666666,0.28125,4.0,1.0,7.28125,0,Focused / Low-Activity Learners
U01393,1,1,0.0,0.0,3.02,1,2025-01-29,2025-01-29,9.71,Data Science,Intermediate,0.0,0.0,1.0,1.0,1.0,1.0,3.0,0,Focused / Low-Activity Learners
U01394,14,14,680.0699999999999,48.576428571428565,3.4364285714285714,9,2025-01-11,2025-12-06,30.969285714285714,Data Science,Beginner,3.0,0.21428571428571427,10.966666666666667,1.2765957446808511,17.0,1.5555555555555556,32.27659574468085,1,Advanced / Deep Learners
U01395,14,14,1137.83,81.27357142857143,2.882857142857143,9,2025-01-04,2025-12-05,25.28642857142857,Design,Intermediate,4.0,0.2857142857142857,11.166666666666666,1.2537313432835822,18.0,1.5555555555555556,33.25373134328358,1,Advanced / Deep Learners
U01396,3,3,394.26,131.42,2.813333333333333,3,2025-03-06,2025-08-14,30.363333333333333,Programming,Intermediate,0.0,0.0,5.366666666666666,0.5590062111801243,3.0,1.0,6.559006211180124,0,Focused / Low-Activity Learners
U01397,13,13,887.1,68.23846153846154,3.2100000000000004,8,2025-02-02,2025-11-05,36.033846153846156,Web Development,Beginner,3.0,0.23076923076923078,9.2,1.4130434782608696,16.0,1.625,30.413043478260867,1,Advanced / Deep Learners
U01398,1,1,0.0,0.0,2.67,1,2025-02-17,2025-02-17,40.07,Web Development,Advanced,1.0,1.0,1.0,1.0,2.0,1.0,4.0,0,Focused / Low-Activity Learners
U01399,16,16,1648.93,103.058125,3.179375,8,2025-01-03,2025-10-26,24.1125,Artificial Intelligence,Beginner,5.0,0.3125,9.866666666666667,1.6216216216216215,21.0,2.0,38.62162162162162,1,Advanced / Deep Learners
U01400,1,1,0.0,0.0,3.64,1,2025-12-01,2025-12-01,42.7,Artificial Intelligence,Beginner,0.0,0.0,1.0,1.0,1.0,1.0,3.0,0,Focused / Low-Activity Learners
U01401,1,1,327.99,327.99,1.51,1,2025-11-06,2025-11-06,12.13,Project Management,Beginner,0.0,0.0,1.0,1.0,1.0,1.0,3.0,0,Focused / Low-Activity Learners
U01402,4,4,383.34,95.835,3.95,4,2025-04-21,2025-10-15,36.415000000000006,Web Development,Intermediate,1.0,0.25,5.9,0.6779661016949152,5.0,1.0,9.677966101694915,0,Focused / Low-Activity Learners
U01403,1,1,0.0,0.0,1.91,1,2025-05-14,2025-05-14,26.52,Cybersecurity,Intermediate,0.0,0.0,1.0,1.0,1.0,1.0,3.0,0,Focused / Low-Activity Learners
U01404,1,1,0.0,0.0,2.67,1,2025-06-06,2025-06-06,40.07,Web Development,Advanced,1.0,1.0,1.0,1.0,2.0,1.0,4.0,0,Focused / Low-Activity Learners
U01405,12,12,1034.4099999999999,86.20083333333332,2.874166666666667,9,2025-01-06,2025-10-21,28.125,Data Science,Advanced,6.0,0.5,9.6,1.25,18.0,1.3333333333333333,31.25,1,Advanced / Deep Learners
U01406,1,1,0.0,0.0,2.67,1,2025-01-10,2025-01-10,40.07,Web Development,Advanced,1.0,1.0,1.0,1.0,2.0,1.0,4.0,0,Focused / Low-Activity Learners
U01407,1,1,0.0,0.0,4.72,1,2025-03-19,2025-03-19,42.68,Marketing,Intermediate,0.0,0.0,1.0,1.0,1.0,1.0,3.0,0,Focused / Low-Activity Learners
U01408,2,2,0.0,0.0,3.0999999999999996,2,2025-06-11,2025-07-07,46.85,Web Development,Beginner,0.0,0.0,1.0,2.0,2.0,1.0,6.0,0,Focused / Low-Activity Learners
U01409,4,4,591.3199999999999,147.82999999999998,3.025,3,2025-01-23,2025-09-07,12.620000000000001,Finance,Intermediate,1.0,0.25,7.566666666666666,0.5286343612334802,5.0,1.3333333333333333,9.528634361233479,0,Focused / Low-Activity Learners
U01410,1,1,37.89,37.89,1.3,1,2025-06-02,2025-06-02,24.11,Web Development,Advanced,1.0,1.0,1.0,1.0,2.0,1.0,4.0,0,Focused / Low-Activity Learners
U01411,15,15,1440.09,96.006,3.5106666666666664,9,2025-01-18,2025-12-15,28.702666666666666,Design,Beginner,6.0,0.4,11.033333333333333,1.3595166163141994,21.0,1.6666666666666667,37.359516616314195,1,Advanced / Deep Learners
U01412,3,3,58.1,19.366666666666667,4.243333333333333,3,2025-01-07,2025-09-13,41.24666666666667,Web Development,Advanced,2.0,0.6666666666666666,8.3,0.36144578313253006,5.0,1.0,8.361445783132531,0,Focused / Low-Activity Learners
U01413,1,1,0.0,0.0,1.73,1,2025-05-02,2025-05-02,38.49,Machine Learning,Intermediate,0.0,0.0,1.0,1.0,1.0,1.0,3.0,0,Focused / Low-Activity Learners
U01414,16,16,1200.1,75.00625,3.05875,11,2025-01-15,2025-11-06,28.24875,Web Development,Intermediate,7.0,0.4375,9.833333333333334,1.6271186440677965,23.0,1.4545454545454546,40.62711864406779,1,Advanced / Deep Learners
U01415,3,3,1086.1399999999999,362.0466666666666,2.393333333333333,3,2025-01-22,2025-07-29,41.53666666666667,Design,Intermediate,1.0,0.3333333333333333,6.266666666666667,0.4787234042553192,4.0,1.0,7.4787234042553195,0,Focused / Low-Activity Learners
U01416,2,2,326.02,163.01,3.8150000000000004,2,2025-03-01,2025-09-10,26.950000000000003,Cybersecurity,Beginner,0.0,0.0,6.433333333333334,0.31088082901554404,2.0,1.0,4.310880829015544,0,Focused / Low-Activity Learners
U01417,2,2,346.71,173.355,2.955,1,2025-03-29,2025-10-19,9.585,Project Management,Advanced,1.0,0.5,6.8,0.29411764705882354,3.0,2.0,5.294117647058823,0,Focused / Low-Activity Learners
U01418,1,1,0.0,0.0,4.45,1,2025-05-21,2025-05-21,15.29,Design,Advanced,1.0,1.0,1.0,1.0,2.0,1.0,4.0,0,Focused / Low-Activity Learners
U01419,2,2,327.99,163.995,1.395,2,2025-01-27,2025-02-14,20.405,Project Management,Beginner,0.0,0.0,1.0,2.0,2.0,1.0,6.0,0,Focused / Low-Activity Learners
U01420,3,3,339.69,113.23,2.7733333333333334,3,2025-05-05,2025-09-01,42.27333333333333,Business,Beginner,1.0,0.3333333333333333,3.966666666666667,0.7563025210084033,4.0,1.0,7.756302521008403,0,Focused / Low-Activity Learners
U01421,1,1,0.0,0.0,4.14,1,2025-02-18,2025-02-18,31.77,Finance,Beginner,0.0,0.0,1.0,1.0,1.0,1.0,3.0,0,Focused / Low-Activity Learners
U01422,2,2,490.9,245.45,4.324999999999999,2,2025-05-18,2025-06-11,21.189999999999998,Artificial Intelligence,Intermediate,0.0,0.0,1.0,2.0,2.0,1.0,6.0,0,Focused / Low-Activity Learners
U01423,1,1,0.0,0.0,4.45,1,2025-08-03,2025-08-03,15.29,Design,Advanced,1.0,1.0,1.0,1.0,2.0,1.0,4.0,0,Focused / Low-Activity Learners
U01424,1,1,415.51,415.51,3.11,1,2025-07-17,2025-07-17,28.33,Artificial Intelligence,Intermediate,0.0,0.0,1.0,1.0,1.0,1.0,3.0,0,Focused / Low-Activity Learners
U01425,1,1,0.0,0.0,4.68,1,2025-09-29,2025-09-29,15.75,Project Management,Beginner,0.0,0.0,1.0,1.0,1.0,1.0,3.0,0,Focused / Low-Activity Learners
U01426,1,1,89.59,89.59,2.68,1,2025-10-15,2025-10-15,1.55,Artificial Intelligence,Intermediate,0.0,0.0,1.0,1.0,1.0,1.0,3.0,0,Focused / Low-Activity Learners
U01427,1,1,0.0,0.0,3.64,1,2025-05-14,2025-05-14,42.7,Artificial Intelligence,Beginner,0.0,0.0,1.0,1.0,1.0,1.0,3.0,0,Focused / Low-Activity Learners
U01428,1,1,0.0,0.0,4.79,1,2025-12-26,2025-12-26,29.37,Marketing,Advanced,1.0,1.0,1.0,1.0,2.0,1.0,4.0,0,Focused / Low-Activity Learners
U01429,15,15,829.17,55.278,3.6806666666666668,10,2025-01-05,2025-11-21,26.509333333333334,Design,Beginner,5.0,0.3333333333333333,10.666666666666666,1.40625,20.0,1.5,36.40625,1,Advanced / Deep Learners
U01430,13,13,1296.6799999999998,99.74461538461537,3.4553846153846157,10,2025-02-06,2025-12-03,30.353076923076927,Cybersecurity,Advanced,8.0,0.6153846153846154,10.0,1.3,21.0,1.3,35.3,1,Advanced / Deep Learners
U01431,2,2,0.0,0.0,4.0200000000000005,2,2025-04-13,2025-09-23,47.25,Marketing,Intermediate,0.0,0.0,5.433333333333334,0.36809815950920244,2.0,1.0,4.368098159509202,0,Focused / Low-Activity Learners
U01432,12,12,2266.34,188.86166666666668,3.285,8,2025-02-09,2025-12-29,31.738333333333333,Artificial Intelligence,Intermediate,4.0,0.3333333333333333,10.766666666666667,1.1145510835913313,16.0,1.5,29.11455108359133,1,Advanced / Deep Learners
U01433,2,2,89.59,44.795,3.16,1,2025-12-04,2025-12-05,22.125,Artificial Intelligence,Beginner,0.0,0.0,1.0,2.0,2.0,2.0,6.0,0,Focused / Low-Activity Learners
U01434,2,2,90.37,45.185,3.285,2,2025-01-16,2025-12-29,23.255,Machine Learning,Advanced,1.0,0.5,11.566666666666666,0.1729106628242075,3.0,1.0,5.172910662824208,0,Focused / Low-Activity Learners
U01435,13,13,1478.6599999999999,113.74307692307691,2.9015384615384616,10,2025-01-04,2025-11-08,33.43076923076923,Programming,Intermediate,4.0,0.3076923076923077,10.266666666666667,1.2662337662337662,17.0,1.3,31.266233766233768,1,Advanced / Deep Learners
U01436,2,2,0.0,0.0,2.8,2,2025-03-18,2025-06-05,8.52,Data Science,Intermediate,1.0,0.5,2.6333333333333333,0.759493670886076,3.0,1.0,5.759493670886076,0,Focused / Low-Activity Learners
U01437,1,1,0.0,0.0,4.14,1,2025-06-05,2025-06-05,31.77,Finance,Beginner,0.0,0.0,1.0,1.0,1.0,1.0,3.0,0,Focused / Low-Activity Learners
U01438,4,4,37.89,9.4725,2.3200000000000003,3,2025-04-17,2025-11-18,29.130000000000003,Web Development,Beginner,1.0,0.25,7.166666666666667,0.5581395348837209,5.0,1.3333333333333333,9.558139534883722,0,Focused / Low-Activity Learners
U01439,1,1,327.99,327.99,1.51,1,2025-06-06,2025-06-06,12.13,Project Management,Beginner,0.0,0.0,1.0,1.0,1.0,1.0,3.0,0,Focused / Low-Activity Learners
U01440,2,2,394.26,197.13,2.64,1,2025-09-29,2025-12-08,47.845,Cybersecurity,Intermediate,0.0,0.0,2.3333333333333335,0.8571428571428571,2.0,2.0,4.857142857142858,0,Focused / Low-Activity Learners
U01441,1,1,327.99,327.99,1.51,1,2025-03-20,2025-03-20,12.13,Project Management,Beginner,0.0,0.0,1.0,1.0,1.0,1.0,3.0,0,Focused / Low-Activity Learners
U01442,3,3,559.0999999999999,186.36666666666665,2.33,3,2025-06-23,2025-11-28,24.99666666666667,Project Management,Advanced,3.0,1.0,5.266666666666667,0.569620253164557,6.0,1.0,9.569620253164556,0,Focused / Low-Activity Learners
U01443,2,2,0.0,0.0,3.125,2,2025-04-18,2025-05-17,45.69,Design,Advanced,1.0,0.5,1.0,2.0,3.0,1.0,7.0,0,Focused / Low-Activity Learners
U01444,2,2,436.29999999999995,218.14999999999998,1.955,2,2025-04-01,2025-12-16,2.485,Project Management,Advanced,1.0,0.5,8.633333333333333,0.23166023166023167,3.0,1.0,5.231660231660232,0,Focused / Low-Activity Learners
U01445,12,12,1584.32,132.02666666666667,2.795833333333333,9,2025-02-09,2025-12-05,32.163333333333334,Web Development,Beginner,3.0,0.25,9.966666666666667,1.2040133779264215,15.0,1.3333333333333333,28.204013377926422,1,Advanced / Deep Learners
U01446,1,1,0.0,0.0,3.32,1,2025-10-17,2025-10-17,48.57,Web Development,Beginner,0.0,0.0,1.0,1.0,1.0,1.0,3.0,0,Focused / Low-Activity Learners
U01447,1,1,0.0,0.0,3.15,1,2025-04-18,2025-04-18,22.29,Business,Advanced,1.0,1.0,1.0,1.0,2.0,1.0,4.0,0,Focused / Low-Activity Learners
U01448,1,1,0.0,0.0,3.6,1,2025-03-26,2025-03-26,1.2,Data Science,Intermediate,0.0,0.0,1.0,1.0,1.0,1.0,3.0,0,Focused / Low-Activity Learners
U01449,2,2,0.0,0.0,3.99,2,2025-02-13,2025-07-28,27.26,Web Development,Beginner,0.0,0.0,5.5,0.36363636363636365,2.0,1.0,4.363636363636363,0,Focused / Low-Activity Learners
U01450,11,11,1039.6299999999999,94.51181818181817,3.4645454545454544,8,2025-02-16,2025-11-30,31.23818181818182,Artificial Intelligence,Intermediate,4.0,0.36363636363636365,9.566666666666666,1.1498257839721255,15.000000000000002,1.375,27.149825783972126,1,Advanced / Deep Learners
U01451,11,11,906.41,82.40090909090908,3.328181818181818,7,2025-01-01,2025-12-07,29.01,Artificial Intelligence,Beginner,2.0,0.18181818181818182,11.333333333333334,0.9705882352941176,13.0,1.5714285714285714,24.970588235294116,1,Advanced / Deep Learners
U01452,2,2,155.57,77.785,1.935,2,2025-06-18,2025-11-28,36.1,Web Development,Advanced,2.0,1.0,5.433333333333334,0.36809815950920244,4.0,1.0,6.368098159509202,0,Focused / Low-Activity Learners
U01453,2,2,0.0,0.0,3.1750000000000003,2,2025-08-27,2025-09-07,13.99,Cybersecurity,Beginner,0.0,0.0,1.0,2.0,2.0,1.0,6.0,0,Focused / Low-Activity Learners
U01454,2,2,0.0,0.0,2.26,2,2025-05-27,2025-12-26,37.6,Cybersecurity,Advanced,1.0,0.5,7.1,0.28169014084507044,3.0,1.0,5.28169014084507,0,Focused / Low-Activity Learners
U01455,14,14,994.88,71.06285714285714,3.0978571428571433,11,2025-02-12,2025-12-24,29.330714285714286,Digital Marketing,Advanced,5.0,0.35714285714285715,10.5,1.3333333333333333,19.0,1.2727272727272727,34.333333333333336,1,Advanced / Deep Learners
U01456,1,1,0.0,0.0,4.14,1,2025-10-04,2025-10-04,31.77,Finance,Beginner,0.0,0.0,1.0,1.0,1.0,1.0,3.0,0,Focused / Low-Activity Learners
U01457,1,1,394.26,394.26,1.35,1,2025-05-29,2025-05-29,47.44,Cybersecurity,Intermediate,0.0,0.0,1.0,1.0,1.0,1.0,3.0,0,Focused / Low-Activity Learners
U01458,1,1,0.0,0.0,2.0,1,2025-04-14,2025-04-14,15.84,Business,Advanced,1.0,1.0,1.0,1.0,2.0,1.0,4.0,0,Focused / Low-Activity Learners
U01459,1,1,0.0,0.0,1.28,1,2025-02-10,2025-02-10,28.68,Programming,Beginner,0.0,0.0,1.0,1.0,1.0,1.0,3.0,0,Focused / Low-Activity Learners
U01460,13,13,1634.62,125.74,3.0584615384615383,10,2025-01-11,2025-11-22,28.496923076923075,Cybersecurity,Advanced,5.0,0.38461538461538464,10.5,1.2380952380952381,18.0,1.3,32.23809523809524,1,Advanced / Deep Learners
U01461,1,1,327.99,327.99,1.51,1,2025-10-16,2025-10-16,12.13,Project Management,Beginner,0.0,0.0,1.0,1.0,1.0,1.0,3.0,0,Focused / Low-Activity Learners
U01462,1,1,212.39,212.39,3.15,1,2025-06-15,2025-06-15,22.89,Digital Marketing,Advanced,1.0,1.0,1.0,1.0,2.0,1.0,4.0,0,Focused / Low-Activity Learners
U01463,13,13,1219.22,93.78615384615385,3.256153846153846,7,2025-01-04,2025-09-14,31.382307692307695,Finance,Beginner,1.0,0.07692307692307693,8.433333333333334,1.541501976284585,14.0,1.8571428571428572,28.541501976284586,1,Advanced / Deep Learners
U01464,1,1,0.0,0.0,4.51,1,2025-08-21,2025-08-21,48.19,Design,Beginner,0.0,0.0,1.0,1.0,1.0,1.0,3.0,0,Focused / Low-Activity Learners
U01465,2,2,394.26,197.13,3.04,2,2025-01-27,2025-02-01,47.57,Cybersecurity,Intermediate,0.0,0.0,1.0,2.0,2.0,1.0,6.0,0,Focused / Low-Activity Learners
U01466,2,2,0.0,0.0,3.8,2,2025-07-01,2025-11-14,18.79,Business,Advanced,2.0,1.0,4.533333333333333,0.4411764705882353,4.0,1.0,6.4411764705882355,0,Focused / Low-Activity Learners
U01467,1,1,487.92,487.92,3.64,1,2025-09-13,2025-09-13,36.01,Business,Advanced,1.0,1.0,1.0,1.0,2.0,1.0,4.0,0,Focused / Low-Activity Learners
U01468,2,2,299.57,149.785,3.06,2,2025-01-15,2025-09-23,32.53,Data Science,Advanced,1.0,0.5,8.366666666666667,0.2390438247011952,3.0,1.0,5.239043824701195,0,Focused / Low-Activity Learners
U01469,2,2,0.0,0.0,3.585,2,2025-01-05,2025-10-30,23.055,Marketing,Advanced,2.0,1.0,9.933333333333334,0.20134228187919462,4.0,1.0,6.201342281879194,0,Focused / Low-Activity Learners
U01470,2,2,415.51,207.755,3.52,2,2025-03-27,2025-06-25,38.29,Cybersecurity,Intermediate,0.0,0.0,3.0,0.6666666666666666,2.0,1.0,4.666666666666666,0,Focused / Low-Activity Learners
U01471,1,1,0.0,0.0,3.64,1,2025-01-13,2025-01-13,42.7,Artificial Intelligence,Beginner,0.0,0.0,1.0,1.0,1.0,1.0,3.0,0,Focused / Low-Activity Learners
U01472,12,12,1086.16,90.51333333333334,3.0775,8,2025-01-04,2025-12-17,29.964166666666667,Cybersecurity,Advanced,5.0,0.4166666666666667,11.566666666666666,1.037463976945245,17.0,1.5,30.037463976945247,1,Advanced / Deep Learners
U01473,15,15,2381.73,158.782,2.89,9,2025-01-05,2025-11-14,29.358,Finance,Beginner,5.0,0.3333333333333333,10.433333333333334,1.4376996805111821,20.0,1.6666666666666667,36.43769968051119,1,Advanced / Deep Learners
U01474,2,2,0.0,0.0,2.435,1,2025-03-25,2025-05-07,40.415,Web Development,Advanced,1.0,0.5,1.4333333333333333,1.3953488372093024,3.0,2.0,6.395348837209302,0,Focused / Low-Activity Learners
U01475,15,15,1295.42,86.36133333333333,2.888,9,2025-01-05,2025-12-22,24.206666666666667,Artificial Intelligence,Advanced,7.0,0.4666666666666667,11.7,1.2820512820512822,22.0,1.6666666666666667,38.282051282051285,1,Advanced / Deep Learners
U01476,1,1,326.02,326.02,2.69,1,2025-04-03,2025-04-03,11.31,Business,Intermediate,0.0,0.0,1.0,1.0,1.0,1.0,3.0,0,Focused / Low-Activity Learners
U01477,1,1,0.0,0.0,2.14,1,2025-11-19,2025-11-19,8.95,Digital Marketing,Beginner,0.0,0.0,1.0,1.0,1.0,1.0,3.0,0,Focused / Low-Activity Learners
U01478,1,1,0.0,0.0,2.43,1,2025-04-10,2025-04-10,37.7,Programming,Intermediate,0.0,0.0,1.0,1.0,1.0,1.0,3.0,0,Focused / Low-Activity Learners
U01479,1,1,0.0,0.0,4.14,1,2025-11-22,2025-11-22,31.77,Finance,Beginner,0.0,0.0,1.0,1.0,1.0,1.0,3.0,0,Focused / Low-Activity Learners
U01480,1,1,0.78,0.78,3.89,1,2025-01-26,2025-01-26,44.96,Machine Learning,Advanced,1.0,1.0,1.0,1.0,2.0,1.0,4.0,0,Focused / Low-Activity Learners
U01481,1,1,0.0,0.0,1.73,1,2025-12-21,2025-12-21,38.49,Machine Learning,Intermediate,0.0,0.0,1.0,1.0,1.0,1.0,3.0,0,Focused / Low-Activity Learners
U01482,2,2,490.9,245.45,3.375,2,2025-03-07,2025-05-13,24.154999999999998,Web Development,Beginner,0.0,0.0,2.2333333333333334,0.8955223880597015,2.0,1.0,4.895522388059701,0,Focused / Low-Activity Learners
U01483,1,1,0.0,0.0,4.51,1,2025-03-10,2025-03-10,48.19,Design,Beginner,0.0,0.0,1.0,1.0,1.0,1.0,3.0,0,Focused / Low-Activity Learners
U01484,1,1,0.0,0.0,1.28,1,2025-07-12,2025-07-12,28.68,Programming,Beginner,0.0,0.0,1.0,1.0,1.0,1.0,3.0,0,Focused / Low-Activity Learners
U01485,1,1,0.0,0.0,4.14,1,2025-05-26,2025-05-26,31.77,Finance,Beginner,0.0,0.0,1.0,1.0,1.0,1.0,3.0,0,Focused / Low-Activity Learners
U01486,1,1,0.0,0.0,1.59,1,2025-07-23,2025-07-23,6.36,Finance,Advanced,1.0,1.0,1.0,1.0,2.0,1.0,4.0,0,Focused / Low-Activity Learners
U01487,2,2,0.0,0.0,3.09,2,2025-02-23,2025-11-24,4.41,Digital Marketing,Intermediate,1.0,0.5,9.133333333333333,0.21897810218978103,3.0,1.0,5.218978102189781,0,Focused / Low-Activity Learners
U01488,12,12,599.76,49.98,2.9324999999999997,7,2025-01-13,2025-12-20,24.9825,Data Science,Intermediate,3.0,0.25,11.366666666666667,1.0557184750733137,15.0,1.7142857142857142,28.055718475073313,1,Advanced / Deep Learners
U01489,1,1,487.92,487.92,3.64,1,2025-06-10,2025-06-10,36.01,Business,Advanced,1.0,1.0,1.0,1.0,2.0,1.0,4.0,0,Focused / Low-Activity Learners
U01490,1,1,0.0,0.0,1.91,1,2025-10-18,2025-10-18,26.52,Cybersecurity,Intermediate,0.0,0.0,1.0,1.0,1.0,1.0,3.0,0,Focused / Low-Activity Learners
U01491,3,3,0.0,0.0,4.6066666666666665,2,2025-03-17,2025-08-24,16.69666666666667,Digital Marketing,Intermediate,0.0,0.0,5.333333333333333,0.5625,3.0,1.5,6.5625,0,Focused / Low-Activity Learners
U01492,4,4,837.6099999999999,209.40249999999997,3.645,4,2025-02-01,2025-09-18,12.1725,Project Management,Beginner,1.0,0.25,7.633333333333334,0.5240174672489083,5.0,1.0,9.524017467248909,0,Focused / Low-Activity Learners
U01493,1,1,415.51,415.51,3.11,1,2025-02-18,2025-02-18,28.33,Artificial Intelligence,Intermediate,0.0,0.0,1.0,1.0,1.0,1.0,3.0,0,Focused / Low-Activity Learners
U01494,1,1,0.0,0.0,2.38,1,2025-05-22,2025-05-22,16.74,Cybersecurity,Advanced,1.0,1.0,1.0,1.0,2.0,1.0,4.0,0,Focused / Low-Activity Learners
U01495,1,1,0.0,0.0,3.45,1,2025-06-24,2025-06-24,33.93,Project Management,Intermediate,0.0,0.0,1.0,1.0,1.0,1.0,3.0,0,Focused / Low-Activity Learners
U01496,13,13,1683.07,129.46692307692308,3.2684615384615388,9,2025-02-19,2025-11-17,31.861538461538462,Business,Advanced,8.0,0.6153846153846154,9.033333333333333,1.4391143911439115,21.0,1.4444444444444444,35.43911439114391,1,Advanced / Deep Learners
U01497,13,13,837.6099999999999,64.43153846153845,3.14,9,2025-02-15,2025-12-05,22.579230769230772,Digital Marketing,Beginner,4.0,0.3076923076923077,9.766666666666667,1.3310580204778155,17.0,1.4444444444444444,31.331058020477816,1,Advanced / Deep Learners
U01498,1,1,0.0,0.0,2.0,1,2025-02-17,2025-02-17,15.84,Business,Advanced,1.0,1.0,1.0,1.0,2.0,1.0,4.0,0,Focused / Low-Activity Learners
U01499,1,1,0.0,0.0,1.81,1,2025-04-10,2025-04-10,9.3,Machine Learning,Advanced,1.0,1.0,1.0,1.0,2.0,1.0,4.0,0,Focused / Low-Activity Learners
U01500,13,13,1002.27,77.09769230769231,3.012307692307693,9,2025-01-02,2025-11-30,24.00153846153846,Artificial Intelligence,Advanced,6.0,0.46153846153846156,11.066666666666666,1.1746987951807228,19.0,1.4444444444444444,33.174698795180724,1,Advanced / Deep Learners
U01501,1,1,119.04,119.04,2.75,1,2025-02-26,2025-02-26,23.41,Finance,Intermediate,0.0,0.0,1.0,1.0,1.0,1.0,3.0,0,Focused / Low-Activity Learners
U01502,1,1,57.32,57.32,4.74,1,2025-12-11,2025-12-11,43.95,Web Development,Advanced,1.0,1.0,1.0,1.0,2.0,1.0,4.0,0,Focused / Low-Activity Learners
U01503,1,1,276.37,276.37,2.72,1,2025-06-15,2025-06-15,48.84,Design,Advanced,1.0,1.0,1.0,1.0,2.0,1.0,4.0,0,Focused / Low-Activity Learners
U01504,1,1,472.28,472.28,4.74,1,2025-09-18,2025-09-18,11.0,Programming,Beginner,0.0,0.0,1.0,1.0,1.0,1.0,3.0,0,Focused / Low-Activity Learners
U01505,3,3,0.0,0.0,4.2299999999999995,3,2025-07-25,2025-11-08,36.68666666666667,Finance,Beginner,0.0,0.0,3.533333333333333,0.8490566037735849,3.0,1.0,6.849056603773585,0,Focused / Low-Activity Learners
U01506,15,15,1160.56,77.37066666666666,3.232,9,2025-01-12,2025-12-16,22.678,Artificial Intelligence,Advanced,7.0,0.4666666666666667,11.266666666666667,1.331360946745562,22.0,1.6666666666666667,38.33136094674556,1,Advanced / Deep Learners
U01507,3,3,353.43,117.81,2.736666666666667,3,2025-01-15,2025-06-06,37.08,Business,Beginner,1.0,0.3333333333333333,4.733333333333333,0.6338028169014085,4.0,1.0,7.633802816901408,0,Focused / Low-Activity Learners
U01508,1,1,0.0,0.0,4.94,1,2025-08-24,2025-08-24,42.59,Cybersecurity,Beginner,0.0,0.0,1.0,1.0,1.0,1.0,3.0,0,Focused / Low-Activity Learners
U01509,1,1,57.32,57.32,4.74,1,2025-09-27,2025-09-27,43.95,Web Development,Advanced,1.0,1.0,1.0,1.0,2.0,1.0,4.0,0,Focused / Low-Activity Learners
U01510,2,2,0.0,0.0,2.075,2,2025-03-28,2025-04-30,13.02,Machine Learning,Beginner,0.0,0.0,1.1,1.8181818181818181,2.0,1.0,5.818181818181818,0,Focused / Low-Activity Learners
U01511,13,13,957.8900000000001,73.68384615384616,3.202307692307692,6,2025-01-24,2025-12-03,28.18769230769231,Design,Beginner,4.0,0.3076923076923077,10.433333333333334,1.2460063897763578,17.0,2.1666666666666665,31.24600638977636,1,Advanced / Deep Learners
U01512,12,12,1597.8600000000001,133.155,2.6366666666666667,8,2025-01-02,2025-12-03,27.375833333333333,Cybersecurity,Advanced,5.0,0.4166666666666667,11.166666666666666,1.0746268656716418,17.0,1.5,30.07462686567164,1,Advanced / Deep Learners
U01513,1,1,0.0,0.0,4.1,1,2025-06-05,2025-06-05,34.83,Finance,Intermediate,0.0,0.0,1.0,1.0,1.0,1.0,3.0,0,Focused / Low-Activity Learners
U01514,1,1,0.0,0.0,3.64,1,2025-02-13,2025-02-13,42.7,Artificial Intelligence,Beginner,0.0,0.0,1.0,1.0,1.0,1.0,3.0,0,Focused / Low-Activity Learners
U01515,1,1,0.0,0.0,1.52,1,2025-10-06,2025-10-06,2.87,Design,Advanced,1.0,1.0,1.0,1.0,2.0,1.0,4.0,0,Focused / Low-Activity Learners
U01516,1,1,0.0,0.0,2.61,1,2025-03-13,2025-03-13,48.68,Design,Advanced,1.0,1.0,1.0,1.0,2.0,1.0,4.0,0,Focused / Low-Activity Learners
U01517,14,14,1184.67,84.61928571428572,2.8249999999999997,10,2025-01-04,2025-12-21,25.15357142857143,Artificial Intelligence,Advanced,6.0,0.42857142857142855,11.7,1.1965811965811965,20.0,1.4,35.19658119658119,1,Advanced / Deep Learners
U01518,1,1,490.9,490.9,4.55,1,2025-02-09,2025-02-09,7.55,Artificial Intelligence,Beginner,0.0,0.0,1.0,1.0,1.0,1.0,3.0,0,Focused / Low-Activity Learners
U01519,2,2,0.0,0.0,2.8150000000000004,2,2025-03-17,2025-04-19,24.56,Design,Advanced,1.0,0.5,1.1,1.8181818181818181,3.0,1.0,6.818181818181818,0,Focused / Low-Activity Learners
U01520,1,1,0.0,0.0,4.66,1,2025-02-13,2025-02-13,5.95,Digital Marketing,Intermediate,0.0,0.0,1.0,1.0,1.0,1.0,3.0,0,Focused / Low-Activity Learners
U01521,1,1,327.99,327.99,1.51,1,2025-11-27,2025-11-27,12.13,Project Management,Beginner,0.0,0.0,1.0,1.0,1.0,1.0,3.0,0,Focused / Low-Activity Learners
U01522,14,14,461.27,32.94785714285714,2.8892857142857147,8,2025-01-07,2025-12-18,20.53857142857143,Digital Marketing,Advanced,6.0,0.42857142857142855,11.5,1.2173913043478262,20.0,1.75,35.21739130434783,1,Advanced / Deep Learners
U01523,1,1,0.0,0.0,1.73,1,2025-04-04,2025-04-04,38.49,Machine Learning,Intermediate,0.0,0.0,1.0,1.0,1.0,1.0,3.0,0,Focused / Low-Activity Learners
U01524,1,1,0.0,0.0,4.44,1,2025-05-05,2025-05-05,1.46,Digital Marketing,Beginner,0.0,0.0,1.0,1.0,1.0,1.0,3.0,0,Focused / Low-Activity Learners
U01525,2,2,347.48999999999995,173.74499999999998,2.56,2,2025-05-14,2025-09-08,24.19,Project Management,Advanced,2.0,1.0,3.9,0.5128205128205129,4.0,1.0,6.512820512820513,0,Focused / Low-Activity Learners
U01526,12,12,1765.17,147.0975,3.315,9,2025-01-11,2025-11-17,31.724999999999998,Project Management,Beginner,3.0,0.25,10.333333333333334,1.161290322580645,15.0,1.3333333333333333,28.161290322580644,1,Advanced / Deep Learners
U01527,1,1,37.89,37.89,1.3,1,2025-11-11,2025-11-11,24.11,Web Development,Advanced,1.0,1.0,1.0,1.0,2.0,1.0,4.0,0,Focused / Low-Activity Learners
U01528,14,14,2194.62,156.75857142857143,3.25,10,2025-01-23,2025-11-11,32.145,Business,Beginner,3.0,0.21428571428571427,9.733333333333333,1.4383561643835618,17.0,1.4,32.43835616438356,1,Advanced / Deep Learners
U01529,3,3,0.0,0.0,3.616666666666667,3,2025-05-09,2025-11-05,28.906666666666666,Machine Learning,Advanced,1.0,0.3333333333333333,6.0,0.5,4.0,1.0,7.5,0,Focused / Low-Activity Learners
U01530,15,15,544.11,36.274,2.9426666666666668,8,2025-01-21,2025-11-03,27.951999999999998,Machine Learning,Advanced,8.0,0.5333333333333333,9.533333333333333,1.5734265734265735,23.0,1.875,39.57342657342657,1,Advanced / Deep Learners
U01531,14,14,623.0799999999999,44.505714285714284,3.4464285714285716,8,2025-01-10,2025-12-21,32.28357142857143,Design,Beginner,4.0,0.2857142857142857,11.5,1.2173913043478262,18.0,1.75,33.21739130434783,1,Advanced / Deep Learners
U01532,1,1,0.0,0.0,3.02,1,2025-01-26,2025-01-26,9.71,Data Science,Intermediate,0.0,0.0,1.0,1.0,1.0,1.0,3.0,0,Focused / Low-Activity Learners
U01533,3,3,111.18,37.06,3.9066666666666667,3,2025-02-24,2025-11-17,46.406666666666666,Web Development,Beginner,1.0,0.3333333333333333,8.866666666666667,0.3383458646616541,4.0,1.0,7.338345864661655,0,Focused / Low-Activity Learners
U01534,1,1,0.0,0.0,4.94,1,2025-03-19,2025-03-19,42.59,Cybersecurity,Beginner,0.0,0.0,1.0,1.0,1.0,1.0,3.0,0,Focused / Low-Activity Learners
U01535,4,4,944.3,236.075,3.1025,3,2025-02-07,2025-07-30,23.479999999999997,Artificial Intelligence,Intermediate,1.0,0.25,5.766666666666667,0.6936416184971098,5.0,1.3333333333333333,9.69364161849711,0,Focused / Low-Activity Learners
U01536,12,12,1758.18,146.51500000000001,3.2183333333333337,8,2025-02-14,2025-12-11,23.104166666666668,Project Management,Advanced,5.0,0.4166666666666667,10.0,1.2,17.0,1.5,30.2,1,Advanced / Deep Learners
U01537,3,3,887.79,295.93,3.623333333333333,3,2025-05-10,2025-12-11,16.346666666666668,Programming,Intermediate,0.0,0.0,7.166666666666667,0.41860465116279066,3.0,1.0,6.4186046511627906,0,Focused / Low-Activity Learners
U01538,1,1,415.51,415.51,3.11,1,2025-12-10,2025-12-10,28.33,Artificial Intelligence,Intermediate,0.0,0.0,1.0,1.0,1.0,1.0,3.0,0,Focused / Low-Activity Learners
U01539,1,1,0.0,0.0,4.73,1,2025-03-04,2025-03-04,47.7,Machine Learning,Intermediate,0.0,0.0,1.0,1.0,1.0,1.0,3.0,0,Focused / Low-Activity Learners
U01540,1,1,0.0,0.0,4.94,1,2025-12-07,2025-12-07,42.59,Cybersecurity,Beginner,0.0,0.0,1.0,1.0,1.0,1.0,3.0,0,Focused / Low-Activity Learners
U01541,4,4,684.17,171.0425,2.02,4,2025-01-30,2025-11-23,21.2875,Data Science,Advanced,3.0,0.75,9.9,0.40404040404040403,7.0,1.0,11.404040404040405,0,Focused / Low-Activity Learners
U01542,1,1,177.34,177.34,3.89,1,2025-07-27,2025-07-27,49.73,Digital Marketing,Advanced,1.0,1.0,1.0,1.0,2.0,1.0,4.0,0,Focused / Low-Activity Learners
U01543,16,16,1848.28,115.5175,3.141875,10,2025-01-24,2025-11-21,25.945,Finance,Intermediate,3.0,0.1875,10.033333333333333,1.5946843853820598,19.0,1.6,36.59468438538206,1,Advanced / Deep Learners
U01544,1,1,119.04,119.04,2.75,1,2025-07-15,2025-07-15,23.41,Finance,Intermediate,0.0,0.0,1.0,1.0,1.0,1.0,3.0,0,Focused / Low-Activity Learners
U01545,1,1,0.0,0.0,2.2,1,2025-12-08,2025-12-08,40.76,Web Development,Beginner,0.0,0.0,1.0,1.0,1.0,1.0,3.0,0,Focused / Low-Activity Learners
U01546,1,1,0.0,0.0,3.64,1,2025-05-08,2025-05-08,42.7,Artificial Intelligence,Beginner,0.0,0.0,1.0,1.0,1.0,1.0,3.0,0,Focused / Low-Activity Learners
U01547,2,2,0.0,0.0,1.665,2,2025-03-09,2025-11-22,6.085000000000001,Machine Learning,Advanced,2.0,1.0,8.6,0.23255813953488372,4.0,1.0,6.232558139534884,0,Focused / Low-Activity Learners
U01548,1,1,0.0,0.0,2.88,1,2025-08-13,2025-08-13,45.13,Programming,Beginner,0.0,0.0,1.0,1.0,1.0,1.0,3.0,0,Focused / Low-Activity Learners
U01549,1,1,0.0,0.0,2.14,1,2025-06-04,2025-06-04,8.95,Digital Marketing,Beginner,0.0,0.0,1.0,1.0,1.0,1.0,3.0,0,Focused / Low-Activity Learners
U01550,1,1,0.0,0.0,1.73,1,2025-08-06,2025-08-06,38.49,Machine Learning,Intermediate,0.0,0.0,1.0,1.0,1.0,1.0,3.0,0,Focused / Low-Activity Learners
U01551,1,1,0.0,0.0,2.98,1,2025-08-26,2025-08-26,18.0,Marketing,Advanced,1.0,1.0,1.0,1.0,2.0,1.0,4.0,0,Focused / Low-Activity Learners
U01552,1,1,0.0,0.0,4.45,1,2025-06-24,2025-06-24,15.29,Design,Advanced,1.0,1.0,1.0,1.0,2.0,1.0,4.0,0,Focused / Low-Activity Learners
U01553,15,15,631.0,42.06666666666667,2.920666666666667,10,2025-01-20,2025-12-30,21.827333333333335,Data Science,Advanced,6.0,0.4,11.466666666666667,1.3081395348837208,21.0,1.5,37.30813953488372,1,Advanced / Deep Learners
U01554,4,4,0.0,0.0,3.46,4,2025-01-07,2025-09-24,28.79,Project Management,Intermediate,0.0,0.0,8.666666666666666,0.46153846153846156,4.0,1.0,8.461538461538462,0,Focused / Low-Activity Learners
U01555,1,1,0.0,0.0,3.65,1,2025-04-01,2025-04-01,32.64,Data Science,Beginner,0.0,0.0,1.0,1.0,1.0,1.0,3.0,0,Focused / Low-Activity Learners
U01556,2,2,0.0,0.0,4.445,2,2025-02-04,2025-05-24,32.1,Marketing,Advanced,1.0,0.5,3.6333333333333333,0.5504587155963303,3.0,1.0,5.5504587155963305,0,Focused / Low-Activity Learners
U01557,1,1,0.0,0.0,1.81,1,2025-10-17,2025-10-17,9.3,Machine Learning,Advanced,1.0,1.0,1.0,1.0,2.0,1.0,4.0,0,Focused / Low-Activity Learners
U01558,1,1,57.32,57.32,4.74,1,2025-11-05,2025-11-05,43.95,Web Development,Advanced,1.0,1.0,1.0,1.0,2.0,1.0,4.0,0,Focused / Low-Activity Learners
U01559,1,1,89.59,89.59,2.68,1,2025-04-26,2025-04-26,1.55,Artificial Intelligence,Intermediate,0.0,0.0,1.0,1.0,1.0,1.0,3.0,0,Focused / Low-Activity Learners
U01560,1,1,0.0,0.0,3.6,1,2025-12-17,2025-12-17,1.2,Data Science,Intermediate,0.0,0.0,1.0,1.0,1.0,1.0,3.0,0,Focused / Low-Activity Learners
U01561,1,1,0.0,0.0,3.02,1,2025-05-13,2025-05-13,9.71,Data Science,Intermediate,0.0,0.0,1.0,1.0,1.0,1.0,3.0,0,Focused / Low-Activity Learners
U01562,1,1,0.0,0.0,2.14,1,2025-07-30,2025-07-30,8.95,Digital Marketing,Beginner,0.0,0.0,1.0,1.0,1.0,1.0,3.0,0,Focused / Low-Activity Learners
U01563,1,1,0.0,0.0,4.1,1,2025-12-22,2025-12-22,34.83,Finance,Intermediate,0.0,0.0,1.0,1.0,1.0,1.0,3.0,0,Focused / Low-Activity Learners
U01564,1,1,346.71,346.71,1.23,1,2025-11-26,2025-11-26,3.42,Project Management,Advanced,1.0,1.0,1.0,1.0,2.0,1.0,4.0,0,Focused / Low-Activity Learners
U01565,1,1,212.39,212.39,3.15,1,2025-01-29,2025-01-29,22.89,Digital Marketing,Advanced,1.0,1.0,1.0,1.0,2.0,1.0,4.0,0,Focused / Low-Activity Learners
U01566,1,1,0.0,0.0,3.64,1,2025-08-20,2025-08-20,42.7,Artificial Intelligence,Beginner,0.0,0.0,1.0,1.0,1.0,1.0,3.0,0,Focused / Low-Activity Learners
U01567,1,1,0.0,0.0,2.14,1,2025-06-28,2025-06-28,8.95,Digital Marketing,Beginner,0.0,0.0,1.0,1.0,1.0,1.0,3.0,0,Focused / Low-Activity Learners
U01568,3,3,415.51,138.50333333333333,3.07,3,2025-01-09,2025-10-01,26.333333333333332,Finance,Intermediate,1.0,0.3333333333333333,8.833333333333334,0.33962264150943394,4.0,1.0,7.339622641509434,0,Focused / Low-Activity Learners
U01569,1,1,0.0,0.0,2.01,1,2025-01-06,2025-01-06,15.44,Marketing,Advanced,1.0,1.0,1.0,1.0,2.0,1.0,4.0,0,Focused / Low-Activity Learners
U01570,2,2,326.02,163.01,3.415,2,2025-06-04,2025-12-10,21.54,Finance,Beginner,0.0,0.0,6.3,0.31746031746031744,2.0,1.0,4.317460317460317,0,Focused / Low-Activity Learners
U01571,2,2,0.0,0.0,1.9849999999999999,2,2025-01-14,2025-08-25,11.549999999999999,Cybersecurity,Advanced,2.0,1.0,7.433333333333334,0.26905829596412556,4.0,1.0,6.2690582959641254,0,Focused / Low-Activity Learners
U01572,1,1,53.86,53.86,2.47,1,2025-07-02,2025-07-02,47.08,Finance,Beginner,0.0,0.0,1.0,1.0,1.0,1.0,3.0,0,Focused / Low-Activity Learners
U01573,2,2,487.92,243.96,3.545,2,2025-01-27,2025-09-26,34.97,Business,Advanced,1.0,0.5,8.066666666666666,0.24793388429752067,3.0,1.0,5.24793388429752,0,Focused / Low-Activity Learners
U01574,1,1,346.71,346.71,1.23,1,2025-06-06,2025-06-06,3.42,Project Management,Advanced,1.0,1.0,1.0,1.0,2.0,1.0,4.0,0,Focused / Low-Activity Learners
U01575,13,13,1289.19,99.16846153846154,3.3392307692307694,7,2025-01-20,2025-12-08,33.69461538461539,Cybersecurity,Beginner,5.0,0.38461538461538464,10.733333333333333,1.2111801242236027,18.0,1.8571428571428572,32.2111801242236,1,Advanced / Deep Learners
U01576,2,2,0.0,0.0,2.605,2,2025-05-19,2025-09-21,38.465,Programming,Beginner,0.0,0.0,4.166666666666667,0.48,2.0,1.0,4.48,0,Focused / Low-Activity Learners
U01577,1,1,0.0,0.0,1.52,1,2025-09-18,2025-09-18,2.87,Design,Advanced,1.0,1.0,1.0,1.0,2.0,1.0,4.0,0,Focused / Low-Activity Learners
U01578,15,15,1408.0,93.86666666666666,2.884666666666667,10,2025-02-24,2025-12-25,32.99066666666667,Machine Learning,Intermediate,4.0,0.26666666666666666,10.133333333333333,1.480263157894737,19.0,1.5,35.48026315789474,1,Advanced / Deep Learners
U01579,1,1,0.0,0.0,1.59,1,2025-06-04,2025-06-04,6.36,Finance,Advanced,1.0,1.0,1.0,1.0,2.0,1.0,4.0,0,Focused / Low-Activity Learners
U01580,2,2,394.26,197.13,1.54,2,2025-01-19,2025-05-24,42.965,Machine Learning,Intermediate,0.0,0.0,4.166666666666667,0.48,2.0,1.0,4.48,0,Focused / Low-Activity Learners
U01581,2,2,215.23000000000002,107.61500000000001,2.595,2,2025-03-11,2025-06-09,36.92,Web Development,Advanced,2.0,1.0,3.0,0.6666666666666666,4.0,1.0,6.666666666666666,0,Focused / Low-Activity Learners
U01582,1,1,0.0,0.0,4.11,1,2025-11-18,2025-11-18,46.25,Marketing,Intermediate,0.0,0.0,1.0,1.0,1.0,1.0,3.0,0,Focused / Low-Activity Learners
U01583,1,1,0.0,0.0,3.45,1,2025-07-18,2025-07-18,33.93,Project Management,Intermediate,0.0,0.0,1.0,1.0,1.0,1.0,3.0,0,Focused / Low-Activity Learners
U01584,1,1,0.0,0.0,4.44,1,2025-12-27,2025-12-27,1.46,Digital Marketing,Beginner,0.0,0.0,1.0,1.0,1.0,1.0,3.0,0,Focused / Low-Activity Learners
U01585,11,11,891.67,81.06090909090909,3.441818181818182,6,2025-01-22,2025-10-10,26.174545454545456,Finance,Beginner,2.0,0.18181818181818182,8.7,1.264367816091954,13.0,1.8333333333333333,25.264367816091955,1,Advanced / Deep Learners
U01586,14,14,1193.63,85.25928571428572,3.0142857142857147,9,2025-01-23,2025-12-14,23.45642857142857,Machine Learning,Beginner,3.0,0.21428571428571427,10.833333333333334,1.2923076923076922,17.0,1.5555555555555556,32.29230769230769,1,Advanced / Deep Learners
U01587,2,2,37.89,18.945,2.615,2,2025-09-20,2025-10-07,36.18,Web Development,Advanced,1.0,0.5,1.0,2.0,3.0,1.0,7.0,0,Focused / Low-Activity Learners
U01588,1,1,0.0,0.0,3.45,1,2025-02-15,2025-02-15,33.93,Project Management,Intermediate,0.0,0.0,1.0,1.0,1.0,1.0,3.0,0,Focused / Low-Activity Learners
U01589,1,1,0.0,0.0,4.94,1,2025-03-18,2025-03-18,42.59,Cybersecurity,Beginner,0.0,0.0,1.0,1.0,1.0,1.0,3.0,0,Focused / Low-Activity Learners
U01590,1,1,0.0,0.0,4.68,1,2025-02-05,2025-02-05,15.75,Project Management,Beginner,0.0,0.0,1.0,1.0,1.0,1.0,3.0,0,Focused / Low-Activity Learners
U01591,2,2,0.0,0.0,3.01,2,2025-08-10,2025-12-01,29.72,Cybersecurity,Advanced,1.0,0.5,3.7666666666666666,0.5309734513274337,3.0,1.0,5.530973451327434,0,Focused / Low-Activity Learners
U01592,4,4,0.0,0.0,2.295,4,2025-08-21,2025-10-06,23.335,Digital Marketing,Beginner,1.0,0.25,1.5333333333333334,2.608695652173913,5.0,1.0,11.608695652173914,0,Focused / Low-Activity Learners
U01593,1,1,0.0,0.0,4.44,1,2025-11-04,2025-11-04,1.46,Digital Marketing,Beginner,0.0,0.0,1.0,1.0,1.0,1.0,3.0,0,Focused / Low-Activity Learners
U01594,1,1,37.89,37.89,1.3,1,2025-08-19,2025-08-19,24.11,Web Development,Advanced,1.0,1.0,1.0,1.0,2.0,1.0,4.0,0,Focused / Low-Activity Learners
U01595,2,2,592.85,296.425,3.5,2,2025-07-23,2025-12-09,39.03,Digital Marketing,Advanced,1.0,0.5,4.633333333333334,0.4316546762589928,3.0,1.0,5.431654676258993,0,Focused / Low-Activity Learners
U01596,2,2,0.0,0.0,2.3899999999999997,2,2025-05-02,2025-08-27,24.485,Machine Learning,Beginner,0.0,0.0,3.9,0.5128205128205129,2.0,1.0,4.512820512820513,0,Focused / Low-Activity Learners
U01597,1,1,299.57,299.57,3.74,1,2025-01-02,2025-01-02,48.32,Data Science,Beginner,0.0,0.0,1.0,1.0,1.0,1.0,3.0,0,Focused / Low-Activity Learners
U01598,1,1,0.0,0.0,3.32,1,2025-11-27,2025-11-27,48.57,Web Development,Beginner,0.0,0.0,1.0,1.0,1.0,1.0,3.0,0,Focused / Low-Activity Learners
U01599,1,1,0.0,0.0,2.98,1,2025-08-15,2025-08-15,18.0,Marketing,Advanced,1.0,1.0,1.0,1.0,2.0,1.0,4.0,0,Focused / Low-Activity Learners
U01600,1,1,326.02,326.02,2.69,1,2025-06-15,2025-06-15,11.31,Business,Intermediate,0.0,0.0,1.0,1.0,1.0,1.0,3.0,0,Focused / Low-Activity Learners
U01601,2,2,346.71,173.355,2.87,2,2025-07-02,2025-08-04,25.805,Design,Advanced,1.0,0.5,1.1,1.8181818181818181,3.0,1.0,6.818181818181818,0,Focused / Low-Activity Learners
U01602,13,13,871.4,67.03076923076922,3.276153846153846,10,2025-01-24,2025-12-01,24.97846153846154,Machine Learning,Beginner,4.0,0.3076923076923077,10.366666666666667,1.2540192926045015,17.0,1.3,31.254019292604504,1,Advanced / Deep Learners
U01603,2,2,89.59,44.795,2.1350000000000002,2,2025-03-15,2025-09-19,3.955,Finance,Intermediate,1.0,0.5,6.266666666666667,0.3191489361702128,3.0,1.0,5.319148936170213,0,Focused / Low-Activity Learners
U01604,1,1,0.0,0.0,3.45,1,2025-02-10,2025-02-10,33.93,Project Management,Intermediate,0.0,0.0,1.0,1.0,1.0,1.0,3.0,0,Focused / Low-Activity Learners
U01605,1,1,57.32,57.32,4.74,1,2025-11-19,2025-11-19,43.95,Web Development,Advanced,1.0,1.0,1.0,1.0,2.0,1.0,4.0,0,Focused / Low-Activity Learners
U01606,1,1,346.71,346.71,1.23,1,2025-04-30,2025-04-30,3.42,Project Management,Advanced,1.0,1.0,1.0,1.0,2.0,1.0,4.0,0,Focused / Low-Activity Learners
U01607,1,1,89.59,89.59,2.68,1,2025-01-12,2025-01-12,1.55,Artificial Intelligence,Intermediate,0.0,0.0,1.0,1.0,1.0,1.0,3.0,0,Focused / Low-Activity Learners
U01608,1,1,0.0,0.0,1.73,1,2025-04-18,2025-04-18,38.49,Machine Learning,Intermediate,0.0,0.0,1.0,1.0,1.0,1.0,3.0,0,Focused / Low-Activity Learners
U01609,1,1,0.0,0.0,2.2,1,2025-08-26,2025-08-26,40.76,Web Development,Beginner,0.0,0.0,1.0,1.0,1.0,1.0,3.0,0,Focused / Low-Activity Learners
U01610,1,1,0.0,0.0,2.01,1,2025-12-15,2025-12-15,15.44,Marketing,Advanced,1.0,1.0,1.0,1.0,2.0,1.0,4.0,0,Focused / Low-Activity Learners
U01611,1,1,0.0,0.0,2.01,1,2025-07-01,2025-07-01,15.44,Marketing,Advanced,1.0,1.0,1.0,1.0,2.0,1.0,4.0,0,Focused / Low-Activity Learners
U01612,1,1,0.0,0.0,1.73,1,2025-02-28,2025-02-28,38.49,Machine Learning,Intermediate,0.0,0.0,1.0,1.0,1.0,1.0,3.0,0,Focused / Low-Activity Learners
U01613,1,1,0.0,0.0,4.94,1,2025-03-30,2025-03-30,42.59,Cybersecurity,Beginner,0.0,0.0,1.0,1.0,1.0,1.0,3.0,0,Focused / Low-Activity Learners
U01614,1,1,0.0,0.0,4.66,1,2025-12-25,2025-12-25,5.95,Digital Marketing,Intermediate,0.0,0.0,1.0,1.0,1.0,1.0,3.0,0,Focused / Low-Activity Learners
U01615,1,1,0.0,0.0,1.81,1,2025-03-24,2025-03-24,9.3,Machine Learning,Advanced,1.0,1.0,1.0,1.0,2.0,1.0,4.0,0,Focused / Low-Activity Learners
U01616,1,1,0.0,0.0,3.32,1,2025-03-10,2025-03-10,48.57,Web Development,Beginner,0.0,0.0,1.0,1.0,1.0,1.0,3.0,0,Focused / Low-Activity Learners
U01617,1,1,0.0,0.0,1.28,1,2025-10-19,2025-10-19,28.68,Programming,Beginner,0.0,0.0,1.0,1.0,1.0,1.0,3.0,0,Focused / Low-Activity Learners
U01618,13,13,898.9499999999999,69.14999999999999,3.129230769230769,8,2025-02-13,2025-12-07,29.535384615384615,Marketing,Beginner,5.0,0.38461538461538464,9.9,1.3131313131313131,18.0,1.625,32.313131313131315,1,Advanced / Deep Learners
U01619,1,1,490.9,490.9,4.55,1,2025-05-15,2025-05-15,7.55,Artificial Intelligence,Beginner,0.0,0.0,1.0,1.0,1.0,1.0,3.0,0,Focused / Low-Activity Learners
U01620,1,1,0.0,0.0,4.44,1,2025-06-20,2025-06-20,1.46,Digital Marketing,Beginner,0.0,0.0,1.0,1.0,1.0,1.0,3.0,0,Focused / Low-Activity Learners
U01621,2,2,0.0,0.0,1.905,2,2025-01-15,2025-05-09,12.57,Machine Learning,Advanced,2.0,1.0,3.8,0.5263157894736842,4.0,1.0,6.526315789473684,0,Focused / Low-Activity Learners
U01622,1,1,0.78,0.78,3.89,1,2025-03-01,2025-03-01,44.96,Machine Learning,Advanced,1.0,1.0,1.0,1.0,2.0,1.0,4.0,0,Focused / Low-Activity Learners
U01623,1,1,0.0,0.0,2.14,1,2025-12-09,2025-12-09,8.95,Digital Marketing,Beginner,0.0,0.0,1.0,1.0,1.0,1.0,3.0,0,Focused / Low-Activity Learners
U01624,4,4,809.56,202.39,3.265,4,2025-10-20,2025-12-29,32.8025,Digital Marketing,Intermediate,2.0,0.5,2.3333333333333335,1.7142857142857142,6.0,1.0,11.714285714285715,0,Focused / Low-Activity Learners
U01625,3,3,394.26,131.42,3.2099999999999995,3,2025-08-09,2025-10-30,21.463333333333335,Cybersecurity,Intermediate,0.0,0.0,2.7333333333333334,1.0975609756097562,3.0,1.0,7.097560975609756,0,Focused / Low-Activity Learners
U01626,1,1,0.0,0.0,4.14,1,2025-08-19,2025-08-19,31.77,Finance,Beginner,0.0,0.0,1.0,1.0,1.0,1.0,3.0,0,Focused / Low-Activity Learners
U01627,13,13,732.86,56.37384615384615,2.856923076923077,9,2025-01-14,2025-12-18,31.495384615384616,Cybersecurity,Beginner,3.0,0.23076923076923078,11.266666666666667,1.1538461538461537,16.0,1.4444444444444444,30.153846153846153,1,Advanced / Deep Learners
U01628,14,14,1576.41,112.60071428571429,2.5435714285714286,7,2025-03-08,2025-12-08,18.457857142857144,Business,Advanced,6.0,0.42857142857142855,9.166666666666666,1.5272727272727273,20.0,2.0,35.52727272727273,1,Advanced / Deep Learners
U01629,1,1,53.86,53.86,2.47,1,2025-01-29,2025-01-29,47.08,Finance,Beginner,0.0,0.0,1.0,1.0,1.0,1.0,3.0,0,Focused / Low-Activity Learners
U01630,1,1,0.0,0.0,3.02,1,2025-10-23,2025-10-23,9.71,Data Science,Intermediate,0.0,0.0,1.0,1.0,1.0,1.0,3.0,0,Focused / Low-Activity Learners
U01631,2,2,394.26,197.13,1.435,2,2025-05-06,2025-10-17,25.154999999999998,Cybersecurity,Advanced,1.0,0.5,5.466666666666667,0.36585365853658536,3.0,1.0,5.365853658536585,0,Focused / Low-Activity Learners
U01632,1,1,0.0,0.0,3.93,1,2025-04-16,2025-04-16,48.25,Cybersecurity,Intermediate,0.0,0.0,1.0,1.0,1.0,1.0,3.0,0,Focused / Low-Activity Learners
U01633,1,1,0.0,0.0,4.68,1,2025-07-11,2025-07-11,15.75,Project Management,Beginner,0.0,0.0,1.0,1.0,1.0,1.0,3.0,0,Focused / Low-Activity Learners
U01634,1,1,0.0,0.0,3.02,1,2025-12-02,2025-12-02,9.71,Data Science,Intermediate,0.0,0.0,1.0,1.0,1.0,1.0,3.0,0,Focused / Low-Activity Learners
U01635,14,14,743.14,53.08142857142857,2.9021428571428567,9,2025-03-19,2025-12-25,31.68857142857143,Marketing,Advanced,7.0,0.5,9.366666666666667,1.494661921708185,21.0,1.5555555555555556,36.494661921708186,1,Advanced / Deep Learners
U01636,1,1,0.0,0.0,4.45,1,2025-05-09,2025-05-09,15.29,Design,Advanced,1.0,1.0,1.0,1.0,2.0,1.0,4.0,0,Focused / Low-Activity Learners
U01637,13,13,1567.34,120.56461538461538,3.713846153846154,9,2025-02-09,2025-10-06,25.18769230769231,Digital Marketing,Beginner,2.0,0.15384615384615385,7.966666666666667,1.6317991631799162,14.999999999999998,1.4444444444444444,29.631799163179913,1,Advanced / Deep Learners
U01638,1,1,0.0,0.0,2.2,1,2025-08-26,2025-08-26,40.76,Web Development,Beginner,0.0,0.0,1.0,1.0,1.0,1.0,3.0,0,Focused / Low-Activity Learners
U01639,1,1,0.0,0.0,2.43,1,2025-01-08,2025-01-08,37.7,Programming,Intermediate,0.0,0.0,1.0,1.0,1.0,1.0,3.0,0,Focused / Low-Activity Learners
U01640,1,1,0.0,0.0,4.72,1,2025-07-29,2025-07-29,42.68,Marketing,Intermediate,0.0,0.0,1.0,1.0,1.0,1.0,3.0,0,Focused / Low-Activity Learners
U01641,1,1,0.0,0.0,4.1,1,2025-05-10,2025-05-10,34.83,Finance,Intermediate,0.0,0.0,1.0,1.0,1.0,1.0,3.0,0,Focused / Low-Activity Learners
U01642,1,1,0.0,0.0,3.65,1,2025-05-18,2025-05-18,32.64,Data Science,Beginner,0.0,0.0,1.0,1.0,1.0,1.0,3.0,0,Focused / Low-Activity Learners
U01643,1,1,89.59,89.59,2.68,1,2025-12-28,2025-12-28,1.55,Artificial Intelligence,Intermediate,0.0,0.0,1.0,1.0,1.0,1.0,3.0,0,Focused / Low-Activity Learners
U01644,3,3,487.92,162.64000000000001,3.526666666666667,2,2025-03-27,2025-11-02,31.48,Business,Advanced,2.0,0.6666666666666666,7.333333333333333,0.4090909090909091,5.0,1.5,8.40909090909091,0,Focused / Low-Activity Learners
U01645,3,3,0.78,0.26,3.3333333333333335,3,2025-04-02,2025-12-20,35.68333333333333,Marketing,Advanced,2.0,0.6666666666666666,8.733333333333333,0.3435114503816794,5.0,1.0,8.34351145038168,0,Focused / Low-Activity Learners
U01646,1,1,0.0,0.0,2.43,1,2025-05-09,2025-05-09,37.7,Programming,Intermediate,0.0,0.0,1.0,1.0,1.0,1.0,3.0,0,Focused / Low-Activity Learners
U01647,13,13,1297.69,99.8223076923077,3.5084615384615385,9,2025-01-25,2025-12-15,30.81153846153846,Cybersecurity,Intermediate,3.0,0.23076923076923078,10.8,1.2037037037037037,16.0,1.4444444444444444,30.203703703703702,1,Advanced / Deep Learners
U01648,4,4,118.46000000000001,29.615000000000002,2.4924999999999997,3,2025-05-06,2025-11-26,31.53,Machine Learning,Advanced,3.0,0.75,6.8,0.5882352941176471,7.0,1.3333333333333333,11.588235294117647,0,Focused / Low-Activity Learners
U01649,13,13,2151.13,165.47153846153847,2.853846153846154,8,2025-01-01,2025-12-15,24.08076923076923,Project Management,Intermediate,4.0,0.3076923076923077,11.6,1.120689655172414,17.0,1.625,31.120689655172413,1,Advanced / Deep Learners
U01650,1,1,0.0,0.0,1.81,1,2025-01-01,2025-01-01,9.3,Machine Learning,Advanced,1.0,1.0,1.0,1.0,2.0,1.0,4.0,0,Focused / Low-Activity Learners
U01651,1,1,212.39,212.39,3.15,1,2025-01-24,2025-01-24,22.89,Digital Marketing,Advanced,1.0,1.0,1.0,1.0,2.0,1.0,4.0,0,Focused / Low-Activity Learners
U01652,2,2,327.99,163.995,2.72,2,2025-02-16,2025-10-09,30.19,Project Management,Beginner,0.0,0.0,7.833333333333333,0.25531914893617025,2.0,1.0,4.25531914893617,0,Focused / Low-Activity Learners
U01653,1,1,0.0,0.0,2.61,1,2025-10-03,2025-10-03,48.68,Design,Advanced,1.0,1.0,1.0,1.0,2.0,1.0,4.0,0,Focused / Low-Activity Learners
U01654,15,15,2711.54,180.76933333333332,3.1113333333333335,9,2025-01-07,2025-11-02,26.730666666666664,Business,Advanced,8.0,0.5333333333333333,9.966666666666667,1.5050167224080266,23.0,1.6666666666666667,39.50501672240803,1,Advanced / Deep Learners
U01655,1,1,0.0,0.0,1.81,1,2025-12-03,2025-12-03,9.3,Machine Learning,Advanced,1.0,1.0,1.0,1.0,2.0,1.0,4.0,0,Focused / Low-Activity Learners
U01656,12,12,918.87,76.5725,3.1283333333333334,8,2025-01-15,2025-12-03,30.198333333333334,Cybersecurity,Advanced,5.0,0.4166666666666667,10.733333333333333,1.1180124223602486,17.0,1.5,30.11801242236025,1,Advanced / Deep Learners
U01657,1,1,0.0,0.0,3.65,1,2025-01-01,2025-01-01,32.64,Data Science,Beginner,0.0,0.0,1.0,1.0,1.0,1.0,3.0,0,Focused / Low-Activity Learners
U01658,1,1,177.34,177.34,3.89,1,2025-09-12,2025-09-12,49.73,Digital Marketing,Advanced,1.0,1.0,1.0,1.0,2.0,1.0,4.0,0,Focused / Low-Activity Learners
U01659,3,3,540.38,180.12666666666667,3.1133333333333333,2,2025-01-17,2025-11-24,16.923333333333336,Project Management,Beginner,1.0,0.3333333333333333,10.366666666666667,0.28938906752411575,4.0,1.5,7.289389067524116,0,Focused / Low-Activity Learners
U01660,2,2,95.21000000000001,47.605000000000004,3.02,1,2025-04-16,2025-10-07,34.03,Web Development,Advanced,2.0,1.0,5.8,0.3448275862068966,4.0,2.0,6.344827586206897,0,Focused / Low-Activity Learners
U01661,1,1,0.0,0.0,3.32,1,2025-10-10,2025-10-10,48.57,Web Development,Beginner,0.0,0.0,1.0,1.0,1.0,1.0,3.0,0,Focused / Low-Activity Learners
U01662,15,15,2154.37,143.62466666666666,3.3066666666666666,10,2025-01-26,2025-12-21,32.69733333333333,Finance,Beginner,5.0,0.3333333333333333,10.966666666666667,1.3677811550151975,20.0,1.5,36.367781155015194,1,Advanced / Deep Learners
U01663,2,2,0.0,0.0,3.0,2,2025-03-18,2025-04-25,35.68,Programming,Beginner,0.0,0.0,1.2666666666666666,1.5789473684210527,2.0,1.0,5.578947368421053,0,Focused / Low-Activity Learners
U01664,2,2,415.51,207.755,3.065,2,2025-11-05,2025-12-11,19.02,Data Science,Intermediate,0.0,0.0,1.2,1.6666666666666667,2.0,1.0,5.666666666666667,0,Focused / Low-Activity Learners
U01665,4,4,0.0,0.0,3.9575,3,2025-02-11,2025-09-22,16.7675,Data Science,Beginner,0.0,0.0,7.433333333333334,0.5381165919282511,4.0,1.3333333333333333,8.538116591928251,0,Focused / Low-Activity Learners
U01666,14,14,589.19,42.085,2.785,9,2025-01-10,2025-12-13,23.625714285714285,Design,Advanced,7.0,0.5,11.233333333333333,1.2462908011869438,21.0,1.5555555555555556,36.246290801186944,1,Advanced / Deep Learners
U01667,1,1,0.0,0.0,1.59,1,2025-08-01,2025-08-01,6.36,Finance,Advanced,1.0,1.0,1.0,1.0,2.0,1.0,4.0,0,Focused / Low-Activity Learners
U01668,1,1,0.0,0.0,1.13,1,2025-08-09,2025-08-09,16.33,Machine Learning,Beginner,0.0,0.0,1.0,1.0,1.0,1.0,3.0,0,Focused / Low-Activity Learners
U01669,2,2,53.86,26.93,3.575,2,2025-09-14,2025-09-15,31.415,Project Management,Beginner,0.0,0.0,1.0,2.0,2.0,1.0,6.0,0,Focused / Low-Activity Learners
U01670,1,1,0.0,0.0,3.32,1,2025-10-21,2025-10-21,48.57,Web Development,Beginner,0.0,0.0,1.0,1.0,1.0,1.0,3.0,0,Focused / Low-Activity Learners
U01671,15,15,839.93,55.99533333333333,2.9560000000000004,10,2025-01-10,2025-12-19,29.578,Finance,Beginner,4.0,0.26666666666666666,11.433333333333334,1.3119533527696792,19.0,1.5,35.31195335276968,1,Advanced / Deep Learners
U01672,1,1,0.0,0.0,4.51,1,2025-01-17,2025-01-17,48.19,Design,Beginner,0.0,0.0,1.0,1.0,1.0,1.0,3.0,0,Focused / Low-Activity Learners
U01673,1,1,0.0,0.0,1.73,1,2025-07-23,2025-07-23,38.49,Machine Learning,Intermediate,0.0,0.0,1.0,1.0,1.0,1.0,3.0,0,Focused / Low-Activity Learners
U01674,14,14,1224.07,87.43357142857143,2.9164285714285714,9,2025-02-19,2025-11-26,26.410714285714285,Cybersecurity,Beginner,4.0,0.2857142857142857,9.333333333333334,1.5,18.0,1.5555555555555556,33.5,1,Advanced / Deep Learners
U01675,1,1,394.26,394.26,1.35,1,2025-08-26,2025-08-26,47.44,Cybersecurity,Intermediate,0.0,0.0,1.0,1.0,1.0,1.0,3.0,0,Focused / Low-Activity Learners
U01676,1,1,0.0,0.0,4.79,1,2025-09-27,2025-09-27,29.37,Marketing,Advanced,1.0,1.0,1.0,1.0,2.0,1.0,4.0,0,Focused / Low-Activity Learners
U01677,2,2,0.0,0.0,2.88,2,2025-03-07,2025-10-13,35.485,Design,Advanced,2.0,1.0,7.333333333333333,0.27272727272727276,4.0,1.0,6.272727272727273,0,Focused / Low-Activity Learners
U01678,1,1,0.0,0.0,4.73,1,2025-07-23,2025-07-23,47.7,Machine Learning,Intermediate,0.0,0.0,1.0,1.0,1.0,1.0,3.0,0,Focused / Low-Activity Learners
U01679,1,1,0.0,0.0,4.45,1,2025-08-22,2025-08-22,15.29,Design,Advanced,1.0,1.0,1.0,1.0,2.0,1.0,4.0,0,Focused / Low-Activity Learners
U01680,1,1,0.0,0.0,2.0,1,2025-04-06,2025-04-06,15.84,Business,Advanced,1.0,1.0,1.0,1.0,2.0,1.0,4.0,0,Focused / Low-Activity Learners
U01681,1,1,0.0,0.0,3.45,1,2025-01-25,2025-01-25,33.93,Project Management,Intermediate,0.0,0.0,1.0,1.0,1.0,1.0,3.0,0,Focused / Low-Activity Learners
U01682,2,2,0.0,0.0,3.99,2,2025-08-05,2025-11-02,27.26,Web Development,Beginner,0.0,0.0,2.966666666666667,0.6741573033707865,2.0,1.0,4.674157303370786,0,Focused / Low-Activity Learners
U01683,1,1,326.02,326.02,2.69,1,2025-10-06,2025-10-06,11.31,Business,Intermediate,0.0,0.0,1.0,1.0,1.0,1.0,3.0,0,Focused / Low-Activity Learners
U01684,2,2,0.0,0.0,1.9849999999999999,2,2025-06-29,2025-07-24,11.549999999999999,Finance,Advanced,2.0,1.0,1.0,2.0,4.0,1.0,8.0,0,Focused / Low-Activity Learners
U01685,1,1,0.0,0.0,1.73,1,2025-06-26,2025-06-26,38.49,Machine Learning,Intermediate,0.0,0.0,1.0,1.0,1.0,1.0,3.0,0,Focused / Low-Activity Learners
U01686,1,1,0.0,0.0,2.01,1,2025-11-16,2025-11-16,15.44,Marketing,Advanced,1.0,1.0,1.0,1.0,2.0,1.0,4.0,0,Focused / Low-Activity Learners
U01687,2,2,0.0,0.0,3.885,1,2025-06-09,2025-09-17,23.685000000000002,Marketing,Advanced,2.0,1.0,3.3333333333333335,0.6,4.0,2.0,6.6,0,Focused / Low-Activity Learners
U01688,2,2,0.0,0.0,3.15,2,2025-01-15,2025-03-26,33.285,Web Development,Advanced,1.0,0.5,2.3333333333333335,0.8571428571428571,3.0,1.0,5.857142857142858,0,Focused / Low-Activity Learners
U01689,1,1,0.0,0.0,3.32,1,2025-08-11,2025-08-11,48.57,Web Development,Beginner,0.0,0.0,1.0,1.0,1.0,1.0,3.0,0,Focused / Low-Activity Learners
U01690,4,4,0.0,0.0,4.3075,4,2025-02-21,2025-09-16,41.3125,Finance,Beginner,0.0,0.0,6.9,0.5797101449275363,4.0,1.0,8.579710144927535,0,Focused / Low-Activity Learners
U01691,1,1,37.89,37.89,1.3,1,2025-01-11,2025-01-11,24.11,Web Development,Advanced,1.0,1.0,1.0,1.0,2.0,1.0,4.0,0,Focused / Low-Activity Learners
U01692,12,12,1372.26,114.355,3.330833333333333,10,2025-03-15,2025-12-29,24.885833333333334,Artificial Intelligence,Advanced,5.0,0.4166666666666667,9.633333333333333,1.245674740484429,17.0,1.2,30.24567474048443,1,Advanced / Deep Learners
U01693,2,2,276.37,138.185,2.6950000000000003,2,2025-04-12,2025-08-11,44.455,Web Development,Advanced,2.0,1.0,4.033333333333333,0.49586776859504134,4.0,1.0,6.4958677685950414,0,Focused / Low-Activity Learners
U01694,1,1,342.61,342.61,4.84,1,2025-04-10,2025-04-10,17.14,Project Management,Intermediate,0.0,0.0,1.0,1.0,1.0,1.0,3.0,0,Focused / Low-Activity Learners
U01695,13,13,1458.16,112.16615384615385,3.06923076923077,9,2025-03-15,2025-11-26,31.511538461538464,Design,Advanced,5.0,0.38461538461538464,8.533333333333333,1.5234375,18.0,1.4444444444444444,32.5234375,1,Advanced / Deep Learners
U01696,2,2,327.99,163.995,3.085,2,2025-09-17,2025-10-23,9.040000000000001,Project Management,Beginner,0.0,0.0,1.2,1.6666666666666667,2.0,1.0,5.666666666666667,0,Focused / Low-Activity Learners
U01697,1,1,0.0,0.0,2.14,1,2025-03-30,2025-03-30,8.95,Digital Marketing,Beginner,0.0,0.0,1.0,1.0,1.0,1.0,3.0,0,Focused / Low-Activity Learners
U01698,1,1,0.0,0.0,1.13,1,2025-09-11,2025-09-11,16.33,Machine Learning,Beginner,0.0,0.0,1.0,1.0,1.0,1.0,3.0,0,Focused / Low-Activity Learners
U01699,1,1,0.0,0.0,4.1,1,2025-02-19,2025-02-19,34.83,Finance,Intermediate,0.0,0.0,1.0,1.0,1.0,1.0,3.0,0,Focused / Low-Activity Learners
U01700,1,1,326.02,326.02,2.69,1,2025-11-28,2025-11-28,11.31,Business,Intermediate,0.0,0.0,1.0,1.0,1.0,1.0,3.0,0,Focused / Low-Activity Learners
U01701,1,1,117.68,117.68,2.57,1,2025-11-04,2025-11-04,48.09,Data Science,Advanced,1.0,1.0,1.0,1.0,2.0,1.0,4.0,0,Focused / Low-Activity Learners
U01702,14,14,957.02,68.35857142857142,3.3164285714285713,8,2025-01-19,2025-11-16,28.49785714285714,Web Development,Beginner,4.0,0.2857142857142857,10.033333333333333,1.3953488372093024,18.0,1.75,33.395348837209305,1,Advanced / Deep Learners
U01703,3,3,487.92,162.64000000000001,3.516666666666667,3,2025-02-09,2025-08-14,34.086666666666666,Marketing,Advanced,2.0,0.6666666666666666,6.2,0.48387096774193544,5.0,1.0,8.483870967741936,0,Focused / Low-Activity Learners
U01704,2,2,89.59,44.795,3.8100000000000005,2,2025-05-15,2025-05-30,22.07,Artificial Intelligence,Beginner,0.0,0.0,1.0,2.0,2.0,1.0,6.0,0,Focused / Low-Activity Learners
U01705,1,1,472.28,472.28,4.74,1,2025-02-04,2025-02-04,11.0,Programming,Beginner,0.0,0.0,1.0,1.0,1.0,1.0,3.0,0,Focused / Low-Activity Learners
U01706,1,1,0.0,0.0,3.85,1,2025-09-28,2025-09-28,19.53,Programming,Beginner,0.0,0.0,1.0,1.0,1.0,1.0,3.0,0,Focused / Low-Activity Learners
U01707,3,3,119.04,39.68,4.16,3,2025-05-20,2025-09-15,31.790000000000003,Marketing,Advanced,1.0,0.3333333333333333,3.933333333333333,0.7627118644067797,4.0,1.0,7.76271186440678,0,Focused / Low-Activity Learners
U01708,14,14,1615.22,115.37285714285714,2.6457142857142855,9,2025-01-10,2025-11-14,32.995,Finance,Intermediate,3.0,0.21428571428571427,10.266666666666667,1.3636363636363635,17.0,1.5555555555555556,32.36363636363636,1,Advanced / Deep Learners
U01709,1,1,0.0,0.0,2.14,1,2025-02-05,2025-02-05,8.95,Digital Marketing,Beginner,0.0,0.0,1.0,1.0,1.0,1.0,3.0,0,Focused / Low-Activity Learners
U01710,1,1,394.26,394.26,1.35,1,2025-08-17,2025-08-17,47.44,Cybersecurity,Intermediate,0.0,0.0,1.0,1.0,1.0,1.0,3.0,0,Focused / Low-Activity Learners
U01711,1,1,53.86,53.86,2.47,1,2025-09-08,2025-09-08,47.08,Finance,Beginner,0.0,0.0,1.0,1.0,1.0,1.0,3.0,0,Focused / Low-Activity Learners
U01712,1,1,0.0,0.0,1.59,1,2025-01-25,2025-01-25,6.36,Finance,Advanced,1.0,1.0,1.0,1.0,2.0,1.0,4.0,0,Focused / Low-Activity Learners
U01713,4,4,451.58,112.895,2.7,4,2025-03-02,2025-12-22,36.97,Machine Learning,Intermediate,2.0,0.5,9.833333333333334,0.4067796610169491,6.0,1.0,10.406779661016948,0,Focused / Low-Activity Learners
U01714,1,1,0.0,0.0,3.02,1,2025-05-02,2025-05-02,9.71,Data Science,Intermediate,0.0,0.0,1.0,1.0,1.0,1.0,3.0,0,Focused / Low-Activity Learners
U01715,1,1,0.0,0.0,4.51,1,2025-07-16,2025-07-16,48.19,Design,Beginner,0.0,0.0,1.0,1.0,1.0,1.0,3.0,0,Focused / Low-Activity Learners
U01716,1,1,57.32,57.32,4.74,1,2025-09-03,2025-09-03,43.95,Web Development,Advanced,1.0,1.0,1.0,1.0,2.0,1.0,4.0,0,Focused / Low-Activity Learners
U01717,1,1,299.57,299.57,3.74,1,2025-05-15,2025-05-15,48.32,Data Science,Beginner,0.0,0.0,1.0,1.0,1.0,1.0,3.0,0,Focused / Low-Activity Learners
U01718,1,1,0.0,0.0,1.52,1,2025-05-28,2025-05-28,2.87,Design,Advanced,1.0,1.0,1.0,1.0,2.0,1.0,4.0,0,Focused / Low-Activity Learners
U01719,1,1,119.04,119.04,2.75,1,2025-11-20,2025-11-20,23.41,Finance,Intermediate,0.0,0.0,1.0,1.0,1.0,1.0,3.0,0,Focused / Low-Activity Learners
U01720,15,15,1655.97,110.398,3.2853333333333334,8,2025-01-01,2025-12-28,23.980666666666668,Design,Beginner,5.0,0.3333333333333333,12.033333333333333,1.2465373961218837,20.0,1.875,36.24653739612188,1,Advanced / Deep Learners
U01721,10,10,810.29,81.029,3.357,7,2025-02-25,2025-11-19,34.947,Web Development,Advanced,4.0,0.4,8.9,1.1235955056179774,14.0,1.4285714285714286,25.123595505617978,1,Advanced / Deep Learners
U01722,1,1,0.0,0.0,1.81,1,2025-08-20,2025-08-20,9.3,Machine Learning,Advanced,1.0,1.0,1.0,1.0,2.0,1.0,4.0,0,Focused / Low-Activity Learners
U01723,1,1,0.0,0.0,1.52,1,2025-10-05,2025-10-05,2.87,Design,Advanced,1.0,1.0,1.0,1.0,2.0,1.0,4.0,0,Focused / Low-Activity Learners
U01724,16,16,1227.77,76.735625,3.0875,10,2025-01-01,2025-12-20,25.07625,Design,Advanced,7.0,0.4375,11.766666666666667,1.3597733711048157,23.0,1.6,40.359773371104815,1,Advanced / Deep Learners
U01725,2,2,0.0,0.0,1.325,2,2025-05-08,2025-07-15,9.6,Machine Learning,Advanced,1.0,0.5,2.2666666666666666,0.8823529411764706,3.0,1.0,5.882352941176471,0,Focused / Low-Activity Learners
U01726,13,13,1008.6800000000001,77.59076923076924,3.0107692307692306,9,2025-03-12,2025-12-26,31.806153846153848,Design,Advanced,8.0,0.6153846153846154,9.633333333333333,1.3494809688581315,21.0,1.4444444444444444,35.34948096885813,1,Advanced / Deep Learners
U01727,1,1,0.0,0.0,3.93,1,2025-03-02,2025-03-02,48.25,Cybersecurity,Intermediate,0.0,0.0,1.0,1.0,1.0,1.0,3.0,0,Focused / Low-Activity Learners
U01728,2,2,0.0,0.0,3.745,2,2025-06-23,2025-12-06,33.095,Marketing,Advanced,1.0,0.5,5.533333333333333,0.3614457831325301,3.0,1.0,5.36144578313253,0,Focused / Low-Activity Learners
U01729,15,15,2400.05,160.00333333333336,2.896666666666667,10,2025-01-07,2025-12-02,25.926666666666666,Project Management,Advanced,6.0,0.4,10.966666666666667,1.3677811550151975,21.0,1.5,37.367781155015194,1,Advanced / Deep Learners
U01730,1,1,0.0,0.0,2.61,1,2025-08-14,2025-08-14,48.68,Design,Advanced,1.0,1.0,1.0,1.0,2.0,1.0,4.0,0,Focused / Low-Activity Learners
U01731,1,1,0.0,0.0,4.1,1,2025-01-07,2025-01-07,34.83,Finance,Intermediate,0.0,0.0,1.0,1.0,1.0,1.0,3.0,0,Focused / Low-Activity Learners
U01732,2,2,0.0,0.0,4.585,2,2025-01-25,2025-08-05,28.985,Design,Intermediate,1.0,0.5,6.4,0.3125,3.0,1.0,5.3125,0,Focused / Low-Activity Learners
U01733,4,4,575.94,143.985,3.085,4,2025-04-26,2025-06-29,42.197500000000005,Project Management,Intermediate,1.0,0.25,2.1333333333333333,1.875,5.0,1.0,10.875,0,Focused / Low-Activity Learners
U01734,3,3,445.06,148.35333333333332,2.32,3,2025-05-08,2025-07-12,12.530000000000001,Finance,Intermediate,1.0,0.3333333333333333,2.1666666666666665,1.3846153846153848,4.0,1.0,8.384615384615385,0,Focused / Low-Activity Learners
U01735,1,1,57.32,57.32,4.74,1,2025-06-24,2025-06-24,43.95,Web Development,Advanced,1.0,1.0,1.0,1.0,2.0,1.0,4.0,0,Focused / Low-Activity Learners
U01736,1,1,0.0,0.0,3.6,1,2025-02-03,2025-02-03,1.2,Data Science,Intermediate,0.0,0.0,1.0,1.0,1.0,1.0,3.0,0,Focused / Low-Activity Learners
U01737,1,1,0.0,0.0,1.28,1,2025-12-10,2025-12-10,28.68,Programming,Beginner,0.0,0.0,1.0,1.0,1.0,1.0,3.0,0,Focused / Low-Activity Learners
U01738,1,1,0.0,0.0,4.45,1,2025-09-08,2025-09-08,15.29,Design,Advanced,1.0,1.0,1.0,1.0,2.0,1.0,4.0,0,Focused / Low-Activity Learners
U01739,1,1,0.0,0.0,2.98,1,2025-10-04,2025-10-04,18.0,Marketing,Advanced,1.0,1.0,1.0,1.0,2.0,1.0,4.0,0,Focused / Low-Activity Learners
U01740,1,1,0.0,0.0,2.98,1,2025-11-18,2025-11-18,18.0,Marketing,Advanced,1.0,1.0,1.0,1.0,2.0,1.0,4.0,0,Focused / Low-Activity Learners
U01741,2,2,0.0,0.0,2.95,2,2025-03-24,2025-08-10,27.42,Programming,Beginner,0.0,0.0,4.633333333333334,0.4316546762589928,2.0,1.0,4.431654676258993,0,Focused / Low-Activity Learners
U01742,2,2,0.0,0.0,4.119999999999999,1,2025-07-05,2025-12-06,33.3,Finance,Beginner,0.0,0.0,5.133333333333334,0.3896103896103896,2.0,2.0,4.3896103896103895,0,Focused / Low-Activity Learners
U01743,1,1,0.0,0.0,1.81,1,2025-11-30,2025-11-30,9.3,Machine Learning,Advanced,1.0,1.0,1.0,1.0,2.0,1.0,4.0,0,Focused / Low-Activity Learners
U01744,4,4,665.26,166.315,3.9625,4,2025-04-15,2025-07-09,32.405,Business,Advanced,2.0,0.5,2.8333333333333335,1.4117647058823528,6.0,1.0,11.411764705882353,0,Focused / Low-Activity Learners
U01745,13,13,1622.6399999999999,124.81846153846153,3.2546153846153847,7,2025-02-14,2025-11-15,19.33923076923077,Data Science,Beginner,4.0,0.3076923076923077,9.133333333333333,1.4233576642335768,17.0,1.8571428571428572,31.423357664233578,1,Advanced / Deep Learners
U01746,14,14,1607.25,114.80357142857143,3.3685714285714283,8,2025-01-23,2025-12-06,31.692857142857143,Project Management,Beginner,4.0,0.2857142857142857,10.566666666666666,1.3249211356466877,18.0,1.75,33.32492113564669,1,Advanced / Deep Learners
U01747,4,4,177.34,44.335,3.6925,4,2025-02-22,2025-09-15,44.62,Marketing,Intermediate,1.0,0.25,6.833333333333333,0.5853658536585367,5.0,1.0,9.585365853658537,0,Focused / Low-Activity Learners
U01748,1,1,394.26,394.26,1.35,1,2025-12-13,2025-12-13,47.44,Cybersecurity,Intermediate,0.0,0.0,1.0,1.0,1.0,1.0,3.0,0,Focused / Low-Activity Learners
U01749,1,1,276.37,276.37,2.72,1,2025-10-07,2025-10-07,48.84,Design,Advanced,1.0,1.0,1.0,1.0,2.0,1.0,4.0,0,Focused / Low-Activity Learners
U01750,4,4,627.6600000000001,156.91500000000002,3.435,4,2025-01-30,2025-08-16,34.4525,Project Management,Beginner,0.0,0.0,6.6,0.6060606060606061,4.0,1.0,8.606060606060606,0,Focused / Low-Activity Learners
U01751,1,1,0.78,0.78,3.89,1,2025-03-19,2025-03-19,44.96,Machine Learning,Advanced,1.0,1.0,1.0,1.0,2.0,1.0,4.0,0,Focused / Low-Activity Learners
U01752,4,4,301.98,75.495,2.8,4,2025-03-10,2025-12-02,11.71,Programming,Advanced,2.0,0.5,8.9,0.449438202247191,6.0,1.0,10.44943820224719,0,Focused / Low-Activity Learners
U01753,1,1,0.0,0.0,2.0,1,2025-09-05,2025-09-05,15.84,Business,Advanced,1.0,1.0,1.0,1.0,2.0,1.0,4.0,0,Focused / Low-Activity Learners
U01754,1,1,0.0,0.0,3.64,1,2025-06-29,2025-06-29,42.7,Artificial Intelligence,Beginner,0.0,0.0,1.0,1.0,1.0,1.0,3.0,0,Focused / Low-Activity Learners
U01755,1,1,285.05,285.05,1.96,1,2025-11-24,2025-11-24,34.78,Business,Beginner,0.0,0.0,1.0,1.0,1.0,1.0,3.0,0,Focused / Low-Activity Learners
U01756,2,2,0.0,0.0,1.505,2,2025-01-27,2025-03-30,33.585,Machine Learning,Intermediate,0.0,0.0,2.066666666666667,0.9677419354838709,2.0,1.0,4.967741935483871,0,Focused / Low-Activity Learners
U01757,1,1,0.0,0.0,2.88,1,2025-08-18,2025-08-18,45.13,Programming,Beginner,0.0,0.0,1.0,1.0,1.0,1.0,3.0,0,Focused / Low-Activity Learners
U01758,1,1,326.02,326.02,2.69,1,2025-08-07,2025-08-07,11.31,Business,Intermediate,0.0,0.0,1.0,1.0,1.0,1.0,3.0,0,Focused / Low-Activity Learners
U01759,1,1,276.37,276.37,2.72,1,2025-03-11,2025-03-11,48.84,Design,Advanced,1.0,1.0,1.0,1.0,2.0,1.0,4.0,0,Focused / Low-Activity Learners
U01760,1,1,490.9,490.9,4.55,1,2025-07-06,2025-07-06,7.55,Artificial Intelligence,Beginner,0.0,0.0,1.0,1.0,1.0,1.0,3.0,0,Focused / Low-Activity Learners
U01761,2,2,0.0,0.0,2.44,2,2025-02-12,2025-09-25,30.39,Machine Learning,Advanced,1.0,0.5,7.5,0.26666666666666666,3.0,1.0,5.266666666666667,0,Focused / Low-Activity Learners
U01762,15,15,1427.04,95.136,3.624666666666667,11,2025-04-20,2025-12-16,28.842,Marketing,Advanced,7.0,0.4666666666666667,8.0,1.875,22.0,1.3636363636363635,38.875,1,Advanced / Deep Learners
U01763,1,1,248.1,248.1,1.2,1,2025-07-30,2025-07-30,9.4,Artificial Intelligence,Beginner,0.0,0.0,1.0,1.0,1.0,1.0,3.0,0,Focused / Low-Activity Learners
U01764,2,2,285.05,142.525,3.2,2,2025-08-02,2025-10-20,18.12,Business,Beginner,0.0,0.0,2.6333333333333333,0.759493670886076,2.0,1.0,4.759493670886076,0,Focused / Low-Activity Learners
U01765,1,1,0.0,0.0,2.01,1,2025-07-23,2025-07-23,15.44,Marketing,Advanced,1.0,1.0,1.0,1.0,2.0,1.0,4.0,0,Focused / Low-Activity Learners
U01766,3,3,623.0799999999999,207.6933333333333,2.9633333333333334,3,2025-03-02,2025-07-05,31.61666666666667,Project Management,Advanced,2.0,0.6666666666666666,4.166666666666667,0.72,5.0,1.0,8.719999999999999,0,Focused / Low-Activity Learners
U01767,1,1,0.0,0.0,4.44,1,2025-03-06,2025-03-06,1.46,Digital Marketing,Beginner,0.0,0.0,1.0,1.0,1.0,1.0,3.0,0,Focused / Low-Activity Learners
U01768,2,2,0.0,0.0,4.19,2,2025-04-30,2025-09-04,31.77,Design,Advanced,1.0,0.5,4.233333333333333,0.47244094488188976,3.0,1.0,5.47244094488189,0,Focused / Low-Activity Learners
U01769,4,4,53.86,13.465,3.1875,4,2025-01-30,2025-08-21,33.32,Marketing,Beginner,0.0,0.0,6.766666666666667,0.5911330049261084,4.0,1.0,8.591133004926109,0,Focused / Low-Activity Learners
U01770,2,2,0.0,0.0,4.695,2,2025-03-22,2025-09-27,28.94,Design,Advanced,1.0,0.5,6.3,0.31746031746031744,3.0,1.0,5.317460317460317,0,Focused / Low-Activity Learners
U01771,3,3,347.48999999999995,115.82999999999998,2.2133333333333334,3,2025-02-19,2025-08-18,17.083333333333332,Design,Advanced,3.0,1.0,6.0,0.5,6.0,1.0,9.5,0,Focused / Low-Activity Learners
U01772,1,1,0.0,0.0,2.01,1,2025-03-16,2025-03-16,15.44,Marketing,Advanced,1.0,1.0,1.0,1.0,2.0,1.0,4.0,0,Focused / Low-Activity Learners
U01773,16,16,2596.54,162.28375,3.124375,8,2025-01-21,2025-12-03,25.111875,Artificial Intelligence,Beginner,4.0,0.25,10.533333333333333,1.518987341772152,20.0,2.0,37.51898734177215,1,Advanced / Deep Learners
U01774,1,1,0.0,0.0,4.94,1,2025-08-02,2025-08-02,42.59,Cybersecurity,Beginner,0.0,0.0,1.0,1.0,1.0,1.0,3.0,0,Focused / Low-Activity Learners
U01775,2,2,0.0,0.0,3.0999999999999996,2,2025-03-23,2025-05-23,9.31,Project Management,Advanced,1.0,0.5,2.033333333333333,0.9836065573770493,3.0,1.0,5.983606557377049,0,Focused / Low-Activity Learners
U01776,2,2,0.0,0.0,2.645,2,2025-05-03,2025-11-09,15.62,Digital Marketing,Advanced,1.0,0.5,6.333333333333333,0.31578947368421056,3.0,1.0,5.315789473684211,0,Focused / Low-Activity Learners
U01777,1,1,0.0,0.0,2.2,1,2025-12-09,2025-12-09,40.76,Web Development,Beginner,0.0,0.0,1.0,1.0,1.0,1.0,3.0,0,Focused / Low-Activity Learners
U01778,2,2,0.0,0.0,4.055,2,2025-04-11,2025-06-23,24.695,Design,Beginner,0.0,0.0,2.433333333333333,0.8219178082191781,2.0,1.0,4.821917808219178,0,Focused / Low-Activity Learners
U01779,1,1,0.0,0.0,4.72,1,2025-01-04,2025-01-04,42.68,Marketing,Intermediate,0.0,0.0,1.0,1.0,1.0,1.0,3.0,0,Focused / Low-Activity Learners
U01780,1,1,346.71,346.71,1.23,1,2025-09-22,2025-09-22,3.42,Project Management,Advanced,1.0,1.0,1.0,1.0,2.0,1.0,4.0,0,Focused / Low-Activity Learners
U01781,1,1,0.0,0.0,3.45,1,2025-09-08,2025-09-08,33.93,Project Management,Intermediate,0.0,0.0,1.0,1.0,1.0,1.0,3.0,0,Focused / Low-Activity Learners
U01782,1,1,0.0,0.0,3.85,1,2025-09-07,2025-09-07,19.53,Programming,Beginner,0.0,0.0,1.0,1.0,1.0,1.0,3.0,0,Focused / Low-Activity Learners
U01783,3,3,57.32,19.106666666666666,3.78,3,2025-08-22,2025-11-11,33.39,Web Development,Advanced,2.0,0.6666666666666666,2.7,1.111111111111111,5.0,1.0,9.11111111111111,0,Focused / Low-Activity Learners
U01784,1,1,119.04,119.04,2.75,1,2025-10-15,2025-10-15,23.41,Finance,Intermediate,0.0,0.0,1.0,1.0,1.0,1.0,3.0,0,Focused / Low-Activity Learners
U01785,1,1,0.0,0.0,4.73,1,2025-06-10,2025-06-10,47.7,Machine Learning,Intermediate,0.0,0.0,1.0,1.0,1.0,1.0,3.0,0,Focused / Low-Activity Learners
U01786,13,13,1539.78,118.44461538461539,3.1830769230769227,8,2025-01-25,2025-12-24,20.645384615384614,Finance,Advanced,6.0,0.46153846153846156,11.1,1.1711711711711712,19.0,1.625,33.17117117117117,1,Advanced / Deep Learners
U01787,2,2,266.93,133.465,3.285,2,2025-02-18,2025-09-19,25.639999999999997,Digital Marketing,Advanced,1.0,0.5,7.1,0.28169014084507044,3.0,1.0,5.28169014084507,0,Focused / Low-Activity Learners
U01788,2,2,89.59,44.795,3.7350000000000003,2,2025-01-10,2025-05-06,15.46,Marketing,Advanced,1.0,0.5,3.8666666666666667,0.5172413793103449,3.0,1.0,5.517241379310345,0,Focused / Low-Activity Learners
U01789,15,15,1442.1299999999999,96.142,3.234,8,2025-03-02,2025-12-15,23.215333333333334,Data Science,Beginner,5.0,0.3333333333333333,9.6,1.5625,20.0,1.875,36.5625,1,Advanced / Deep Learners
U01790,1,1,299.57,299.57,3.74,1,2025-06-25,2025-06-25,48.32,Data Science,Beginner,0.0,0.0,1.0,1.0,1.0,1.0,3.0,0,Focused / Low-Activity Learners
U01791,2,2,53.86,26.93,3.63,2,2025-05-25,2025-08-13,38.225,Finance,Advanced,1.0,0.5,2.6666666666666665,0.75,3.0,1.0,5.75,0,Focused / Low-Activity Learners
U01792,1,1,53.86,53.86,2.47,1,2025-08-08,2025-08-08,47.08,Finance,Beginner,0.0,0.0,1.0,1.0,1.0,1.0,3.0,0,Focused / Low-Activity Learners
U01793,1,1,0.0,0.0,3.93,1,2025-02-07,2025-02-07,48.25,Cybersecurity,Intermediate,0.0,0.0,1.0,1.0,1.0,1.0,3.0,0,Focused / Low-Activity Learners
U01794,1,1,0.0,0.0,2.0,1,2025-03-09,2025-03-09,15.84,Business,Advanced,1.0,1.0,1.0,1.0,2.0,1.0,4.0,0,Focused / Low-Activity Learners
U01795,13,13,1145.56,88.11999999999999,2.9646153846153847,9,2025-01-11,2025-12-02,19.894615384615385,Project Management,Advanced,5.0,0.38461538461538464,10.833333333333334,1.2,18.0,1.4444444444444444,32.2,1,Advanced / Deep Learners
U01796,1,1,0.0,0.0,2.67,1,2025-03-22,2025-03-22,40.07,Web Development,Advanced,1.0,1.0,1.0,1.0,2.0,1.0,4.0,0,Focused / Low-Activity Learners
U01797,1,1,490.9,490.9,4.55,1,2025-09-15,2025-09-15,7.55,Artificial Intelligence,Beginner,0.0,0.0,1.0,1.0,1.0,1.0,3.0,0,Focused / Low-Activity Learners
U01798,1,1,487.92,487.92,3.64,1,2025-10-06,2025-10-06,36.01,Business,Advanced,1.0,1.0,1.0,1.0,2.0,1.0,4.0,0,Focused / Low-Activity Learners
U01799,1,1,0.0,0.0,3.15,1,2025-12-05,2025-12-05,22.29,Business,Advanced,1.0,1.0,1.0,1.0,2.0,1.0,4.0,0,Focused / Low-Activity Learners
U01800,2,2,248.1,124.05,2.4,2,2025-05-20,2025-06-25,5.3,Data Science,Beginner,0.0,0.0,1.2,1.6666666666666667,2.0,1.0,5.666666666666667,0,Focused / Low-Activity Learners
U01801,1,1,394.26,394.26,1.35,1,2025-02-16,2025-02-16,47.44,Cybersecurity,Intermediate,0.0,0.0,1.0,1.0,1.0,1.0,3.0,0,Focused / Low-Activity Learners
U01802,1,1,276.37,276.37,2.72,1,2025-06-23,2025-06-23,48.84,Design,Advanced,1.0,1.0,1.0,1.0,2.0,1.0,4.0,0,Focused / Low-Activity Learners
U01803,3,3,342.61,114.20333333333333,3.6799999999999997,3,2025-01-12,2025-10-22,36.946666666666665,Web Development,Beginner,0.0,0.0,9.433333333333334,0.31802120141342755,3.0,1.0,6.318021201413428,0,Focused / Low-Activity Learners
U01804,2,2,0.0,0.0,3.71,2,2025-03-10,2025-04-24,9.73,Marketing,Advanced,1.0,0.5,1.5,1.3333333333333333,3.0,1.0,6.333333333333333,0,Focused / Low-Activity Learners
U01805,15,15,431.96000000000004,28.797333333333334,2.834,9,2025-01-05,2025-11-23,30.029999999999998,Cybersecurity,Beginner,4.0,0.26666666666666666,10.733333333333333,1.3975155279503106,19.0,1.6666666666666667,35.39751552795031,1,Advanced / Deep Learners
U01806,1,1,0.0,0.0,4.14,1,2025-01-17,2025-01-17,31.77,Finance,Beginner,0.0,0.0,1.0,1.0,1.0,1.0,3.0,0,Focused / Low-Activity Learners
U01807,2,2,490.9,245.45,3.7649999999999997,2,2025-01-25,2025-09-04,12.775,Marketing,Advanced,1.0,0.5,7.4,0.27027027027027023,3.0,1.0,5.27027027027027,0,Focused / Low-Activity Learners
U01808,3,3,684.67,228.22333333333333,4.183333333333334,2,2025-02-01,2025-10-03,13.280000000000001,Digital Marketing,Advanced,1.0,0.3333333333333333,8.133333333333333,0.36885245901639346,4.0,1.5,7.368852459016393,0,Focused / Low-Activity Learners
U01809,13,13,1427.78,109.82923076923076,3.3169230769230773,8,2025-02-24,2025-12-18,31.434615384615384,Finance,Beginner,3.0,0.23076923076923078,9.9,1.3131313131313131,16.0,1.625,30.313131313131315,1,Advanced / Deep Learners
U01810,15,15,2242.06,149.47066666666666,2.9113333333333333,8,2025-01-12,2025-12-22,26.39466666666667,Business,Advanced,7.0,0.4666666666666667,11.466666666666667,1.3081395348837208,22.0,1.875,38.30813953488372,1,Advanced / Deep Learners
U01811,1,1,0.0,0.0,1.59,1,2025-11-07,2025-11-07,6.36,Finance,Advanced,1.0,1.0,1.0,1.0,2.0,1.0,4.0,0,Focused / Low-Activity Learners
U01812,15,15,798.53,53.23533333333333,2.9353333333333333,10,2025-01-23,2025-12-24,31.744000000000003,Machine Learning,Advanced,6.0,0.4,11.166666666666666,1.3432835820895523,21.0,1.5,37.343283582089555,1,Advanced / Deep Learners
U01813,1,1,0.0,0.0,3.65,1,2025-03-03,2025-03-03,32.64,Data Science,Beginner,0.0,0.0,1.0,1.0,1.0,1.0,3.0,0,Focused / Low-Activity Learners
U01814,3,3,472.28,157.42666666666665,2.8266666666666667,3,2025-05-23,2025-09-22,21.643333333333334,Programming,Advanced,1.0,0.3333333333333333,4.066666666666666,0.7377049180327869,4.0,1.0,7.737704918032787,0,Focused / Low-Activity Learners
U01815,1,1,0.0,0.0,4.51,1,2025-08-28,2025-08-28,48.19,Design,Beginner,0.0,0.0,1.0,1.0,1.0,1.0,3.0,0,Focused / Low-Activity Learners
U01816,2,2,0.0,0.0,2.895,2,2025-03-30,2025-10-28,20.795,Data Science,Beginner,0.0,0.0,7.066666666666666,0.2830188679245283,2.0,1.0,4.283018867924529,0,Focused / Low-Activity Learners
U01817,1,1,0.0,0.0,2.0,1,2025-04-18,2025-04-18,15.84,Business,Advanced,1.0,1.0,1.0,1.0,2.0,1.0,4.0,0,Focused / Low-Activity Learners
U01818,2,2,53.86,26.93,3.5949999999999998,2,2025-07-07,2025-07-20,44.879999999999995,Marketing,Beginner,0.0,0.0,1.0,2.0,2.0,1.0,6.0,0,Focused / Low-Activity Learners
U01819,1,1,0.0,0.0,4.79,1,2025-08-14,2025-08-14,29.37,Marketing,Advanced,1.0,1.0,1.0,1.0,2.0,1.0,4.0,0,Focused / Low-Activity Learners
U01820,15,15,2407.56,160.504,2.8746666666666667,11,2025-01-13,2025-12-06,26.464666666666666,Business,Advanced,6.0,0.4,10.9,1.3761467889908257,21.0,1.3636363636363635,37.37614678899082,1,Advanced / Deep Learners
U01821,1,1,0.0,0.0,3.15,1,2025-07-27,2025-07-27,22.29,Business,Advanced,1.0,1.0,1.0,1.0,2.0,1.0,4.0,0,Focused / Low-Activity Learners
U01822,15,15,447.03000000000003,29.802000000000003,2.9059999999999997,9,2025-01-05,2025-12-20,25.741333333333333,Machine Learning,Advanced,6.0,0.4,11.633333333333333,1.2893982808022924,21.0,1.6666666666666667,37.28939828080229,1,Advanced / Deep Learners
U01823,1,1,0.0,0.0,1.59,1,2025-03-18,2025-03-18,6.36,Finance,Advanced,1.0,1.0,1.0,1.0,2.0,1.0,4.0,0,Focused / Low-Activity Learners
U01824,1,1,327.99,327.99,1.51,1,2025-12-03,2025-12-03,12.13,Project Management,Beginner,0.0,0.0,1.0,1.0,1.0,1.0,3.0,0,Focused / Low-Activity Learners
U01825,14,14,758.12,54.151428571428575,3.143571428571429,9,2025-03-06,2025-11-15,25.666428571428572,Machine Learning,Intermediate,3.0,0.21428571428571427,8.466666666666667,1.6535433070866141,17.0,1.5555555555555556,32.653543307086615,1,Advanced / Deep Learners
U01826,1,1,0.0,0.0,2.14,1,2025-09-29,2025-09-29,8.95,Digital Marketing,Beginner,0.0,0.0,1.0,1.0,1.0,1.0,3.0,0,Focused / Low-Activity Learners
U01827,1,1,0.0,0.0,4.45,1,2025-12-01,2025-12-01,15.29,Design,Advanced,1.0,1.0,1.0,1.0,2.0,1.0,4.0,0,Focused / Low-Activity Learners
U01828,1,1,177.34,177.34,3.89,1,2025-03-27,2025-03-27,49.73,Digital Marketing,Advanced,1.0,1.0,1.0,1.0,2.0,1.0,4.0,0,Focused / Low-Activity Learners
U01829,2,2,0.0,0.0,3.005,2,2025-07-25,2025-10-16,30.674999999999997,Finance,Intermediate,0.0,0.0,2.7666666666666666,0.7228915662650602,2.0,1.0,4.72289156626506,0,Focused / Low-Activity Learners
U01830,1,1,37.89,37.89,1.3,1,2025-10-07,2025-10-07,24.11,Web Development,Advanced,1.0,1.0,1.0,1.0,2.0,1.0,4.0,0,Focused / Low-Activity Learners
U01831,1,1,472.28,472.28,4.74,1,2025-09-28,2025-09-28,11.0,Programming,Beginner,0.0,0.0,1.0,1.0,1.0,1.0,3.0,0,Focused / Low-Activity Learners
U01832,1,1,0.0,0.0,2.88,1,2025-01-16,2025-01-16,45.13,Programming,Beginner,0.0,0.0,1.0,1.0,1.0,1.0,3.0,0,Focused / Low-Activity Learners
U01833,2,2,487.92,243.96,4.215,2,2025-05-09,2025-10-17,32.69,Marketing,Advanced,2.0,1.0,5.366666666666666,0.3726708074534162,4.0,1.0,6.372670807453416,0,Focused / Low-Activity Learners
U01834,1,1,0.0,0.0,1.73,1,2025-12-05,2025-12-05,38.49,Machine Learning,Intermediate,0.0,0.0,1.0,1.0,1.0,1.0,3.0,0,Focused / Low-Activity Learners
U01835,2,2,0.0,0.0,4.755,1,2025-12-01,2025-12-07,36.025,Marketing,Advanced,1.0,0.5,1.0,2.0,3.0,2.0,7.0,0,Focused / Low-Activity Learners
U01836,1,1,299.57,299.57,3.74,1,2025-07-24,2025-07-24,48.32,Data Science,Beginner,0.0,0.0,1.0,1.0,1.0,1.0,3.0,0,Focused / Low-Activity Learners
U01837,1,1,326.02,326.02,2.69,1,2025-05-05,2025-05-05,11.31,Business,Intermediate,0.0,0.0,1.0,1.0,1.0,1.0,3.0,0,Focused / Low-Activity Learners
U01838,2,2,0.0,0.0,4.015,2,2025-04-02,2025-05-19,41.54,Finance,Intermediate,0.0,0.0,1.5666666666666667,1.2765957446808511,2.0,1.0,5.276595744680851,0,Focused / Low-Activity Learners
U01839,1,1,0.0,0.0,3.6,1,2025-11-07,2025-11-07,1.2,Data Science,Intermediate,0.0,0.0,1.0,1.0,1.0,1.0,3.0,0,Focused / Low-Activity Learners
U01840,14,14,460.83000000000004,32.916428571428575,3.3735714285714287,10,2025-01-22,2025-11-26,28.759285714285713,Machine Learning,Beginner,5.0,0.35714285714285715,10.266666666666667,1.3636363636363635,19.0,1.4,34.36363636363636,1,Advanced / Deep Learners
U01841,1,1,0.0,0.0,1.91,1,2025-02-25,2025-02-25,26.52,Cybersecurity,Intermediate,0.0,0.0,1.0,1.0,1.0,1.0,3.0,0,Focused / Low-Activity Learners
U01842,13,13,1169.28,89.94461538461539,3.1123076923076924,9,2025-01-14,2025-12-20,28.62076923076923,Artificial Intelligence,Beginner,3.0,0.23076923076923078,11.333333333333334,1.1470588235294117,16.0,1.4444444444444444,30.147058823529413,1,Advanced / Deep Learners
U01843,1,1,0.0,0.0,2.67,1,2025-04-06,2025-04-06,40.07,Web Development,Advanced,1.0,1.0,1.0,1.0,2.0,1.0,4.0,0,Focused / Low-Activity Learners
U01844,1,1,0.0,0.0,3.02,1,2025-09-05,2025-09-05,9.71,Data Science,Intermediate,0.0,0.0,1.0,1.0,1.0,1.0,3.0,0,Focused / Low-Activity Learners
U01845,1,1,0.0,0.0,4.45,1,2025-02-01,2025-02-01,15.29,Design,Advanced,1.0,1.0,1.0,1.0,2.0,1.0,4.0,0,Focused / Low-Activity Learners
U01846,2,2,117.68,58.84,3.755,2,2025-01-02,2025-03-20,45.34,Cybersecurity,Advanced,1.0,0.5,2.566666666666667,0.7792207792207791,3.0,1.0,5.779220779220779,0,Focused / Low-Activity Learners
U01847,1,1,0.0,0.0,1.91,1,2025-04-20,2025-04-20,26.52,Cybersecurity,Intermediate,0.0,0.0,1.0,1.0,1.0,1.0,3.0,0,Focused / Low-Activity Learners
U01848,1,1,0.0,0.0,3.15,1,2025-12-21,2025-12-21,22.29,Business,Advanced,1.0,1.0,1.0,1.0,2.0,1.0,4.0,0,Focused / Low-Activity Learners
U01849,1,1,0.0,0.0,3.45,1,2025-11-16,2025-11-16,33.93,Project Management,Intermediate,0.0,0.0,1.0,1.0,1.0,1.0,3.0,0,Focused / Low-Activity Learners
U01850,3,3,418.61,139.53666666666666,3.3633333333333333,2,2025-02-24,2025-11-03,24.310000000000002,Data Science,Intermediate,0.0,0.0,8.4,0.35714285714285715,3.0,1.5,6.357142857142858,0,Focused / Low-Activity Learners
U01851,4,4,668.63,167.1575,3.1375,3,2025-03-13,2025-11-08,13.5,Business,Intermediate,1.0,0.25,8.0,0.5,5.0,1.3333333333333333,9.5,0,Focused / Low-Activity Learners
U01852,4,4,513.3,128.325,2.9425,4,2025-02-12,2025-09-21,36.3375,Programming,Intermediate,1.0,0.25,7.366666666666666,0.5429864253393666,5.0,1.0,9.542986425339366,0,Focused / Low-Activity Learners
U01853,1,1,89.59,89.59,2.68,1,2025-01-08,2025-01-08,1.55,Artificial Intelligence,Intermediate,0.0,0.0,1.0,1.0,1.0,1.0,3.0,0,Focused / Low-Activity Learners
U01854,13,13,1160.54,89.27230769230769,3.4423076923076925,9,2025-01-09,2025-11-24,28.843846153846155,Programming,Advanced,5.0,0.38461538461538464,10.633333333333333,1.2225705329153607,18.0,1.4444444444444444,32.22257053291536,1,Advanced / Deep Learners
U01855,1,1,53.86,53.86,2.47,1,2025-04-03,2025-04-03,47.08,Finance,Beginner,0.0,0.0,1.0,1.0,1.0,1.0,3.0,0,Focused / Low-Activity Learners
U01856,1,1,0.0,0.0,3.02,1,2025-02-26,2025-02-26,9.71,Data Science,Intermediate,0.0,0.0,1.0,1.0,1.0,1.0,3.0,0,Focused / Low-Activity Learners
U01857,2,2,53.86,26.93,3.46,2,2025-01-01,2025-02-16,31.185,Finance,Advanced,1.0,0.5,1.5333333333333334,1.3043478260869565,3.0,1.0,6.304347826086957,0,Focused / Low-Activity Learners
U01858,1,1,0.0,0.0,3.45,1,2025-04-12,2025-04-12,33.93,Project Management,Intermediate,0.0,0.0,1.0,1.0,1.0,1.0,3.0,0,Focused / Low-Activity Learners
U01859,1,1,0.0,0.0,2.2,1,2025-04-27,2025-04-27,40.76,Web Development,Beginner,0.0,0.0,1.0,1.0,1.0,1.0,3.0,0,Focused / Low-Activity Learners
U01860,3,3,487.92,162.64000000000001,3.236666666666667,3,2025-01-11,2025-12-14,31.353333333333335,Programming,Advanced,2.0,0.6666666666666666,11.233333333333333,0.26706231454005935,5.0,1.0,8.267062314540059,0,Focused / Low-Activity Learners
U01861,2,2,95.21000000000001,47.605000000000004,3.02,1,2025-06-08,2025-09-01,34.03,Web Development,Advanced,2.0,1.0,2.8333333333333335,0.7058823529411764,4.0,2.0,6.705882352941177,0,Focused / Low-Activity Learners
U01862,1,1,0.0,0.0,4.66,1,2025-05-21,2025-05-21,5.95,Digital Marketing,Intermediate,0.0,0.0,1.0,1.0,1.0,1.0,3.0,0,Focused / Low-Activity Learners
U01863,1,1,342.61,342.61,4.84,1,2025-11-01,2025-11-01,17.14,Project Management,Intermediate,0.0,0.0,1.0,1.0,1.0,1.0,3.0,0,Focused / Low-Activity Learners
U01864,1,1,0.0,0.0,4.72,1,2025-10-10,2025-10-10,42.68,Marketing,Intermediate,0.0,0.0,1.0,1.0,1.0,1.0,3.0,0,Focused / Low-Activity Learners
U01865,4,4,0.0,0.0,1.915,3,2025-03-06,2025-11-28,26.6725,Programming,Beginner,1.0,0.25,8.9,0.449438202247191,5.0,1.3333333333333333,9.44943820224719,0,Focused / Low-Activity Learners
U01866,1,1,0.0,0.0,3.45,1,2025-02-24,2025-02-24,33.93,Project Management,Intermediate,0.0,0.0,1.0,1.0,1.0,1.0,3.0,0,Focused / Low-Activity Learners
U01867,13,13,892.1,68.62307692307692,3.3230769230769233,8,2025-02-07,2025-11-25,35.81307692307692,Finance,Beginner,2.0,0.15384615384615385,9.7,1.3402061855670104,14.999999999999998,1.625,29.34020618556701,1,Advanced / Deep Learners
U01868,2,2,0.0,0.0,3.025,2,2025-03-16,2025-12-23,29.145,Finance,Beginner,0.0,0.0,9.4,0.2127659574468085,2.0,1.0,4.212765957446809,0,Focused / Low-Activity Learners
U01869,1,1,0.0,0.0,1.91,1,2025-10-01,2025-10-01,26.52,Cybersecurity,Intermediate,0.0,0.0,1.0,1.0,1.0,1.0,3.0,0,Focused / Low-Activity Learners
U01870,1,1,0.0,0.0,3.93,1,2025-12-17,2025-12-17,48.25,Cybersecurity,Intermediate,0.0,0.0,1.0,1.0,1.0,1.0,3.0,0,Focused / Low-Activity Learners
U01871,14,14,916.53,65.46642857142857,3.2671428571428573,8,2025-03-21,2025-12-29,31.867142857142856,Data Science,Intermediate,5.0,0.35714285714285715,9.433333333333334,1.4840989399293285,19.0,1.75,34.484098939929325,1,Advanced / Deep Learners
U01872,14,14,2084.41,148.88642857142855,3.314285714285714,10,2025-01-10,2025-11-16,29.510714285714283,Programming,Intermediate,3.0,0.21428571428571427,10.333333333333334,1.3548387096774193,17.0,1.4,32.35483870967742,1,Advanced / Deep Learners
U01873,1,1,0.0,0.0,1.28,1,2025-07-27,2025-07-27,28.68,Programming,Beginner,0.0,0.0,1.0,1.0,1.0,1.0,3.0,0,Focused / Low-Activity Learners
U01874,1,1,415.51,415.51,3.11,1,2025-01-06,2025-01-06,28.33,Artificial Intelligence,Intermediate,0.0,0.0,1.0,1.0,1.0,1.0,3.0,0,Focused / Low-Activity Learners
U01875,1,1,285.05,285.05,1.96,1,2025-11-29,2025-11-29,34.78,Business,Beginner,0.0,0.0,1.0,1.0,1.0,1.0,3.0,0,Focused / Low-Activity Learners
U01876,14,14,971.8199999999999,69.41571428571429,3.391428571428571,7,2025-01-24,2025-12-23,30.22214285714286,Programming,Beginner,3.0,0.21428571428571427,11.1,1.2612612612612613,17.0,2.0,32.26126126126126,1,Advanced / Deep Learners
U01877,12,12,1219.46,101.62166666666667,2.9875000000000003,9,2025-01-06,2025-12-16,16.511666666666667,Marketing,Beginner,4.0,0.3333333333333333,11.466666666666667,1.0465116279069768,16.0,1.3333333333333333,29.046511627906977,1,Advanced / Deep Learners
U01878,1,1,0.0,0.0,4.45,1,2025-11-08,2025-11-08,15.29,Design,Advanced,1.0,1.0,1.0,1.0,2.0,1.0,4.0,0,Focused / Low-Activity Learners
U01879,15,15,2367.91,157.86066666666665,2.656,8,2025-01-28,2025-12-24,30.418666666666663,Finance,Advanced,6.0,0.4,11.0,1.3636363636363635,21.0,1.875,37.36363636363636,1,Advanced / Deep Learners
U01880,2,2,0.0,0.0,4.585,2,2025-02-08,2025-09-30,27.07,Digital Marketing,Beginner,0.0,0.0,7.8,0.25641025641025644,2.0,1.0,4.256410256410256,0,Focused / Low-Activity Learners
U01881,1,1,346.71,346.71,1.23,1,2025-04-11,2025-04-11,3.42,Project Management,Advanced,1.0,1.0,1.0,1.0,2.0,1.0,4.0,0,Focused / Low-Activity Learners
U01882,3,3,95.21000000000001,31.736666666666668,3.063333333333334,2,2025-01-02,2025-05-24,30.116666666666664,Web Development,Advanced,3.0,1.0,4.733333333333333,0.6338028169014085,6.0,1.5,9.633802816901408,0,Focused / Low-Activity Learners
U01883,1,1,490.9,490.9,4.55,1,2025-07-09,2025-07-09,7.55,Artificial Intelligence,Beginner,0.0,0.0,1.0,1.0,1.0,1.0,3.0,0,Focused / Low-Activity Learners
U01884,1,1,346.71,346.71,1.23,1,2025-01-04,2025-01-04,3.42,Project Management,Advanced,1.0,1.0,1.0,1.0,2.0,1.0,4.0,0,Focused / Low-Activity Learners
U01885,1,1,0.0,0.0,4.68,1,2025-12-23,2025-12-23,15.75,Project Management,Beginner,0.0,0.0,1.0,1.0,1.0,1.0,3.0,0,Focused / Low-Activity Learners
U01886,1,1,0.0,0.0,4.79,1,2025-10-18,2025-10-18,29.37,Marketing,Advanced,1.0,1.0,1.0,1.0,2.0,1.0,4.0,0,Focused / Low-Activity Learners
U01887,1,1,0.0,0.0,3.65,1,2025-02-05,2025-02-05,32.64,Data Science,Beginner,0.0,0.0,1.0,1.0,1.0,1.0,3.0,0,Focused / Low-Activity Learners
U01888,1,1,0.0,0.0,3.93,1,2025-06-13,2025-06-13,48.25,Cybersecurity,Intermediate,0.0,0.0,1.0,1.0,1.0,1.0,3.0,0,Focused / Low-Activity Learners
U01889,1,1,0.0,0.0,2.61,1,2025-02-22,2025-02-22,48.68,Design,Advanced,1.0,1.0,1.0,1.0,2.0,1.0,4.0,0,Focused / Low-Activity Learners
U01890,1,1,0.0,0.0,1.59,1,2025-06-15,2025-06-15,6.36,Finance,Advanced,1.0,1.0,1.0,1.0,2.0,1.0,4.0,0,Focused / Low-Activity Learners
U01891,1,1,0.0,0.0,1.28,1,2025-03-21,2025-03-21,28.68,Programming,Beginner,0.0,0.0,1.0,1.0,1.0,1.0,3.0,0,Focused / Low-Activity Learners
U01892,1,1,0.0,0.0,2.2,1,2025-04-30,2025-04-30,40.76,Web Development,Beginner,0.0,0.0,1.0,1.0,1.0,1.0,3.0,0,Focused / Low-Activity Learners
U01893,12,12,1298.19,108.1825,2.94,8,2025-02-25,2025-10-16,30.875,Digital Marketing,Beginner,4.0,0.3333333333333333,7.766666666666667,1.5450643776824033,16.0,1.5,29.5450643776824,1,Advanced / Deep Learners
U01894,1,1,0.0,0.0,4.68,1,2025-08-09,2025-08-09,15.75,Project Management,Beginner,0.0,0.0,1.0,1.0,1.0,1.0,3.0,0,Focused / Low-Activity Learners
U01895,1,1,0.0,0.0,3.02,1,2025-07-10,2025-07-10,9.71,Data Science,Intermediate,0.0,0.0,1.0,1.0,1.0,1.0,3.0,0,Focused / Low-Activity Learners
U01896,12,12,1720.4099999999999,143.36749999999998,3.065,9,2025-01-08,2025-12-28,35.62833333333334,Cybersecurity,Intermediate,0.0,0.0,11.8,1.0169491525423728,12.0,1.3333333333333333,25.016949152542374,1,Advanced / Deep Learners
U01897,1,1,0.0,0.0,1.52,1,2025-03-04,2025-03-04,2.87,Design,Advanced,1.0,1.0,1.0,1.0,2.0,1.0,4.0,0,Focused / Low-Activity Learners
U01898,1,1,117.68,117.68,2.57,1,2025-08-08,2025-08-08,48.09,Data Science,Advanced,1.0,1.0,1.0,1.0,2.0,1.0,4.0,0,Focused / Low-Activity Learners
U01899,2,2,0.0,0.0,3.0999999999999996,2,2025-01-03,2025-02-09,46.85,Web Development,Beginner,0.0,0.0,1.2333333333333334,1.6216216216216215,2.0,1.0,5.621621621621621,0,Focused / Low-Activity Learners
U01900,11,11,1307.56,118.8690909090909,3.022727272727273,7,2025-01-13,2025-12-18,24.485454545454548,Artificial Intelligence,Advanced,5.0,0.45454545454545453,11.3,0.9734513274336283,16.0,1.5714285714285714,27.97345132743363,1,Advanced / Deep Learners
U01901,1,1,0.0,0.0,1.81,1,2025-05-29,2025-05-29,9.3,Machine Learning,Advanced,1.0,1.0,1.0,1.0,2.0,1.0,4.0,0,Focused / Low-Activity Learners
U01902,1,1,57.32,57.32,4.74,1,2025-05-06,2025-05-06,43.95,Web Development,Advanced,1.0,1.0,1.0,1.0,2.0,1.0,4.0,0,Focused / Low-Activity Learners
U01903,13,13,1334.7,102.66923076923078,2.9815384615384612,9,2025-01-20,2025-12-24,22.158461538461538,Artificial Intelligence,Beginner,5.0,0.38461538461538464,11.266666666666667,1.1538461538461537,18.0,1.4444444444444444,32.15384615384615,1,Advanced / Deep Learners
U01904,1,1,487.92,487.92,3.64,1,2025-04-11,2025-04-11,36.01,Business,Advanced,1.0,1.0,1.0,1.0,2.0,1.0,4.0,0,Focused / Low-Activity Learners
U01905,2,2,490.9,245.45,2.915,2,2025-05-02,2025-08-23,18.115,Artificial Intelligence,Beginner,0.0,0.0,3.7666666666666666,0.5309734513274337,2.0,1.0,4.530973451327434,0,Focused / Low-Activity Learners
U01906,15,15,1395.69,93.046,2.4353333333333333,10,2025-01-16,2025-10-10,19.957333333333334,Marketing,Beginner,5.0,0.3333333333333333,8.9,1.6853932584269662,20.0,1.5,36.68539325842697,1,Advanced / Deep Learners
U01907,2,2,89.59,44.795,2.41,2,2025-05-30,2025-12-23,5.25,Artificial Intelligence,Beginner,0.0,0.0,6.9,0.2898550724637681,2.0,1.0,4.289855072463768,0,Focused / Low-Activity Learners
U01908,12,12,888.6700000000001,74.05583333333334,3.2708333333333335,9,2025-03-05,2025-12-26,33.714999999999996,Web Development,Beginner,5.0,0.4166666666666667,9.866666666666667,1.2162162162162162,17.0,1.3333333333333333,30.216216216216218,1,Advanced / Deep Learners
U01909,3,3,37.89,12.63,1.68,3,2025-01-28,2025-06-11,26.013333333333335,Machine Learning,Advanced,2.0,0.6666666666666666,4.466666666666667,0.6716417910447761,5.0,1.0,8.671641791044776,0,Focused / Low-Activity Learners
U01910,1,1,177.34,177.34,3.89,1,2025-07-13,2025-07-13,49.73,Digital Marketing,Advanced,1.0,1.0,1.0,1.0,2.0,1.0,4.0,0,Focused / Low-Activity Learners
U01911,1,1,299.57,299.57,3.74,1,2025-01-09,2025-01-09,48.32,Data Science,Beginner,0.0,0.0,1.0,1.0,1.0,1.0,3.0,0,Focused / Low-Activity Learners
U01912,1,1,0.0,0.0,3.02,1,2025-04-20,2025-04-20,9.71,Data Science,Intermediate,0.0,0.0,1.0,1.0,1.0,1.0,3.0,0,Focused / Low-Activity Learners
U01913,1,1,0.0,0.0,2.88,1,2025-02-20,2025-02-20,45.13,Programming,Beginner,0.0,0.0,1.0,1.0,1.0,1.0,3.0,0,Focused / Low-Activity Learners
U01914,1,1,0.0,0.0,2.61,1,2025-10-21,2025-10-21,48.68,Design,Advanced,1.0,1.0,1.0,1.0,2.0,1.0,4.0,0,Focused / Low-Activity Learners
U01915,2,2,453.4,226.7,2.205,2,2025-04-11,2025-06-12,26.22,Web Development,Intermediate,1.0,0.5,2.066666666666667,0.9677419354838709,3.0,1.0,5.967741935483871,0,Focused / Low-Activity Learners
U01916,1,1,117.68,117.68,2.57,1,2025-06-20,2025-06-20,48.09,Data Science,Advanced,1.0,1.0,1.0,1.0,2.0,1.0,4.0,0,Focused / Low-Activity Learners
U01917,15,15,1159.54,77.30266666666667,2.9939999999999998,8,2025-01-09,2025-11-16,17.337333333333333,Data Science,Advanced,7.0,0.4666666666666667,10.366666666666667,1.4469453376205788,22.0,1.875,38.446945337620576,1,Advanced / Deep Learners
U01918,14,14,979.12,69.93714285714286,2.6207142857142856,8,2025-01-25,2025-11-23,24.59714285714286,Data Science,Advanced,6.0,0.42857142857142855,10.066666666666666,1.390728476821192,20.0,1.75,35.390728476821195,1,Advanced / Deep Learners
U01919,1,1,0.0,0.0,1.28,1,2025-03-10,2025-03-10,28.68,Programming,Beginner,0.0,0.0,1.0,1.0,1.0,1.0,3.0,0,Focused / Low-Activity Learners
U01920,13,13,1627.8600000000001,125.22000000000001,3.0961538461538463,8,2025-01-09,2025-12-09,31.71923076923077,Data Science,Intermediate,5.0,0.38461538461538464,11.133333333333333,1.1676646706586826,18.0,1.625,32.16766467065868,1,Advanced / Deep Learners
U01921,2,2,0.0,0.0,3.645,2,2025-06-16,2025-12-14,37.67,Artificial Intelligence,Beginner,0.0,0.0,6.033333333333333,0.3314917127071823,2.0,1.0,4.331491712707182,0,Focused / Low-Activity Learners
U01922,2,2,0.0,0.0,3.295,2,2025-02-06,2025-02-20,21.134999999999998,Cybersecurity,Beginner,0.0,0.0,1.0,2.0,2.0,1.0,6.0,0,Focused / Low-Activity Learners
U01923,1,1,57.32,57.32,4.74,1,2025-10-07,2025-10-07,43.95,Web Development,Advanced,1.0,1.0,1.0,1.0,2.0,1.0,4.0,0,Focused / Low-Activity Learners
U01924,2,2,89.59,44.795,3.0,2,2025-04-07,2025-12-11,25.06,Artificial Intelligence,Beginner,0.0,0.0,8.266666666666667,0.24193548387096772,2.0,1.0,4.241935483870968,0,Focused / Low-Activity Learners
U01925,1,1,299.57,299.57,3.74,1,2025-08-22,2025-08-22,48.32,Data Science,Beginner,0.0,0.0,1.0,1.0,1.0,1.0,3.0,0,Focused / Low-Activity Learners
U01926,13,13,1189.53,91.5023076923077,2.926153846153846,9,2025-04-14,2025-11-27,26.84769230769231,Machine Learning,Beginner,2.0,0.15384615384615385,7.566666666666666,1.7180616740088106,14.999999999999998,1.4444444444444444,29.71806167400881,1,Advanced / Deep Learners
U01927,1,1,0.0,0.0,3.02,1,2025-12-27,2025-12-27,9.71,Data Science,Intermediate,0.0,0.0,1.0,1.0,1.0,1.0,3.0,0,Focused / Low-Activity Learners
U01928,1,1,0.0,0.0,4.94,1,2025-03-15,2025-03-15,42.59,Cybersecurity,Beginner,0.0,0.0,1.0,1.0,1.0,1.0,3.0,0,Focused / Low-Activity Learners
U01929,14,14,1057.52,75.53714285714285,2.8964285714285714,7,2025-01-01,2025-12-28,28.69357142857143,Machine Learning,Intermediate,3.0,0.21428571428571427,12.033333333333333,1.1634349030470914,17.0,2.0,32.16343490304709,1,Advanced / Deep Learners
U01930,1,1,0.0,0.0,3.45,1,2025-02-11,2025-02-11,33.93,Project Management,Intermediate,0.0,0.0,1.0,1.0,1.0,1.0,3.0,0,Focused / Low-Activity Learners
U01931,11,11,1270.8,115.52727272727272,2.562727272727273,7,2025-03-23,2025-11-28,30.35090909090909,Machine Learning,Beginner,3.0,0.2727272727272727,8.333333333333334,1.3199999999999998,14.0,1.5714285714285714,26.32,1,Advanced / Deep Learners
U01932,1,1,415.51,415.51,3.11,1,2025-01-30,2025-01-30,28.33,Artificial Intelligence,Intermediate,0.0,0.0,1.0,1.0,1.0,1.0,3.0,0,Focused / Low-Activity Learners
U01933,2,2,0.0,0.0,3.7800000000000002,2,2025-02-05,2025-03-23,40.09,Marketing,Intermediate,0.0,0.0,1.5333333333333334,1.3043478260869565,2.0,1.0,5.304347826086957,0,Focused / Low-Activity Learners
U01934,14,14,1737.54,124.11,3.3214285714285716,8,2025-02-08,2025-12-29,27.732857142857142,Artificial Intelligence,Advanced,8.0,0.5714285714285714,10.8,1.2962962962962963,22.0,1.75,37.2962962962963,1,Advanced / Deep Learners
U01935,1,1,0.0,0.0,2.43,1,2025-04-25,2025-04-25,37.7,Programming,Intermediate,0.0,0.0,1.0,1.0,1.0,1.0,3.0,0,Focused / Low-Activity Learners
U01936,2,2,0.0,0.0,4.1850000000000005,2,2025-01-24,2025-09-25,24.855,Cybersecurity,Beginner,0.0,0.0,8.133333333333333,0.24590163934426232,2.0,1.0,4.245901639344263,0,Focused / Low-Activity Learners
U01937,1,1,0.0,0.0,3.64,1,2025-10-16,2025-10-16,42.7,Artificial Intelligence,Beginner,0.0,0.0,1.0,1.0,1.0,1.0,3.0,0,Focused / Low-Activity Learners
U01938,2,2,490.9,245.45,4.345,2,2025-09-15,2025-10-24,19.66,Artificial Intelligence,Beginner,0.0,0.0,1.3,1.5384615384615383,2.0,1.0,5.538461538461538,0,Focused / Low-Activity Learners
U01939,4,4,418.61,104.6525,2.975,4,2025-07-19,2025-12-24,31.8575,Finance,Intermediate,1.0,0.25,5.266666666666667,0.759493670886076,5.0,1.0,9.759493670886076,0,Focused / Low-Activity Learners
U01940,2,2,276.37,138.185,3.41,2,2025-03-18,2025-10-16,41.835,Design,Advanced,1.0,0.5,7.066666666666666,0.2830188679245283,3.0,1.0,5.283018867924529,0,Focused / Low-Activity Learners
U01941,1,1,89.59,89.59,2.68,1,2025-08-02,2025-08-02,1.55,Artificial Intelligence,Intermediate,0.0,0.0,1.0,1.0,1.0,1.0,3.0,0,Focused / Low-Activity Learners
U01942,1,1,0.0,0.0,3.45,1,2025-09-11,2025-09-11,33.93,Project Management,Intermediate,0.0,0.0,1.0,1.0,1.0,1.0,3.0,0,Focused / Low-Activity Learners
U01943,14,14,1499.75,107.125,3.733571428571429,7,2025-01-03,2025-12-22,29.478571428571428,Machine Learning,Intermediate,2.0,0.14285714285714285,11.766666666666667,1.1898016997167138,16.0,2.0,31.189801699716714,1,Advanced / Deep Learners
U01944,2,2,0.0,0.0,3.875,2,2025-07-09,2025-09-11,33.735,Data Science,Beginner,0.0,0.0,2.1333333333333333,0.9375,2.0,1.0,4.9375,0,Focused / Low-Activity Learners
U01945,1,1,342.61,342.61,4.84,1,2025-07-03,2025-07-03,17.14,Project Management,Intermediate,0.0,0.0,1.0,1.0,1.0,1.0,3.0,0,Focused / Low-Activity Learners
U01946,1,1,0.0,0.0,1.73,1,2025-04-14,2025-04-14,38.49,Machine Learning,Intermediate,0.0,0.0,1.0,1.0,1.0,1.0,3.0,0,Focused / Low-Activity Learners
U01947,1,1,0.0,0.0,4.1,1,2025-09-13,2025-09-13,34.83,Finance,Intermediate,0.0,0.0,1.0,1.0,1.0,1.0,3.0,0,Focused / Low-Activity Learners
U01948,1,1,276.37,276.37,2.72,1,2025-12-19,2025-12-19,48.84,Design,Advanced,1.0,1.0,1.0,1.0,2.0,1.0,4.0,0,Focused / Low-Activity Learners
U01949,1,1,0.0,0.0,1.73,1,2025-07-04,2025-07-04,38.49,Machine Learning,Intermediate,0.0,0.0,1.0,1.0,1.0,1.0,3.0,0,Focused / Low-Activity Learners
U01950,2,2,0.0,0.0,1.8699999999999999,2,2025-10-16,2025-12-08,26.965,Machine Learning,Advanced,1.0,0.5,1.7666666666666666,1.1320754716981132,3.0,1.0,6.132075471698113,0,Focused / Low-Activity Learners
U01951,3,3,0.0,0.0,3.3333333333333335,2,2025-06-17,2025-10-15,35.723333333333336,Cybersecurity,Beginner,0.0,0.0,4.0,0.75,3.0,1.5,6.75,0,Focused / Low-Activity Learners
U01952,2,2,0.0,0.0,1.8699999999999999,2,2025-12-11,2025-12-20,32.504999999999995,Design,Beginner,1.0,0.5,1.0,2.0,3.0,1.0,7.0,0,Focused / Low-Activity Learners
U01953,15,15,1263.45,84.23,3.4553333333333334,11,2025-02-01,2025-11-23,31.720000000000002,Data Science,Intermediate,5.0,0.3333333333333333,9.833333333333334,1.5254237288135593,20.0,1.3636363636363635,36.525423728813564,1,Advanced / Deep Learners
U01954,1,1,0.0,0.0,3.32,1,2025-06-03,2025-06-03,48.57,Web Development,Beginner,0.0,0.0,1.0,1.0,1.0,1.0,3.0,0,Focused / Low-Activity Learners
U01955,1,1,0.0,0.0,4.14,1,2025-11-24,2025-11-24,31.77,Finance,Beginner,0.0,0.0,1.0,1.0,1.0,1.0,3.0,0,Focused / Low-Activity Learners
U01956,1,1,0.0,0.0,2.88,1,2025-03-15,2025-03-15,45.13,Programming,Beginner,0.0,0.0,1.0,1.0,1.0,1.0,3.0,0,Focused / Low-Activity Learners
U01957,1,1,0.0,0.0,4.79,1,2025-11-24,2025-11-24,29.37,Marketing,Advanced,1.0,1.0,1.0,1.0,2.0,1.0,4.0,0,Focused / Low-Activity Learners
U01958,12,12,1580.86,131.73833333333332,3.1658333333333335,8,2025-02-17,2025-10-23,22.59166666666667,Finance,Advanced,5.0,0.4166666666666667,8.266666666666667,1.4516129032258063,17.0,1.5,30.451612903225808,1,Advanced / Deep Learners
U01959,12,12,1347.93,112.3275,3.0725,8,2025-01-07,2025-12-03,19.169999999999998,Marketing,Advanced,7.0,0.5833333333333334,11.0,1.0909090909090908,19.0,1.5,32.09090909090909,1,Advanced / Deep Learners
U01960,1,1,326.02,326.02,2.69,1,2025-09-21,2025-09-21,11.31,Business,Intermediate,0.0,0.0,1.0,1.0,1.0,1.0,3.0,0,Focused / Low-Activity Learners
U01961,14,14,914.14,65.29571428571428,3.02,7,2025-02-15,2025-11-18,27.928571428571427,Project Management,Beginner,4.0,0.2857142857142857,9.2,1.5217391304347827,18.0,2.0,33.52173913043478,1,Advanced / Deep Learners
U01962,11,11,1558.3899999999999,141.67181818181817,3.3654545454545457,9,2025-01-09,2025-11-19,21.604545454545455,Project Management,Beginner,3.0,0.2727272727272727,10.466666666666667,1.0509554140127388,14.0,1.2222222222222223,26.05095541401274,1,Advanced / Deep Learners
U01963,1,1,327.99,327.99,1.51,1,2025-11-19,2025-11-19,12.13,Project Management,Beginner,0.0,0.0,1.0,1.0,1.0,1.0,3.0,0,Focused / Low-Activity Learners
U01964,4,4,276.37,69.0925,3.2125,4,2025-02-04,2025-07-01,25.020000000000003,Design,Advanced,2.0,0.5,4.9,0.8163265306122448,6.0,1.0,10.816326530612244,0,Focused / Low-Activity Learners
U01965,1,1,0.0,0.0,4.1,1,2025-11-05,2025-11-05,34.83,Finance,Intermediate,0.0,0.0,1.0,1.0,1.0,1.0,3.0,0,Focused / Low-Activity Learners
U01966,4,4,576.09,144.0225,1.88,4,2025-03-12,2025-07-22,18.9925,Project Management,Beginner,1.0,0.25,4.4,0.9090909090909091,5.0,1.0,9.90909090909091,0,Focused / Low-Activity Learners
U01967,1,1,0.0,0.0,1.91,1,2025-11-30,2025-11-30,26.52,Cybersecurity,Intermediate,0.0,0.0,1.0,1.0,1.0,1.0,3.0,0,Focused / Low-Activity Learners
U01968,2,2,415.51,207.755,3.7750000000000004,2,2025-06-21,2025-07-30,14.895,Artificial Intelligence,Beginner,0.0,0.0,1.3,1.5384615384615383,2.0,1.0,5.538461538461538,0,Focused / Low-Activity Learners
U01969,1,1,248.1,248.1,1.2,1,2025-04-04,2025-04-04,9.4,Artificial Intelligence,Beginner,0.0,0.0,1.0,1.0,1.0,1.0,3.0,0,Focused / Low-Activity Learners
U01970,2,2,0.0,0.0,3.465,2,2025-03-17,2025-09-29,19.16,Digital Marketing,Advanced,1.0,0.5,6.533333333333333,0.30612244897959184,3.0,1.0,5.3061224489795915,0,Focused / Low-Activity Learners
U01971,1,1,0.0,0.0,4.79,1,2025-02-01,2025-02-01,29.37,Marketing,Advanced,1.0,1.0,1.0,1.0,2.0,1.0,4.0,0,Focused / Low-Activity Learners
U01972,1,1,0.0,0.0,3.85,1,2025-11-24,2025-11-24,19.53,Programming,Beginner,0.0,0.0,1.0,1.0,1.0,1.0,3.0,0,Focused / Low-Activity Learners
U01973,1,1,0.0,0.0,2.43,1,2025-03-05,2025-03-05,37.7,Programming,Intermediate,0.0,0.0,1.0,1.0,1.0,1.0,3.0,0,Focused / Low-Activity Learners
U01974,2,2,490.9,245.45,4.5,2,2025-06-07,2025-09-02,11.42,Design,Advanced,1.0,0.5,2.9,0.6896551724137931,3.0,1.0,5.689655172413794,0,Focused / Low-Activity Learners
U01975,1,1,394.26,394.26,1.35,1,2025-12-03,2025-12-03,47.44,Cybersecurity,Intermediate,0.0,0.0,1.0,1.0,1.0,1.0,3.0,0,Focused / Low-Activity Learners
U01976,1,1,0.0,0.0,4.73,1,2025-04-15,2025-04-15,47.7,Machine Learning,Intermediate,0.0,0.0,1.0,1.0,1.0,1.0,3.0,0,Focused / Low-Activity Learners
U01977,2,2,89.59,44.795,2.3449999999999998,2,2025-02-25,2025-06-07,8.495,Marketing,Advanced,1.0,0.5,3.4,0.5882352941176471,3.0,1.0,5.588235294117647,0,Focused / Low-Activity Learners
U01978,1,1,89.59,89.59,2.68,1,2025-10-18,2025-10-18,1.55,Artificial Intelligence,Intermediate,0.0,0.0,1.0,1.0,1.0,1.0,3.0,0,Focused / Low-Activity Learners
U01979,12,12,1259.32,104.94333333333333,2.4908333333333332,8,2025-01-03,2025-12-24,29.5675,Business,Beginner,4.0,0.3333333333333333,11.833333333333334,1.0140845070422535,16.0,1.5,29.014084507042256,1,Advanced / Deep Learners
U01980,1,1,0.0,0.0,4.1,1,2025-12-12,2025-12-12,34.83,Finance,Intermediate,0.0,0.0,1.0,1.0,1.0,1.0,3.0,0,Focused / Low-Activity Learners
U01981,1,1,0.0,0.0,3.6,1,2025-01-09,2025-01-09,1.2,Data Science,Intermediate,0.0,0.0,1.0,1.0,1.0,1.0,3.0,0,Focused / Low-Activity Learners
U01982,1,1,276.37,276.37,2.72,1,2025-07-24,2025-07-24,48.84,Design,Advanced,1.0,1.0,1.0,1.0,2.0,1.0,4.0,0,Focused / Low-Activity Learners
U01983,1,1,53.86,53.86,2.47,1,2025-08-10,2025-08-10,47.08,Finance,Beginner,0.0,0.0,1.0,1.0,1.0,1.0,3.0,0,Focused / Low-Activity Learners
U01984,1,1,0.0,0.0,2.14,1,2025-05-03,2025-05-03,8.95,Digital Marketing,Beginner,0.0,0.0,1.0,1.0,1.0,1.0,3.0,0,Focused / Low-Activity Learners
U01985,1,1,0.0,0.0,3.32,1,2025-06-20,2025-06-20,48.57,Web Development,Beginner,0.0,0.0,1.0,1.0,1.0,1.0,3.0,0,Focused / Low-Activity Learners
U01986,1,1,346.71,346.71,1.23,1,2025-01-29,2025-01-29,3.42,Project Management,Advanced,1.0,1.0,1.0,1.0,2.0,1.0,4.0,0,Focused / Low-Activity Learners
U01987,13,13,1332.16,102.47384615384615,3.0484615384615386,10,2025-01-03,2025-12-25,32.097692307692306,Finance,Beginner,3.0,0.23076923076923078,11.866666666666667,1.095505617977528,16.0,1.3,30.09550561797753,1,Advanced / Deep Learners
U01988,1,1,490.9,490.9,4.55,1,2025-09-26,2025-09-26,7.55,Artificial Intelligence,Beginner,0.0,0.0,1.0,1.0,1.0,1.0,3.0,0,Focused / Low-Activity Learners
U01989,13,13,822.52,63.27076923076923,3.163846153846154,8,2025-01-04,2025-10-01,25.74307692307692,Finance,Advanced,5.0,0.38461538461538464,9.0,1.4444444444444444,18.0,1.625,32.44444444444444,1,Advanced / Deep Learners
U01990,2,2,0.0,0.0,3.07,2,2025-01-25,2025-03-25,23.805,Business,Advanced,1.0,0.5,1.9666666666666666,1.0169491525423728,3.0,1.0,6.016949152542373,0,Focused / Low-Activity Learners
U01991,3,3,363.90999999999997,121.30333333333333,1.8366666666666667,3,2025-04-08,2025-07-01,12.763333333333334,Design,Advanced,2.0,0.6666666666666666,2.8,1.0714285714285714,5.0,1.0,9.071428571428571,0,Focused / Low-Activity Learners
U01992,2,2,346.71,173.355,2.34,1,2025-07-01,2025-12-08,18.675,Project Management,Advanced,1.0,0.5,5.333333333333333,0.375,3.0,2.0,5.375,0,Focused / Low-Activity Learners
U01993,14,14,1263.01,90.215,2.9014285714285712,8,2025-01-01,2025-11-04,31.875,Finance,Intermediate,2.0,0.14285714285714285,10.233333333333333,1.3680781758957656,16.0,1.75,31.368078175895768,1,Advanced / Deep Learners
U01994,11,11,1198.07,108.91545454545454,3.241818181818182,8,2025-02-27,2025-12-21,31.89454545454545,Marketing,Beginner,4.0,0.36363636363636365,9.9,1.1111111111111112,15.000000000000002,1.375,27.111111111111114,1,Advanced / Deep Learners
U01995,1,1,0.0,0.0,1.81,1,2025-11-17,2025-11-17,9.3,Machine Learning,Advanced,1.0,1.0,1.0,1.0,2.0,1.0,4.0,0,Focused / Low-Activity Learners
U01996,1,1,394.26,394.26,1.35,1,2025-09-21,2025-09-21,47.44,Cybersecurity,Intermediate,0.0,0.0,1.0,1.0,1.0,1.0,3.0,0,Focused / Low-Activity Learners
U01997,1,1,346.71,346.71,1.23,1,2025-04-02,2025-04-02,3.42,Project Management,Advanced,1.0,1.0,1.0,1.0,2.0,1.0,4.0,0,Focused / Low-Activity Learners
U01998,15,15,1587.13,105.80866666666667,2.9013333333333335,10,2025-01-07,2025-12-30,27.662666666666667,Programming,Intermediate,4.0,0.26666666666666666,11.9,1.2605042016806722,19.0,1.5,35.260504201680675,1,Advanced / Deep Learners
U01999,2,2,906.41,453.205,3.83,1,2025-03-20,2025-07-10,17.939999999999998,Artificial Intelligence,Beginner,0.0,0.0,3.7333333333333334,0.5357142857142857,2.0,2.0,4.535714285714286,0,Focused / Low-Activity Learners
U02000,2,2,57.32,28.66,3.13,2,2025-03-27,2025-10-20,23.41,Design,Advanced,2.0,1.0,6.9,0.2898550724637681,4.0,1.0,6.289855072463768,0,Focused / Low-Activity Learners
U02001,1,1,0.0,0.0,1.81,1,2025-11-12,2025-11-12,9.3,Machine Learning,Advanced,1.0,1.0,1.0,1.0,2.0,1.0,4.0,0,Focused / Low-Activity Learners
U02002,1,1,0.0,0.0,4.73,1,2025-07-19,2025-07-19,47.7,Machine Learning,Intermediate,0.0,0.0,1.0,1.0,1.0,1.0,3.0,0,Focused / Low-Activity Learners
U02003,4,4,490.9,122.725,3.4,4,2025-05-03,2025-12-12,20.8375,Web Development,Advanced,3.0,0.75,7.433333333333334,0.5381165919282511,7.0,1.0,11.538116591928251,0,Focused / Low-Activity Learners
U02004,1,1,342.61,342.61,4.84,1,2025-05-15,2025-05-15,17.14,Project Management,Intermediate,0.0,0.0,1.0,1.0,1.0,1.0,3.0,0,Focused / Low-Activity Learners
U02005,1,1,0.0,0.0,4.14,1,2025-08-18,2025-08-18,31.77,Finance,Beginner,0.0,0.0,1.0,1.0,1.0,1.0,3.0,0,Focused / Low-Activity Learners
U02006,1,1,0.0,0.0,1.91,1,2025-09-04,2025-09-04,26.52,Cybersecurity,Intermediate,0.0,0.0,1.0,1.0,1.0,1.0,3.0,0,Focused / Low-Activity Learners
U02007,1,1,0.0,0.0,4.14,1,2025-01-21,2025-01-21,31.77,Finance,Beginner,0.0,0.0,1.0,1.0,1.0,1.0,3.0,0,Focused / Low-Activity Learners
U02008,1,1,0.0,0.0,4.11,1,2025-02-26,2025-02-26,46.25,Marketing,Intermediate,0.0,0.0,1.0,1.0,1.0,1.0,3.0,0,Focused / Low-Activity Learners
U02009,1,1,299.57,299.57,3.74,1,2025-04-30,2025-04-30,48.32,Data Science,Beginner,0.0,0.0,1.0,1.0,1.0,1.0,3.0,0,Focused / Low-Activity Learners
U02010,14,14,1880.52,134.32285714285715,3.4785714285714286,9,2025-01-14,2025-12-17,26.424285714285713,Digital Marketing,Beginner,4.0,0.2857142857142857,11.233333333333333,1.2462908011869438,18.0,1.5555555555555556,33.246290801186944,1,Advanced / Deep Learners
U02011,1,1,0.0,0.0,3.32,1,2025-10-29,2025-10-29,48.57,Web Development,Beginner,0.0,0.0,1.0,1.0,1.0,1.0,3.0,0,Focused / Low-Activity Learners
U02012,1,1,37.89,37.89,1.3,1,2025-08-10,2025-08-10,24.11,Web Development,Advanced,1.0,1.0,1.0,1.0,2.0,1.0,4.0,0,Focused / Low-Activity Learners
U02013,2,2,0.0,0.0,4.045,2,2025-01-30,2025-03-08,28.995,Artificial Intelligence,Advanced,1.0,0.5,1.2333333333333334,1.6216216216216215,3.0,1.0,6.621621621621621,0,Focused / Low-Activity Learners
U02014,3,3,54.64,18.213333333333335,3.766666666666667,3,2025-04-03,2025-11-04,44.876666666666665,Cybersecurity,Beginner,1.0,0.3333333333333333,7.166666666666667,0.41860465116279066,4.0,1.0,7.4186046511627906,0,Focused / Low-Activity Learners
U02015,14,14,1209.15,86.36785714285715,3.267142857142857,9,2025-02-13,2025-12-05,32.03142857142857,Project Management,Beginner,3.0,0.21428571428571427,9.833333333333334,1.423728813559322,17.0,1.5555555555555556,32.42372881355932,1,Advanced / Deep Learners
U02016,1,1,0.0,0.0,3.64,1,2025-12-20,2025-12-20,42.7,Artificial Intelligence,Beginner,0.0,0.0,1.0,1.0,1.0,1.0,3.0,0,Focused / Low-Activity Learners
U02017,2,2,53.86,26.93,3.16,2,2025-01-22,2025-05-24,33.305,Programming,Beginner,0.0,0.0,4.066666666666666,0.49180327868852464,2.0,1.0,4.491803278688525,0,Focused / Low-Activity Learners
U02018,1,1,0.0,0.0,1.28,1,2025-02-22,2025-02-22,28.68,Programming,Beginner,0.0,0.0,1.0,1.0,1.0,1.0,3.0,0,Focused / Low-Activity Learners
U02019,3,3,269.71,89.90333333333332,3.736666666666667,2,2025-03-11,2025-11-02,38.47,Web Development,Advanced,2.0,0.6666666666666666,7.866666666666666,0.38135593220338987,5.0,1.5,8.38135593220339,0,Focused / Low-Activity Learners
U02020,1,1,0.0,0.0,1.13,1,2025-01-15,2025-01-15,16.33,Machine Learning,Beginner,0.0,0.0,1.0,1.0,1.0,1.0,3.0,0,Focused / Low-Activity Learners
U02021,1,1,0.0,0.0,2.38,1,2025-06-29,2025-06-29,16.74,Cybersecurity,Advanced,1.0,1.0,1.0,1.0,2.0,1.0,4.0,0,Focused / Low-Activity Learners
U02022,11,11,958.29,87.11727272727272,2.5536363636363637,8,2025-01-17,2025-10-21,26.536363636363635,Programming,Beginner,3.0,0.2727272727272727,9.233333333333333,1.1913357400722022,14.0,1.375,26.1913357400722,1,Advanced / Deep Learners
U02023,2,2,0.0,0.0,3.165,2,2025-02-20,2025-07-08,39.53,Project Management,Beginner,0.0,0.0,4.6,0.4347826086956522,2.0,1.0,4.434782608695652,0,Focused / Low-Activity Learners
U02024,2,2,0.0,0.0,3.22,2,2025-08-04,2025-11-18,8.65,Digital Marketing,Advanced,1.0,0.5,3.533333333333333,0.5660377358490566,3.0,1.0,5.566037735849056,0,Focused / Low-Activity Learners
U02025,1,1,276.37,276.37,2.72,1,2025-05-07,2025-05-07,48.84,Design,Advanced,1.0,1.0,1.0,1.0,2.0,1.0,4.0,0,Focused / Low-Activity Learners
U02026,1,1,0.0,0.0,1.13,1,2025-04-15,2025-04-15,16.33,Machine Learning,Beginner,0.0,0.0,1.0,1.0,1.0,1.0,3.0,0,Focused / Low-Activity Learners
U02027,1,1,0.0,0.0,2.14,1,2025-12-20,2025-12-20,8.95,Digital Marketing,Beginner,0.0,0.0,1.0,1.0,1.0,1.0,3.0,0,Focused / Low-Activity Learners
U02028,2,2,0.0,0.0,2.6399999999999997,2,2025-01-19,2025-08-17,44.375,Design,Advanced,2.0,1.0,7.0,0.2857142857142857,4.0,1.0,6.285714285714286,0,Focused / Low-Activity Learners
U02029,1,1,342.61,342.61,4.84,1,2025-05-04,2025-05-04,17.14,Project Management,Intermediate,0.0,0.0,1.0,1.0,1.0,1.0,3.0,0,Focused / Low-Activity Learners
U02030,1,1,117.68,117.68,2.57,1,2025-02-04,2025-02-04,48.09,Data Science,Advanced,1.0,1.0,1.0,1.0,2.0,1.0,4.0,0,Focused / Low-Activity Learners
U02031,2,2,119.04,59.52,1.94,2,2025-06-21,2025-08-26,19.869999999999997,Machine Learning,Beginner,0.0,0.0,2.2,0.9090909090909091,2.0,1.0,4.909090909090909,0,Focused / Low-Activity Learners
U02032,2,2,0.0,0.0,3.06,2,2025-02-24,2025-06-22,37.0,Web Development,Advanced,1.0,0.5,3.933333333333333,0.5084745762711864,3.0,1.0,5.508474576271187,0,Focused / Low-Activity Learners
U02033,1,1,0.0,0.0,2.98,1,2025-11-07,2025-11-07,18.0,Marketing,Advanced,1.0,1.0,1.0,1.0,2.0,1.0,4.0,0,Focused / Low-Activity Learners
U02034,1,1,117.68,117.68,2.57,1,2025-06-05,2025-06-05,48.09,Data Science,Advanced,1.0,1.0,1.0,1.0,2.0,1.0,4.0,0,Focused / Low-Activity Learners
U02035,15,15,1531.93,102.12866666666667,2.872,9,2025-01-16,2025-12-25,26.363333333333333,Design,Advanced,7.0,0.4666666666666667,11.433333333333334,1.3119533527696792,22.0,1.6666666666666667,38.31195335276968,1,Advanced / Deep Learners
U02036,2,2,89.59,44.795,2.245,2,2025-04-09,2025-07-17,5.425000000000001,Machine Learning,Intermediate,1.0,0.5,3.3,0.6060606060606061,3.0,1.0,5.6060606060606055,0,Focused / Low-Activity Learners
U02037,2,2,327.99,163.995,2.8049999999999997,2,2025-05-27,2025-10-16,23.48,Project Management,Intermediate,0.0,0.0,4.733333333333333,0.4225352112676056,2.0,1.0,4.422535211267606,0,Focused / Low-Activity Learners
U02038,11,11,519.95,47.26818181818182,3.689090909090909,9,2025-02-18,2025-11-18,24.64,Project Management,Advanced,5.0,0.45454545454545453,9.1,1.208791208791209,16.0,1.2222222222222223,28.208791208791208,1,Advanced / Deep Learners
U02039,13,13,1893.39,145.64538461538461,3.3876923076923076,10,2025-01-07,2025-12-10,38.90076923076923,Business,Beginner,3.0,0.23076923076923078,11.233333333333333,1.1572700296735905,16.0,1.3,30.15727002967359,1,Advanced / Deep Learners
U02040,1,1,0.0,0.0,3.6,1,2025-09-13,2025-09-13,1.2,Data Science,Intermediate,0.0,0.0,1.0,1.0,1.0,1.0,3.0,0,Focused / Low-Activity Learners
U02041,3,3,37.89,12.63,2.54,3,2025-06-09,2025-10-20,27.2,Web Development,Advanced,2.0,0.6666666666666666,4.433333333333334,0.6766917293233082,5.0,1.0,8.67669172932331,0,Focused / Low-Activity Learners
U02042,1,1,0.0,0.0,3.45,1,2025-11-28,2025-11-28,33.93,Project Management,Intermediate,0.0,0.0,1.0,1.0,1.0,1.0,3.0,0,Focused / Low-Activity Learners
U02043,1,1,0.0,0.0,3.15,1,2025-04-18,2025-04-18,22.29,Business,Advanced,1.0,1.0,1.0,1.0,2.0,1.0,4.0,0,Focused / Low-Activity Learners
U02044,2,2,0.0,0.0,3.89,2,2025-04-17,2025-10-21,33.89,Programming,Intermediate,0.0,0.0,6.233333333333333,0.32085561497326204,2.0,1.0,4.3208556149732615,0,Focused / Low-Activity Learners
U02045,1,1,0.78,0.78,3.89,1,2025-03-06,2025-03-06,44.96,Machine Learning,Advanced,1.0,1.0,1.0,1.0,2.0,1.0,4.0,0,Focused / Low-Activity Learners
U02046,1,1,0.0,0.0,3.32,1,2025-10-25,2025-10-25,48.57,Web Development,Beginner,0.0,0.0,1.0,1.0,1.0,1.0,3.0,0,Focused / Low-Activity Learners
U02047,1,1,0.0,0.0,4.68,1,2025-05-10,2025-05-10,15.75,Project Management,Beginner,0.0,0.0,1.0,1.0,1.0,1.0,3.0,0,Focused / Low-Activity Learners
U02048,1,1,89.59,89.59,2.68,1,2025-09-21,2025-09-21,1.55,Artificial Intelligence,Intermediate,0.0,0.0,1.0,1.0,1.0,1.0,3.0,0,Focused / Low-Activity Learners
U02049,1,1,248.1,248.1,1.2,1,2025-08-17,2025-08-17,9.4,Artificial Intelligence,Beginner,0.0,0.0,1.0,1.0,1.0,1.0,3.0,0,Focused / Low-Activity Learners
U02050,3,3,0.0,0.0,2.6633333333333336,3,2025-01-26,2025-12-15,27.45,Web Development,Beginner,0.0,0.0,10.766666666666667,0.2786377708978328,3.0,1.0,6.2786377708978325,0,Focused / Low-Activity Learners
U02051,1,1,342.61,342.61,4.84,1,2025-04-24,2025-04-24,17.14,Project Management,Intermediate,0.0,0.0,1.0,1.0,1.0,1.0,3.0,0,Focused / Low-Activity Learners
U02052,2,2,772.97,386.485,2.8,1,2025-03-23,2025-09-29,35.394999999999996,Business,Beginner,1.0,0.5,6.333333333333333,0.31578947368421056,3.0,2.0,5.315789473684211,0,Focused / Low-Activity Learners
U02053,1,1,0.0,0.0,2.0,1,2025-03-12,2025-03-12,15.84,Business,Advanced,1.0,1.0,1.0,1.0,2.0,1.0,4.0,0,Focused / Low-Activity Learners
U02054,2,2,0.0,0.0,2.3150000000000004,2,2025-11-10,2025-11-18,39.230000000000004,Web Development,Intermediate,0.0,0.0,1.0,2.0,2.0,1.0,6.0,0,Focused / Low-Activity Learners
U02055,14,14,1958.82,139.91571428571427,3.125,9,2025-01-25,2025-12-16,24.750714285714285,Project Management,Beginner,6.0,0.42857142857142855,10.833333333333334,1.2923076923076922,20.0,1.5555555555555556,35.29230769230769,1,Advanced / Deep Learners
U02056,1,1,0.0,0.0,1.59,1,2025-04-24,2025-04-24,6.36,Finance,Advanced,1.0,1.0,1.0,1.0,2.0,1.0,4.0,0,Focused / Low-Activity Learners
U02057,2,2,0.0,0.0,2.775,2,2025-10-13,2025-11-04,34.61,Artificial Intelligence,Intermediate,0.0,0.0,1.0,2.0,2.0,1.0,6.0,0,Focused / Low-Activity Learners
U02058,13,13,1253.57,96.42846153846153,3.017692307692308,8,2025-02-13,2025-12-29,27.74923076923077,Cybersecurity,Beginner,3.0,0.23076923076923078,10.633333333333333,1.2225705329153607,16.0,1.625,30.222570532915363,1,Advanced / Deep Learners
U02059,1,1,0.0,0.0,2.98,1,2025-03-28,2025-03-28,18.0,Marketing,Advanced,1.0,1.0,1.0,1.0,2.0,1.0,4.0,0,Focused / Low-Activity Learners
U02060,3,3,0.0,0.0,3.2099999999999995,2,2025-03-01,2025-12-08,16.86,Data Science,Intermediate,1.0,0.3333333333333333,9.4,0.3191489361702127,4.0,1.5,7.319148936170213,0,Focused / Low-Activity Learners
U02061,1,1,117.68,117.68,2.57,1,2025-01-06,2025-01-06,48.09,Data Science,Advanced,1.0,1.0,1.0,1.0,2.0,1.0,4.0,0,Focused / Low-Activity Learners
U02062,1,1,0.0,0.0,2.38,1,2025-10-16,2025-10-16,16.74,Cybersecurity,Advanced,1.0,1.0,1.0,1.0,2.0,1.0,4.0,0,Focused / Low-Activity Learners
U02063,2,2,37.89,18.945,1.4100000000000001,2,2025-03-24,2025-03-28,13.49,Web Development,Advanced,2.0,1.0,1.0,2.0,4.0,1.0,8.0,0,Focused / Low-Activity Learners
U02064,15,15,2068.0,137.86666666666667,3.108,10,2025-01-01,2025-12-18,27.076666666666668,Artificial Intelligence,Beginner,5.0,0.3333333333333333,11.7,1.2820512820512822,20.0,1.5,36.282051282051285,1,Advanced / Deep Learners
U02065,2,2,0.0,0.0,2.195,2,2025-10-08,2025-12-11,16.09,Marketing,Advanced,2.0,1.0,2.1333333333333333,0.9375,4.0,1.0,6.9375,0,Focused / Low-Activity Learners
U02066,1,1,0.0,0.0,4.73,1,2025-05-07,2025-05-07,47.7,Machine Learning,Intermediate,0.0,0.0,1.0,1.0,1.0,1.0,3.0,0,Focused / Low-Activity Learners
U02067,1,1,0.0,0.0,3.6,1,2025-08-18,2025-08-18,1.2,Data Science,Intermediate,0.0,0.0,1.0,1.0,1.0,1.0,3.0,0,Focused / Low-Activity Learners
U02068,13,13,1233.26,94.86615384615385,3.433076923076923,7,2025-03-17,2025-11-25,26.99846153846154,Programming,Beginner,3.0,0.23076923076923078,8.433333333333334,1.541501976284585,16.0,1.8571428571428572,30.541501976284586,1,Advanced / Deep Learners
U02069,1,1,0.0,0.0,3.6,1,2025-12-13,2025-12-13,1.2,Data Science,Intermediate,0.0,0.0,1.0,1.0,1.0,1.0,3.0,0,Focused / Low-Activity Learners
U02070,1,1,342.61,342.61,4.84,1,2025-03-08,2025-03-08,17.14,Project Management,Intermediate,0.0,0.0,1.0,1.0,1.0,1.0,3.0,0,Focused / Low-Activity Learners
U02071,13,13,906.51,69.73153846153846,3.3,8,2025-01-28,2025-12-06,21.366923076923076,Artificial Intelligence,Intermediate,3.0,0.23076923076923078,10.4,1.25,16.0,1.625,30.25,1,Advanced / Deep Learners
U02072,1,1,0.0,0.0,2.01,1,2025-07-27,2025-07-27,15.44,Marketing,Advanced,1.0,1.0,1.0,1.0,2.0,1.0,4.0,0,Focused / Low-Activity Learners
U02073,2,2,37.89,18.945,2.45,2,2025-03-04,2025-12-24,12.655,Web Development,Intermediate,1.0,0.5,9.833333333333334,0.20338983050847456,3.0,1.0,5.203389830508474,0,Focused / Low-Activity Learners
U02074,14,14,1691.76,120.84,2.7935714285714286,9,2025-02-03,2025-12-18,29.639999999999997,Data Science,Beginner,5.0,0.35714285714285715,10.6,1.3207547169811322,19.0,1.5555555555555556,34.32075471698113,1,Advanced / Deep Learners
U02075,1,1,0.0,0.0,4.1,1,2025-12-26,2025-12-26,34.83,Finance,Intermediate,0.0,0.0,1.0,1.0,1.0,1.0,3.0,0,Focused / Low-Activity Learners
U02076,1,1,0.0,0.0,2.61,1,2025-04-04,2025-04-04,48.68,Design,Advanced,1.0,1.0,1.0,1.0,2.0,1.0,4.0,0,Focused / Low-Activity Learners
U02077,14,14,856.78,61.19857142857143,3.0635714285714286,10,2025-01-02,2025-12-27,18.48,Web Development,Beginner,5.0,0.35714285714285715,11.966666666666667,1.16991643454039,19.0,1.4,34.16991643454039,1,Advanced / Deep Learners
U02078,2,2,342.37,171.185,3.35,2,2025-05-30,2025-11-05,39.365,Web Development,Beginner,1.0,0.5,5.3,0.37735849056603776,3.0,1.0,5.377358490566038,0,Focused / Low-Activity Learners
U02079,1,1,0.0,0.0,1.91,1,2025-01-02,2025-01-02,26.52,Cybersecurity,Intermediate,0.0,0.0,1.0,1.0,1.0,1.0,3.0,0,Focused / Low-Activity Learners
U02080,2,2,833.51,416.755,4.695,2,2025-06-06,2025-12-29,12.345,Project Management,Intermediate,0.0,0.0,6.866666666666666,0.29126213592233013,2.0,1.0,4.29126213592233,0,Focused / Low-Activity Learners
U02081,2,2,119.04,59.52,2.135,2,2025-03-07,2025-06-05,13.14,Finance,Intermediate,1.0,0.5,3.0,0.6666666666666666,3.0,1.0,5.666666666666666,0,Focused / Low-Activity Learners
U02082,1,1,0.0,0.0,2.2,1,2025-06-16,2025-06-16,40.76,Web Development,Beginner,0.0,0.0,1.0,1.0,1.0,1.0,3.0,0,Focused / Low-Activity Learners
U02083,2,2,487.92,243.96,2.92,2,2025-04-29,2025-06-07,38.385,Business,Beginner,1.0,0.5,1.3,1.5384615384615383,3.0,1.0,6.538461538461538,0,Focused / Low-Activity Learners
U02084,3,3,0.78,0.26,3.476666666666667,3,2025-01-27,2025-07-24,42.97,Machine Learning,Intermediate,1.0,0.3333333333333333,5.933333333333334,0.5056179775280899,4.0,1.0,7.50561797752809,0,Focused / Low-Activity Learners
U02085,1,1,0.0,0.0,1.52,1,2025-10-02,2025-10-02,2.87,Design,Advanced,1.0,1.0,1.0,1.0,2.0,1.0,4.0,0,Focused / Low-Activity Learners
U02086,2,2,342.61,171.305,4.22,2,2025-06-28,2025-12-02,9.17,Data Science,Intermediate,0.0,0.0,5.233333333333333,0.38216560509554137,2.0,1.0,4.382165605095541,0,Focused / Low-Activity Learners
U02087,1,1,0.0,0.0,4.68,1,2025-08-07,2025-08-07,15.75,Project Management,Beginner,0.0,0.0,1.0,1.0,1.0,1.0,3.0,0,Focused / Low-Activity Learners
U02088,1,1,0.0,0.0,4.11,1,2025-03-23,2025-03-23,46.25,Marketing,Intermediate,0.0,0.0,1.0,1.0,1.0,1.0,3.0,0,Focused / Low-Activity Learners
U02089,1,1,0.0,0.0,3.64,1,2025-02-02,2025-02-02,42.7,Artificial Intelligence,Beginner,0.0,0.0,1.0,1.0,1.0,1.0,3.0,0,Focused / Low-Activity Learners
U02090,1,1,0.0,0.0,3.65,1,2025-09-09,2025-09-09,32.64,Data Science,Beginner,0.0,0.0,1.0,1.0,1.0,1.0,3.0,0,Focused / Low-Activity Learners
U02091,3,3,37.89,12.63,1.4466666666666665,3,2025-02-16,2025-12-21,22.319999999999997,Web Development,Beginner,1.0,0.3333333333333333,10.266666666666667,0.2922077922077922,4.0,1.0,7.292207792207792,0,Focused / Low-Activity Learners
U02092,1,1,89.59,89.59,2.68,1,2025-02-19,2025-02-19,1.55,Artificial Intelligence,Intermediate,0.0,0.0,1.0,1.0,1.0,1.0,3.0,0,Focused / Low-Activity Learners
U02093,2,2,248.1,124.05,2.8200000000000003,2,2025-01-22,2025-05-20,5.43,Digital Marketing,Beginner,0.0,0.0,3.933333333333333,0.5084745762711864,2.0,1.0,4.508474576271187,0,Focused / Low-Activity Learners
U02094,11,11,394.26,35.841818181818184,3.0090909090909093,9,2025-01-22,2025-12-21,24.985454545454544,Finance,Beginner,1.0,0.09090909090909091,11.1,0.990990990990991,12.0,1.2222222222222223,23.99099099099099,1,Advanced / Deep Learners
U02095,1,1,119.04,119.04,2.75,1,2025-11-26,2025-11-26,23.41,Finance,Intermediate,0.0,0.0,1.0,1.0,1.0,1.0,3.0,0,Focused / Low-Activity Learners
U02096,13,13,815.44,62.72615384615385,3.646153846153846,9,2025-03-07,2025-12-22,27.314615384615387,Machine Learning,Intermediate,5.0,0.38461538461538464,9.666666666666666,1.3448275862068966,18.0,1.4444444444444444,32.3448275862069,1,Advanced / Deep Learners
U02097,2,2,327.99,163.995,3.01,2,2025-10-09,2025-11-28,30.16,Project Management,Beginner,0.0,0.0,1.6666666666666667,1.2,2.0,1.0,5.2,0,Focused / Low-Activity Learners
U02098,13,13,1137.72,87.51692307692308,2.5907692307692307,8,2025-01-23,2025-12-29,23.87923076923077,Business,Advanced,6.0,0.46153846153846156,11.333333333333334,1.1470588235294117,19.0,1.625,33.14705882352941,1,Advanced / Deep Learners
U02099,1,1,394.26,394.26,1.35,1,2025-03-27,2025-03-27,47.44,Cybersecurity,Intermediate,0.0,0.0,1.0,1.0,1.0,1.0,3.0,0,Focused / Low-Activity Learners
U02100,1,1,248.1,248.1,1.2,1,2025-02-21,2025-02-21,9.4,Artificial Intelligence,Beginner,0.0,0.0,1.0,1.0,1.0,1.0,3.0,0,Focused / Low-Activity Learners
U02101,1,1,37.89,37.89,1.3,1,2025-03-29,2025-03-29,24.11,Web Development,Advanced,1.0,1.0,1.0,1.0,2.0,1.0,4.0,0,Focused / Low-Activity Learners
U02102,3,3,0.0,0.0,3.546666666666667,3,2025-06-08,2025-11-07,43.919999999999995,Finance,Intermediate,1.0,0.3333333333333333,5.066666666666666,0.5921052631578948,4.0,1.0,7.592105263157895,0,Focused / Low-Activity Learners
U02103,3,3,472.28,157.42666666666665,4.076666666666667,2,2025-01-17,2025-08-06,24.41,Programming,Beginner,0.0,0.0,6.7,0.44776119402985076,3.0,1.5,6.447761194029851,0,Focused / Low-Activity Learners
U02104,1,1,0.0,0.0,3.6,1,2025-08-11,2025-08-11,1.2,Data Science,Intermediate,0.0,0.0,1.0,1.0,1.0,1.0,3.0,0,Focused / Low-Activity Learners
U02105,1,1,394.26,394.26,1.35,1,2025-05-23,2025-05-23,47.44,Cybersecurity,Intermediate,0.0,0.0,1.0,1.0,1.0,1.0,3.0,0,Focused / Low-Activity Learners
U02106,1,1,0.0,0.0,2.38,1,2025-12-12,2025-12-12,16.74,Cybersecurity,Advanced,1.0,1.0,1.0,1.0,2.0,1.0,4.0,0,Focused / Low-Activity Learners
U02107,2,2,0.0,0.0,2.615,2,2025-11-16,2025-12-04,24.53,Finance,Advanced,1.0,0.5,1.0,2.0,3.0,1.0,7.0,0,Focused / Low-Activity Learners
U02108,1,1,0.0,0.0,1.13,1,2025-01-07,2025-01-07,16.33,Machine Learning,Beginner,0.0,0.0,1.0,1.0,1.0,1.0,3.0,0,Focused / Low-Activity Learners
U02109,1,1,0.0,0.0,2.67,1,2025-07-08,2025-07-08,40.07,Web Development,Advanced,1.0,1.0,1.0,1.0,2.0,1.0,4.0,0,Focused / Low-Activity Learners
U02110,1,1,276.37,276.37,2.72,1,2025-11-26,2025-11-26,48.84,Design,Advanced,1.0,1.0,1.0,1.0,2.0,1.0,4.0,0,Focused / Low-Activity Learners
U02111,1,1,0.0,0.0,3.93,1,2025-05-13,2025-05-13,48.25,Cybersecurity,Intermediate,0.0,0.0,1.0,1.0,1.0,1.0,3.0,0,Focused / Low-Activity Learners
U02112,2,2,0.0,0.0,4.165,2,2025-06-23,2025-07-03,24.195,Project Management,Beginner,0.0,0.0,1.0,2.0,2.0,1.0,6.0,0,Focused / Low-Activity Learners
U02113,2,2,327.99,163.995,2.48,1,2025-05-15,2025-07-26,23.03,Project Management,Beginner,0.0,0.0,2.4,0.8333333333333334,2.0,2.0,4.833333333333334,0,Focused / Low-Activity Learners
U02114,1,1,0.0,0.0,2.14,1,2025-02-09,2025-02-09,8.95,Digital Marketing,Beginner,0.0,0.0,1.0,1.0,1.0,1.0,3.0,0,Focused / Low-Activity Learners
U02115,1,1,0.0,0.0,1.13,1,2025-04-08,2025-04-08,16.33,Machine Learning,Beginner,0.0,0.0,1.0,1.0,1.0,1.0,3.0,0,Focused / Low-Activity Learners
U02116,1,1,342.61,342.61,4.84,1,2025-04-29,2025-04-29,17.14,Project Management,Intermediate,0.0,0.0,1.0,1.0,1.0,1.0,3.0,0,Focused / Low-Activity Learners
U02117,1,1,0.0,0.0,2.88,1,2025-03-08,2025-03-08,45.13,Programming,Beginner,0.0,0.0,1.0,1.0,1.0,1.0,3.0,0,Focused / Low-Activity Learners
U02118,1,1,0.0,0.0,3.85,1,2025-01-13,2025-01-13,19.53,Programming,Beginner,0.0,0.0,1.0,1.0,1.0,1.0,3.0,0,Focused / Low-Activity Learners
U02119,1,1,0.0,0.0,1.91,1,2025-03-01,2025-03-01,26.52,Cybersecurity,Intermediate,0.0,0.0,1.0,1.0,1.0,1.0,3.0,0,Focused / Low-Activity Learners
U02120,2,2,89.59,44.795,2.295,2,2025-01-21,2025-02-04,14.035,Cybersecurity,Intermediate,0.0,0.0,1.0,2.0,2.0,1.0,6.0,0,Focused / Low-Activity Learners
U02121,1,1,415.51,415.51,3.11,1,2025-10-09,2025-10-09,28.33,Artificial Intelligence,Intermediate,0.0,0.0,1.0,1.0,1.0,1.0,3.0,0,Focused / Low-Activity Learners
U02122,2,2,0.0,0.0,4.5649999999999995,2,2025-11-04,2025-12-29,15.52,Project Management,Advanced,1.0,0.5,1.8333333333333333,1.090909090909091,3.0,1.0,6.090909090909091,0,Focused / Low-Activity Learners
U02123,2,2,415.51,207.755,3.6049999999999995,2,2025-09-18,2025-11-05,31.58,Finance,Intermediate,0.0,0.0,1.6,1.25,2.0,1.0,5.25,0,Focused / Low-Activity Learners
U02124,1,1,0.0,0.0,3.32,1,2025-09-10,2025-09-10,48.57,Web Development,Beginner,0.0,0.0,1.0,1.0,1.0,1.0,3.0,0,Focused / Low-Activity Learners
U02125,13,13,1813.93,139.53307692307692,3.108461538461538,10,2025-01-03,2025-12-26,28.45230769230769,Data Science,Advanced,6.0,0.46153846153846156,11.9,1.0924369747899159,19.0,1.3,33.09243697478992,1,Advanced / Deep Learners
U02126,1,1,0.0,0.0,1.73,1,2025-08-16,2025-08-16,38.49,Machine Learning,Intermediate,0.0,0.0,1.0,1.0,1.0,1.0,3.0,0,Focused / Low-Activity Learners
U02127,2,2,0.0,0.0,3.0650000000000004,2,2025-09-25,2025-12-15,44.504999999999995,Cybersecurity,Intermediate,0.0,0.0,2.7,0.7407407407407407,2.0,1.0,4.7407407407407405,0,Focused / Low-Activity Learners
U02128,1,1,0.0,0.0,1.52,1,2025-11-18,2025-11-18,2.87,Design,Advanced,1.0,1.0,1.0,1.0,2.0,1.0,4.0,0,Focused / Low-Activity Learners
U02129,2,2,0.0,0.0,3.66,2,2025-06-09,2025-09-26,23.295,Programming,Beginner,0.0,0.0,3.6333333333333333,0.5504587155963303,2.0,1.0,4.5504587155963305,0,Focused / Low-Activity Learners
U02130,1,1,212.39,212.39,3.15,1,2025-03-03,2025-03-03,22.89,Digital Marketing,Advanced,1.0,1.0,1.0,1.0,2.0,1.0,4.0,0,Focused / Low-Activity Learners
U02131,1,1,0.0,0.0,2.14,1,2025-02-04,2025-02-04,8.95,Digital Marketing,Beginner,0.0,0.0,1.0,1.0,1.0,1.0,3.0,0,Focused / Low-Activity Learners
U02132,2,2,0.0,0.0,3.585,2,2025-01-01,2025-05-19,34.05,Web Development,Beginner,0.0,0.0,4.6,0.4347826086956522,2.0,1.0,4.434782608695652,0,Focused / Low-Activity Learners
U02133,2,2,0.78,0.39,4.17,2,2025-07-14,2025-08-03,30.125,Machine Learning,Advanced,2.0,1.0,1.0,2.0,4.0,1.0,8.0,0,Focused / Low-Activity Learners
U02134,1,1,0.0,0.0,4.14,1,2025-02-23,2025-02-23,31.77,Finance,Beginner,0.0,0.0,1.0,1.0,1.0,1.0,3.0,0,Focused / Low-Activity Learners
U02135,1,1,0.0,0.0,4.14,1,2025-07-22,2025-07-22,31.77,Finance,Beginner,0.0,0.0,1.0,1.0,1.0,1.0,3.0,0,Focused / Low-Activity Learners
U02136,1,1,0.0,0.0,3.15,1,2025-03-26,2025-03-26,22.29,Business,Advanced,1.0,1.0,1.0,1.0,2.0,1.0,4.0,0,Focused / Low-Activity Learners
U02137,1,1,285.05,285.05,1.96,1,2025-10-02,2025-10-02,34.78,Business,Beginner,0.0,0.0,1.0,1.0,1.0,1.0,3.0,0,Focused / Low-Activity Learners
U02138,2,2,490.9,245.45,3.1799999999999997,2,2025-01-09,2025-02-07,8.425,Machine Learning,Beginner,1.0,0.5,1.0,2.0,3.0,1.0,7.0,0,Focused / Low-Activity Learners
U02139,1,1,0.78,0.78,3.89,1,2025-01-10,2025-01-10,44.96,Machine Learning,Advanced,1.0,1.0,1.0,1.0,2.0,1.0,4.0,0,Focused / Low-Activity Learners
U02140,1,1,326.02,326.02,2.69,1,2025-11-16,2025-11-16,11.31,Business,Intermediate,0.0,0.0,1.0,1.0,1.0,1.0,3.0,0,Focused / Low-Activity Learners
U02141,2,2,276.37,138.185,3.41,2,2025-07-20,2025-12-28,41.835,Finance,Intermediate,1.0,0.5,5.366666666666666,0.3726708074534162,3.0,1.0,5.372670807453416,0,Focused / Low-Activity Learners
U02142,4,4,212.39,53.0975,3.1525,4,2025-05-11,2025-07-14,23.115,Marketing,Advanced,3.0,0.75,2.1333333333333333,1.875,7.0,1.0,12.875,0,Focused / Low-Activity Learners
U02143,3,3,155.57,51.85666666666666,1.9266666666666665,3,2025-05-05,2025-12-16,32.906666666666666,Cybersecurity,Advanced,2.0,0.6666666666666666,7.5,0.4,5.0,1.0,8.4,0,Focused / Low-Activity Learners
U02144,14,14,1768.1100000000001,126.29357142857144,3.064285714285714,9,2025-01-18,2025-11-02,28.215714285714284,Artificial Intelligence,Intermediate,3.0,0.21428571428571427,9.6,1.4583333333333335,17.0,1.5555555555555556,32.458333333333336,1,Advanced / Deep Learners
U02145,1,1,0.0,0.0,2.67,1,2025-04-26,2025-04-26,40.07,Web Development,Advanced,1.0,1.0,1.0,1.0,2.0,1.0,4.0,0,Focused / Low-Activity Learners
U02146,1,1,0.0,0.0,2.01,1,2025-12-13,2025-12-13,15.44,Marketing,Advanced,1.0,1.0,1.0,1.0,2.0,1.0,4.0,0,Focused / Low-Activity Learners
U02147,15,15,1788.0,119.2,3.0973333333333333,11,2025-01-25,2025-12-04,31.408666666666665,Web Development,Intermediate,5.0,0.3333333333333333,10.433333333333334,1.4376996805111821,20.0,1.3636363636363635,36.43769968051119,1,Advanced / Deep Learners
U02148,1,1,346.71,346.71,1.23,1,2025-06-15,2025-06-15,3.42,Project Management,Advanced,1.0,1.0,1.0,1.0,2.0,1.0,4.0,0,Focused / Low-Activity Learners
U02149,15,15,1208.6599999999999,80.57733333333333,3.4459999999999997,8,2025-01-29,2025-11-21,33.766666666666666,Cybersecurity,Advanced,6.0,0.4,9.866666666666667,1.5202702702702702,21.0,1.875,37.520270270270274,1,Advanced / Deep Learners
U02150,1,1,0.0,0.0,1.91,1,2025-07-25,2025-07-25,26.52,Cybersecurity,Intermediate,0.0,0.0,1.0,1.0,1.0,1.0,3.0,0,Focused / Low-Activity Learners
U02151,13,13,2232.52,171.7323076923077,3.48,8,2025-01-25,2025-12-11,30.29,Artificial Intelligence,Beginner,2.0,0.15384615384615385,10.666666666666666,1.21875,14.999999999999998,1.625,29.21875,1,Advanced / Deep Learners
U02152,13,13,2323.13,178.7023076923077,3.1138461538461537,9,2025-01-24,2025-12-21,29.666923076923077,Project Management,Beginner,3.0,0.23076923076923078,11.033333333333333,1.1782477341389728,16.0,1.4444444444444444,30.17824773413897,1,Advanced / Deep Learners
U02153,13,13,1672.28,128.63692307692307,2.9407692307692304,9,2025-01-06,2025-12-01,24.911538461538463,Data Science,Beginner,3.0,0.23076923076923078,10.966666666666667,1.1854103343465046,16.0,1.4444444444444444,30.185410334346507,1,Advanced / Deep Learners
U02154,3,3,837.6099999999999,279.2033333333333,3.503333333333334,3,2025-05-06,2025-12-13,19.55666666666667,Project Management,Intermediate,1.0,0.3333333333333333,7.366666666666666,0.4072398190045249,4.0,1.0,7.407239819004525,0,Focused / Low-Activity Learners
U02155,14,14,623.14,44.51,2.9678571428571425,10,2025-02-03,2025-11-14,27.575,Data Science,Beginner,5.0,0.35714285714285715,9.466666666666667,1.4788732394366197,19.0,1.4,34.47887323943662,1,Advanced / Deep Learners
U02156,1,1,0.0,0.0,3.6,1,2025-01-03,2025-01-03,1.2,Data Science,Intermediate,0.0,0.0,1.0,1.0,1.0,1.0,3.0,0,Focused / Low-Activity Learners
U02157,3,3,0.0,0.0,4.386666666666667,3,2025-05-06,2025-11-03,39.92333333333334,Marketing,Advanced,1.0,0.3333333333333333,6.033333333333333,0.4972375690607735,4.0,1.0,7.497237569060774,0,Focused / Low-Activity Learners
U02158,4,4,748.65,187.1625,3.1725000000000003,4,2025-04-16,2025-12-09,27.75,Programming,Beginner,1.0,0.25,7.9,0.5063291139240506,5.0,1.0,9.50632911392405,0,Focused / Low-Activity Learners
U02159,2,2,327.99,163.995,3.085,2,2025-04-13,2025-11-02,9.040000000000001,Project Management,Beginner,0.0,0.0,6.766666666666667,0.2955665024630542,2.0,1.0,4.295566502463054,0,Focused / Low-Activity Learners
U02160,1,1,0.0,0.0,2.01,1,2025-09-23,2025-09-23,15.44,Marketing,Advanced,1.0,1.0,1.0,1.0,2.0,1.0,4.0,0,Focused / Low-Activity Learners
U02161,14,14,822.39,58.74214285714286,3.3264285714285715,7,2025-03-11,2025-12-05,30.082857142857144,Design,Advanced,8.0,0.5714285714285714,8.966666666666667,1.5613382899628252,22.0,2.0,37.561338289962826,1,Advanced / Deep Learners
U02162,1,1,0.0,0.0,2.14,1,2025-07-18,2025-07-18,8.95,Digital Marketing,Beginner,0.0,0.0,1.0,1.0,1.0,1.0,3.0,0,Focused / Low-Activity Learners
U02163,1,1,0.0,0.0,2.2,1,2025-07-18,2025-07-18,40.76,Web Development,Beginner,0.0,0.0,1.0,1.0,1.0,1.0,3.0,0,Focused / Low-Activity Learners
U02164,1,1,0.0,0.0,3.85,1,2025-12-02,2025-12-02,19.53,Programming,Beginner,0.0,0.0,1.0,1.0,1.0,1.0,3.0,0,Focused / Low-Activity Learners
U02165,1,1,0.0,0.0,2.67,1,2025-07-08,2025-07-08,40.07,Web Development,Advanced,1.0,1.0,1.0,1.0,2.0,1.0,4.0,0,Focused / Low-Activity Learners
U02166,1,1,0.0,0.0,1.13,1,2025-09-02,2025-09-02,16.33,Machine Learning,Beginner,0.0,0.0,1.0,1.0,1.0,1.0,3.0,0,Focused / Low-Activity Learners
U02167,3,3,342.61,114.20333333333333,3.1966666666666668,3,2025-09-04,2025-12-15,21.78,Data Science,Intermediate,0.0,0.0,3.4,0.8823529411764706,3.0,1.0,6.882352941176471,0,Focused / Low-Activity Learners
U02168,1,1,0.0,0.0,4.14,1,2025-09-12,2025-09-12,31.77,Finance,Beginner,0.0,0.0,1.0,1.0,1.0,1.0,3.0,0,Focused / Low-Activity Learners
U02169,1,1,0.0,0.0,1.91,1,2025-09-04,2025-09-04,26.52,Cybersecurity,Intermediate,0.0,0.0,1.0,1.0,1.0,1.0,3.0,0,Focused / Low-Activity Learners
U02170,1,1,472.28,472.28,4.74,1,2025-04-05,2025-04-05,11.0,Programming,Beginner,0.0,0.0,1.0,1.0,1.0,1.0,3.0,0,Focused / Low-Activity Learners
U02171,2,2,57.32,28.66,4.195,2,2025-05-12,2025-10-12,38.295,Web Development,Advanced,1.0,0.5,5.1,0.3921568627450981,3.0,1.0,5.392156862745098,0,Focused / Low-Activity Learners
U02172,1,1,0.0,0.0,2.98,1,2025-10-27,2025-10-27,18.0,Marketing,Advanced,1.0,1.0,1.0,1.0,2.0,1.0,4.0,0,Focused / Low-Activity Learners
U02173,1,1,326.02,326.02,2.69,1,2025-03-14,2025-03-14,11.31,Business,Intermediate,0.0,0.0,1.0,1.0,1.0,1.0,3.0,0,Focused / Low-Activity Learners
U02174,14,14,1787.88,127.7057142857143,3.0914285714285716,8,2025-02-23,2025-12-28,26.927142857142858,Programming,Intermediate,3.0,0.21428571428571427,10.266666666666667,1.3636363636363635,17.0,1.75,32.36363636363636,1,Advanced / Deep Learners
U02175,2,2,0.0,0.0,2.9749999999999996,2,2025-05-22,2025-12-05,20.535,Machine Learning,Advanced,1.0,0.5,6.566666666666666,0.30456852791878175,3.0,1.0,5.304568527918782,0,Focused / Low-Activity Learners
U02176,1,1,117.68,117.68,2.57,1,2025-11-02,2025-11-02,48.09,Data Science,Advanced,1.0,1.0,1.0,1.0,2.0,1.0,4.0,0,Focused / Low-Activity Learners
U02177,1,1,472.28,472.28,4.74,1,2025-03-10,2025-03-10,11.0,Programming,Beginner,0.0,0.0,1.0,1.0,1.0,1.0,3.0,0,Focused / Low-Activity Learners
U02178,1,1,0.0,0.0,3.93,1,2025-07-25,2025-07-25,48.25,Cybersecurity,Intermediate,0.0,0.0,1.0,1.0,1.0,1.0,3.0,0,Focused / Low-Activity Learners
U02179,2,2,0.0,0.0,2.705,2,2025-03-20,2025-04-25,27.85,Programming,Advanced,1.0,0.5,1.2,1.6666666666666667,3.0,1.0,6.666666666666667,0,Focused / Low-Activity Learners
U02180,4,4,0.0,0.0,2.27,4,2025-07-01,2025-08-23,29.0025,Business,Advanced,3.0,0.75,1.7666666666666666,2.2641509433962264,7.0,1.0,13.264150943396226,0,Focused / Low-Activity Learners
U02181,2,2,342.61,171.305,3.49,2,2025-10-13,2025-12-08,13.045,Project Management,Intermediate,0.0,0.0,1.8666666666666667,1.0714285714285714,2.0,1.0,5.071428571428571,0,Focused / Low-Activity Learners
U02182,2,2,0.0,0.0,2.8,2,2025-05-17,2025-07-15,8.52,Data Science,Advanced,1.0,0.5,1.9666666666666666,1.0169491525423728,3.0,1.0,6.016949152542373,0,Focused / Low-Activity Learners
U02183,1,1,117.68,117.68,2.57,1,2025-12-21,2025-12-21,48.09,Data Science,Advanced,1.0,1.0,1.0,1.0,2.0,1.0,4.0,0,Focused / Low-Activity Learners
U02184,2,2,177.34,88.67,3.77,2,2025-01-25,2025-05-24,41.185,Digital Marketing,Advanced,1.0,0.5,3.966666666666667,0.5042016806722689,3.0,1.0,5.504201680672269,0,Focused / Low-Activity Learners
U02185,2,2,0.0,0.0,4.585,2,2025-02-21,2025-10-25,27.07,Digital Marketing,Beginner,0.0,0.0,8.2,0.24390243902439027,2.0,1.0,4.2439024390243905,0,Focused / Low-Activity Learners
U02186,4,4,363.90999999999997,90.97749999999999,2.665,4,2025-05-04,2025-11-14,29.125,Machine Learning,Intermediate,1.0,0.25,6.466666666666667,0.6185567010309279,5.0,1.0,9.618556701030927,0,Focused / Low-Activity Learners
U02187,2,2,57.32,28.66,4.735,2,2025-08-09,2025-09-04,45.825,Machine Learning,Advanced,1.0,0.5,1.0,2.0,3.0,1.0,7.0,0,Focused / Low-Activity Learners
U02188,1,1,0.0,0.0,1.28,1,2025-01-09,2025-01-09,28.68,Programming,Beginner,0.0,0.0,1.0,1.0,1.0,1.0,3.0,0,Focused / Low-Activity Learners
U02189,1,1,0.0,0.0,4.94,1,2025-07-24,2025-07-24,42.59,Cybersecurity,Beginner,0.0,0.0,1.0,1.0,1.0,1.0,3.0,0,Focused / Low-Activity Learners
U02190,4,4,453.4,113.35,2.835,3,2025-07-24,2025-12-18,35.225,Web Development,Intermediate,1.0,0.25,4.9,0.8163265306122448,5.0,1.3333333333333333,9.816326530612244,0,Focused / Low-Activity Learners
U02191,4,4,37.89,9.4725,2.3275,2,2025-01-01,2025-11-17,29.3625,Programming,Beginner,1.0,0.25,10.666666666666666,0.375,5.0,2.0,9.375,0,Focused / Low-Activity Learners
U02192,2,2,0.0,0.0,3.37,2,2025-06-23,2025-06-25,31.57,Marketing,Advanced,1.0,0.5,1.0,2.0,3.0,1.0,7.0,0,Focused / Low-Activity Learners
U02193,2,2,0.0,0.0,4.69,2,2025-05-26,2025-11-27,22.025000000000002,Digital Marketing,Beginner,0.0,0.0,6.166666666666667,0.3243243243243243,2.0,1.0,4.324324324324325,0,Focused / Low-Activity Learners
U02194,2,2,790.47,395.235,4.145,2,2025-03-28,2025-11-27,27.935,Data Science,Beginner,0.0,0.0,8.133333333333333,0.24590163934426232,2.0,1.0,4.245901639344263,0,Focused / Low-Activity Learners
U02195,1,1,0.0,0.0,2.0,1,2025-05-12,2025-05-12,15.84,Business,Advanced,1.0,1.0,1.0,1.0,2.0,1.0,4.0,0,Focused / Low-Activity Learners
U02196,1,1,248.1,248.1,1.2,1,2025-10-26,2025-10-26,9.4,Artificial Intelligence,Beginner,0.0,0.0,1.0,1.0,1.0,1.0,3.0,0,Focused / Low-Activity Learners
U02197,2,2,0.0,0.0,4.76,2,2025-06-16,2025-09-24,38.535000000000004,Marketing,Advanced,1.0,0.5,3.3333333333333335,0.6,3.0,1.0,5.6,0,Focused / Low-Activity Learners
U02198,2,2,0.0,0.0,1.77,1,2025-02-13,2025-12-29,23.895000000000003,Machine Learning,Advanced,1.0,0.5,10.633333333333333,0.18808777429467086,3.0,2.0,5.1880877742946705,0,Focused / Low-Activity Learners
U02199,12,12,841.2900000000001,70.1075,2.9525,6,2025-02-15,2025-11-27,30.0675,Web Development,Advanced,4.0,0.3333333333333333,9.5,1.263157894736842,16.0,2.0,29.263157894736842,1,Advanced / Deep Learners
U02200,2,2,618.98,309.49,3.7800000000000002,2,2025-06-21,2025-11-05,32.99,Project Management,Advanced,1.0,0.5,4.566666666666666,0.43795620437956206,3.0,1.0,5.437956204379562,0,Focused / Low-Activity Learners
U02201,1,1,326.02,326.02,2.69,1,2025-06-06,2025-06-06,11.31,Business,Intermediate,0.0,0.0,1.0,1.0,1.0,1.0,3.0,0,Focused / Low-Activity Learners
U02202,1,1,0.0,0.0,4.73,1,2025-07-09,2025-07-09,47.7,Machine Learning,Intermediate,0.0,0.0,1.0,1.0,1.0,1.0,3.0,0,Focused / Low-Activity Learners
U02203,1,1,0.0,0.0,4.94,1,2025-12-25,2025-12-25,42.59,Cybersecurity,Beginner,0.0,0.0,1.0,1.0,1.0,1.0,3.0,0,Focused / Low-Activity Learners
U02204,1,1,327.99,327.99,1.51,1,2025-05-11,2025-05-11,12.13,Project Management,Beginner,0.0,0.0,1.0,1.0,1.0,1.0,3.0,0,Focused / Low-Activity Learners
U02205,1,1,0.0,0.0,3.65,1,2025-12-08,2025-12-08,32.64,Data Science,Beginner,0.0,0.0,1.0,1.0,1.0,1.0,3.0,0,Focused / Low-Activity Learners
U02206,3,3,0.0,0.0,3.5866666666666664,2,2025-01-16,2025-10-30,14.226666666666667,Data Science,Intermediate,0.0,0.0,9.566666666666666,0.31358885017421606,3.0,1.5,6.313588850174217,0,Focused / Low-Activity Learners
U02207,1,1,0.0,0.0,2.0,1,2025-03-11,2025-03-11,15.84,Business,Advanced,1.0,1.0,1.0,1.0,2.0,1.0,4.0,0,Focused / Low-Activity Learners
U02208,2,2,327.99,163.995,2.245,2,2025-08-18,2025-11-24,15.065000000000001,Project Management,Advanced,1.0,0.5,3.2666666666666666,0.6122448979591837,3.0,1.0,5.612244897959184,0,Focused / Low-Activity Learners
U02209,1,1,0.0,0.0,2.2,1,2025-04-17,2025-04-17,40.76,Web Development,Beginner,0.0,0.0,1.0,1.0,1.0,1.0,3.0,0,Focused / Low-Activity Learners
U02210,1,1,0.0,0.0,4.79,1,2025-09-18,2025-09-18,29.37,Marketing,Advanced,1.0,1.0,1.0,1.0,2.0,1.0,4.0,0,Focused / Low-Activity Learners
U02211,1,1,0.0,0.0,4.11,1,2025-03-08,2025-03-08,46.25,Marketing,Intermediate,0.0,0.0,1.0,1.0,1.0,1.0,3.0,0,Focused / Low-Activity Learners
U02212,15,15,1164.95,77.66333333333334,2.9093333333333335,10,2025-02-09,2025-12-09,25.10666666666667,Data Science,Beginner,4.0,0.26666666666666666,10.1,1.4851485148514851,19.0,1.5,35.48514851485149,1,Advanced / Deep Learners
U02213,1,1,342.61,342.61,4.84,1,2025-07-22,2025-07-22,17.14,Project Management,Intermediate,0.0,0.0,1.0,1.0,1.0,1.0,3.0,0,Focused / Low-Activity Learners
U02214,4,4,322.94,80.735,2.6975000000000002,4,2025-04-18,2025-09-11,29.197499999999998,Data Science,Beginner,1.0,0.25,4.866666666666666,0.8219178082191781,5.0,1.0,9.821917808219178,0,Focused / Low-Activity Learners
U02215,11,11,595.5899999999999,54.144545454545444,3.1072727272727274,10,2025-02-06,2025-12-26,22.172727272727272,Finance,Advanced,4.0,0.36363636363636365,10.766666666666667,1.021671826625387,15.000000000000002,1.1,27.021671826625386,1,Advanced / Deep Learners
U02216,2,2,89.59,44.795,2.915,2,2025-01-07,2025-01-07,11.92,Business,Advanced,1.0,0.5,1.0,2.0,3.0,1.0,7.0,0,Focused / Low-Activity Learners
U02217,14,14,722.87,51.63357142857143,2.8850000000000002,9,2025-03-13,2025-12-15,27.10928571428571,Web Development,Advanced,6.0,0.42857142857142855,9.233333333333333,1.5162454873646212,20.0,1.5555555555555556,35.51624548736462,1,Advanced / Deep Learners
U02218,1,1,0.0,0.0,2.98,1,2025-02-10,2025-02-10,18.0,Marketing,Advanced,1.0,1.0,1.0,1.0,2.0,1.0,4.0,0,Focused / Low-Activity Learners
U02219,1,1,0.0,0.0,2.43,1,2025-08-09,2025-08-09,37.7,Programming,Intermediate,0.0,0.0,1.0,1.0,1.0,1.0,3.0,0,Focused / Low-Activity Learners
U02220,1,1,472.28,472.28,4.74,1,2025-04-26,2025-04-26,11.0,Programming,Beginner,0.0,0.0,1.0,1.0,1.0,1.0,3.0,0,Focused / Low-Activity Learners
U02221,1,1,0.0,0.0,4.72,1,2025-11-18,2025-11-18,42.68,Marketing,Intermediate,0.0,0.0,1.0,1.0,1.0,1.0,3.0,0,Focused / Low-Activity Learners
U02222,1,1,394.26,394.26,1.35,1,2025-11-03,2025-11-03,47.44,Cybersecurity,Intermediate,0.0,0.0,1.0,1.0,1.0,1.0,3.0,0,Focused / Low-Activity Learners
U02223,1,1,0.0,0.0,4.14,1,2025-10-20,2025-10-20,31.77,Finance,Beginner,0.0,0.0,1.0,1.0,1.0,1.0,3.0,0,Focused / Low-Activity Learners
U02224,13,13,772.15,59.396153846153844,2.778461538461538,9,2025-02-06,2025-12-29,25.72307692307692,Artificial Intelligence,Advanced,5.0,0.38461538461538464,10.866666666666667,1.196319018404908,18.0,1.4444444444444444,32.19631901840491,1,Advanced / Deep Learners
U02225,2,2,119.04,59.52,2.33,2,2025-08-01,2025-11-30,24.965,Finance,Intermediate,0.0,0.0,4.033333333333333,0.49586776859504134,2.0,1.0,4.4958677685950414,0,Focused / Low-Activity Learners
U02226,2,2,490.9,245.45,3.035,2,2025-02-24,2025-06-14,5.21,Design,Advanced,1.0,0.5,3.6666666666666665,0.5454545454545455,3.0,1.0,5.545454545454545,0,Focused / Low-Activity Learners
U02227,1,1,394.26,394.26,1.35,1,2025-02-08,2025-02-08,47.44,Cybersecurity,Intermediate,0.0,0.0,1.0,1.0,1.0,1.0,3.0,0,Focused / Low-Activity Learners
U02228,2,2,0.0,0.0,3.9749999999999996,2,2025-07-27,2025-08-04,27.18,Programming,Intermediate,0.0,0.0,1.0,2.0,2.0,1.0,6.0,0,Focused / Low-Activity Learners
U02229,2,2,0.0,0.0,2.88,2,2025-07-24,2025-12-05,23.025,Programming,Intermediate,0.0,0.0,4.466666666666667,0.44776119402985076,2.0,1.0,4.447761194029851,0,Focused / Low-Activity Learners
U02230,1,1,0.0,0.0,4.1,1,2025-08-02,2025-08-02,34.83,Finance,Intermediate,0.0,0.0,1.0,1.0,1.0,1.0,3.0,0,Focused / Low-Activity Learners
U02231,13,13,817.99,62.92230769230769,3.338461538461538,10,2025-01-20,2025-12-26,35.65384615384615,Data Science,Beginner,5.0,0.38461538461538464,11.333333333333334,1.1470588235294117,18.0,1.3,32.14705882352941,1,Advanced / Deep Learners
U02232,1,1,0.0,0.0,1.52,1,2025-04-24,2025-04-24,2.87,Design,Advanced,1.0,1.0,1.0,1.0,2.0,1.0,4.0,0,Focused / Low-Activity Learners
U02233,2,2,299.57,149.785,4.09,2,2025-04-07,2025-11-27,24.89,Digital Marketing,Beginner,0.0,0.0,7.8,0.25641025641025644,2.0,1.0,4.256410256410256,0,Focused / Low-Activity Learners
U02234,1,1,0.0,0.0,1.59,1,2025-06-25,2025-06-25,6.36,Finance,Advanced,1.0,1.0,1.0,1.0,2.0,1.0,4.0,0,Focused / Low-Activity Learners
U02235,2,2,337.46,168.73,2.52,2,2025-09-22,2025-09-23,36.215,Web Development,Advanced,1.0,0.5,1.0,2.0,3.0,1.0,7.0,0,Focused / Low-Activity Learners
U02236,1,1,0.0,0.0,1.73,1,2025-10-17,2025-10-17,38.49,Machine Learning,Intermediate,0.0,0.0,1.0,1.0,1.0,1.0,3.0,0,Focused / Low-Activity Learners
U02237,1,1,0.0,0.0,4.94,1,2025-12-21,2025-12-21,42.59,Cybersecurity,Beginner,0.0,0.0,1.0,1.0,1.0,1.0,3.0,0,Focused / Low-Activity Learners
U02238,1,1,0.0,0.0,3.15,1,2025-11-21,2025-11-21,22.29,Business,Advanced,1.0,1.0,1.0,1.0,2.0,1.0,4.0,0,Focused / Low-Activity Learners
U02239,1,1,0.0,0.0,4.45,1,2025-01-18,2025-01-18,15.29,Design,Advanced,1.0,1.0,1.0,1.0,2.0,1.0,4.0,0,Focused / Low-Activity Learners
U02240,1,1,0.0,0.0,3.85,1,2025-07-13,2025-07-13,19.53,Programming,Beginner,0.0,0.0,1.0,1.0,1.0,1.0,3.0,0,Focused / Low-Activity Learners
U02241,2,2,301.96,150.98,1.835,2,2025-09-14,2025-11-02,28.24,Artificial Intelligence,Beginner,0.0,0.0,1.6333333333333333,1.2244897959183674,2.0,1.0,5.224489795918368,0,Focused / Low-Activity Learners
U02242,1,1,0.0,0.0,4.44,1,2025-09-26,2025-09-26,1.46,Digital Marketing,Beginner,0.0,0.0,1.0,1.0,1.0,1.0,3.0,0,Focused / Low-Activity Learners
U02243,1,1,0.0,0.0,4.11,1,2025-06-28,2025-06-28,46.25,Marketing,Intermediate,0.0,0.0,1.0,1.0,1.0,1.0,3.0,0,Focused / Low-Activity Learners
U02244,1,1,57.32,57.32,4.74,1,2025-12-03,2025-12-03,43.95,Web Development,Advanced,1.0,1.0,1.0,1.0,2.0,1.0,4.0,0,Focused / Low-Activity Learners
U02245,1,1,472.28,472.28,4.74,1,2025-07-05,2025-07-05,11.0,Programming,Beginner,0.0,0.0,1.0,1.0,1.0,1.0,3.0,0,Focused / Low-Activity Learners
U02246,1,1,89.59,89.59,2.68,1,2025-11-29,2025-11-29,1.55,Artificial Intelligence,Intermediate,0.0,0.0,1.0,1.0,1.0,1.0,3.0,0,Focused / Low-Activity Learners
U02247,1,1,212.39,212.39,3.15,1,2025-10-13,2025-10-13,22.89,Digital Marketing,Advanced,1.0,1.0,1.0,1.0,2.0,1.0,4.0,0,Focused / Low-Activity Learners
U02248,14,14,1251.85,89.41785714285713,2.8449999999999998,10,2025-01-20,2025-12-18,26.49285714285714,Data Science,Beginner,4.0,0.2857142857142857,11.066666666666666,1.2650602409638554,18.0,1.4,33.265060240963855,1,Advanced / Deep Learners
U02249,2,2,117.68,58.84,2.59,2,2025-06-19,2025-06-24,48.385000000000005,Design,Advanced,2.0,1.0,1.0,2.0,4.0,1.0,8.0,0,Focused / Low-Activity Learners
U02250,13,13,1422.4,109.41538461538462,3.303076923076923,8,2025-01-06,2025-11-23,26.543076923076924,Marketing,Advanced,5.0,0.38461538461538464,10.7,1.2149532710280375,18.0,1.625,32.21495327102804,1,Advanced / Deep Learners
U02251,1,1,0.0,0.0,3.15,1,2025-11-03,2025-11-03,22.29,Business,Advanced,1.0,1.0,1.0,1.0,2.0,1.0,4.0,0,Focused / Low-Activity Learners
U02252,2,2,0.0,0.0,2.6399999999999997,2,2025-02-03,2025-08-08,44.375,Web Development,Advanced,2.0,1.0,6.2,0.3225806451612903,4.0,1.0,6.32258064516129,0,Focused / Low-Activity Learners
U02253,1,1,0.0,0.0,2.01,1,2025-06-21,2025-06-21,15.44,Marketing,Advanced,1.0,1.0,1.0,1.0,2.0,1.0,4.0,0,Focused / Low-Activity Learners
U02254,15,15,860.5699999999999,57.37133333333333,2.8579999999999997,11,2025-01-07,2025-12-21,25.03933333333333,Business,Intermediate,4.0,0.26666666666666666,11.6,1.293103448275862,19.0,1.3636363636363635,35.29310344827586,1,Advanced / Deep Learners
U02255,2,2,89.59,44.795,3.16,1,2025-01-09,2025-07-07,22.125,Artificial Intelligence,Intermediate,0.0,0.0,5.966666666666667,0.33519553072625696,2.0,2.0,4.335195530726256,0,Focused / Low-Activity Learners
U02256,1,1,0.0,0.0,2.38,1,2025-09-05,2025-09-05,16.74,Cybersecurity,Advanced,1.0,1.0,1.0,1.0,2.0,1.0,4.0,0,Focused / Low-Activity Learners
U02257,1,1,0.0,0.0,3.6,1,2025-04-01,2025-04-01,1.2,Data Science,Intermediate,0.0,0.0,1.0,1.0,1.0,1.0,3.0,0,Focused / Low-Activity Learners
U02258,16,16,1617.15,101.071875,3.14,10,2025-01-26,2025-12-07,29.705,Programming,Advanced,7.0,0.4375,10.5,1.5238095238095237,23.0,1.6,40.523809523809526,1,Advanced / Deep Learners
U02259,2,2,119.04,59.52,2.95,2,2025-01-25,2025-02-24,22.85,Finance,Advanced,1.0,0.5,1.0,2.0,3.0,1.0,7.0,0,Focused / Low-Activity Learners
U02260,1,1,346.71,346.71,1.23,1,2025-07-11,2025-07-11,3.42,Project Management,Advanced,1.0,1.0,1.0,1.0,2.0,1.0,4.0,0,Focused / Low-Activity Learners
U02261,1,1,0.0,0.0,1.28,1,2025-05-18,2025-05-18,28.68,Programming,Beginner,0.0,0.0,1.0,1.0,1.0,1.0,3.0,0,Focused / Low-Activity Learners
U02262,3,3,0.0,0.0,3.61,3,2025-05-28,2025-12-21,40.300000000000004,Web Development,Beginner,1.0,0.3333333333333333,6.9,0.43478260869565216,4.0,1.0,7.434782608695652,0,Focused / Low-Activity Learners
U02263,1,1,346.71,346.71,1.23,1,2025-11-26,2025-11-26,3.42,Project Management,Advanced,1.0,1.0,1.0,1.0,2.0,1.0,4.0,0,Focused / Low-Activity Learners
U02264,2,2,415.51,207.755,2.195,2,2025-04-28,2025-06-04,28.505,Programming,Beginner,0.0,0.0,1.2333333333333334,1.6216216216216215,2.0,1.0,5.621621621621621,0,Focused / Low-Activity Learners
U02265,2,2,394.26,197.13,1.745,2,2025-10-28,2025-11-28,28.195,Digital Marketing,Beginner,0.0,0.0,1.0333333333333334,1.9354838709677418,2.0,1.0,5.935483870967742,0,Focused / Low-Activity Learners
U02266,1,1,490.9,490.9,4.55,1,2025-03-20,2025-03-20,7.55,Artificial Intelligence,Beginner,0.0,0.0,1.0,1.0,1.0,1.0,3.0,0,Focused / Low-Activity Learners
U02267,1,1,0.0,0.0,3.93,1,2025-05-24,2025-05-24,48.25,Cybersecurity,Intermediate,0.0,0.0,1.0,1.0,1.0,1.0,3.0,0,Focused / Low-Activity Learners
U02268,2,2,0.0,0.0,2.305,2,2025-01-24,2025-04-08,8.035,Finance,Advanced,1.0,0.5,2.466666666666667,0.8108108108108107,3.0,1.0,5.8108108108108105,0,Focused / Low-Activity Learners
U02269,1,1,0.0,0.0,4.66,1,2025-12-09,2025-12-09,5.95,Digital Marketing,Intermediate,0.0,0.0,1.0,1.0,1.0,1.0,3.0,0,Focused / Low-Activity Learners
U02270,3,3,487.92,162.64000000000001,3.313333333333333,3,2025-01-04,2025-07-29,34.193333333333335,Marketing,Advanced,2.0,0.6666666666666666,6.866666666666666,0.4368932038834952,5.0,1.0,8.436893203883496,0,Focused / Low-Activity Learners
U02271,2,2,57.32,28.66,4.595000000000001,2,2025-04-30,2025-06-06,29.62,Design,Advanced,2.0,1.0,1.2333333333333334,1.6216216216216215,4.0,1.0,7.621621621621621,0,Focused / Low-Activity Learners
U02272,1,1,0.0,0.0,2.38,1,2025-05-04,2025-05-04,16.74,Cybersecurity,Advanced,1.0,1.0,1.0,1.0,2.0,1.0,4.0,0,Focused / Low-Activity Learners
U02273,1,1,0.0,0.0,4.79,1,2025-04-15,2025-04-15,29.37,Marketing,Advanced,1.0,1.0,1.0,1.0,2.0,1.0,4.0,0,Focused / Low-Activity Learners
U02274,2,2,177.34,88.67,4.17,2,2025-03-02,2025-11-06,32.51,Digital Marketing,Advanced,2.0,1.0,8.3,0.24096385542168672,4.0,1.0,6.240963855421686,0,Focused / Low-Activity Learners
U02275,2,2,0.0,0.0,4.725,2,2025-08-06,2025-11-05,17.66,Marketing,Intermediate,1.0,0.5,3.033333333333333,0.6593406593406593,3.0,1.0,5.659340659340659,0,Focused / Low-Activity Learners
U02276,1,1,0.0,0.0,1.59,1,2025-04-28,2025-04-28,6.36,Finance,Advanced,1.0,1.0,1.0,1.0,2.0,1.0,4.0,0,Focused / Low-Activity Learners
U02277,1,1,0.0,0.0,3.93,1,2025-05-10,2025-05-10,48.25,Cybersecurity,Intermediate,0.0,0.0,1.0,1.0,1.0,1.0,3.0,0,Focused / Low-Activity Learners
U02278,1,1,0.0,0.0,2.01,1,2025-04-19,2025-04-19,15.44,Marketing,Advanced,1.0,1.0,1.0,1.0,2.0,1.0,4.0,0,Focused / Low-Activity Learners
U02279,1,1,0.0,0.0,2.2,1,2025-09-15,2025-09-15,40.76,Web Development,Beginner,0.0,0.0,1.0,1.0,1.0,1.0,3.0,0,Focused / Low-Activity Learners
U02280,2,2,415.51,207.755,3.7750000000000004,2,2025-04-18,2025-10-08,14.895,Digital Marketing,Beginner,0.0,0.0,5.766666666666667,0.3468208092485549,2.0,1.0,4.346820809248555,0,Focused / Low-Activity Learners
U02281,1,1,276.37,276.37,2.72,1,2025-09-22,2025-09-22,48.84,Design,Advanced,1.0,1.0,1.0,1.0,2.0,1.0,4.0,0,Focused / Low-Activity Learners
U02282,1,1,0.0,0.0,2.61,1,2025-07-21,2025-07-21,48.68,Design,Advanced,1.0,1.0,1.0,1.0,2.0,1.0,4.0,0,Focused / Low-Activity Learners
U02283,1,1,0.0,0.0,2.14,1,2025-02-09,2025-02-09,8.95,Digital Marketing,Beginner,0.0,0.0,1.0,1.0,1.0,1.0,3.0,0,Focused / Low-Activity Learners
U02284,13,13,1127.8899999999999,86.76076923076923,3.0453846153846156,8,2025-02-12,2025-10-05,25.017692307692307,Web Development,Beginner,5.0,0.38461538461538464,7.833333333333333,1.6595744680851063,18.0,1.625,32.659574468085104,1,Advanced / Deep Learners
U02285,2,2,177.34,88.67,3.385,2,2025-01-15,2025-08-07,47.43,Programming,Advanced,1.0,0.5,6.8,0.29411764705882354,3.0,1.0,5.294117647058823,0,Focused / Low-Activity Learners
U02286,1,1,326.02,326.02,2.69,1,2025-12-01,2025-12-01,11.31,Business,Intermediate,0.0,0.0,1.0,1.0,1.0,1.0,3.0,0,Focused / Low-Activity Learners
U02287,1,1,212.39,212.39,3.15,1,2025-03-01,2025-03-01,22.89,Digital Marketing,Advanced,1.0,1.0,1.0,1.0,2.0,1.0,4.0,0,Focused / Low-Activity Learners
U02288,15,15,1437.73,95.84866666666667,3.0020000000000002,10,2025-02-11,2025-12-25,31.074,Cybersecurity,Advanced,5.0,0.3333333333333333,10.566666666666666,1.4195583596214512,20.0,1.5,36.41955835962145,1,Advanced / Deep Learners
U02289,1,1,0.0,0.0,2.0,1,2025-04-04,2025-04-04,15.84,Business,Advanced,1.0,1.0,1.0,1.0,2.0,1.0,4.0,0,Focused / Low-Activity Learners
U02290,15,15,1052.32,70.15466666666666,3.046666666666667,10,2025-01-15,2025-12-11,25.924,Marketing,Advanced,7.0,0.4666666666666667,11.0,1.3636363636363635,22.0,1.5,38.36363636363636,1,Advanced / Deep Learners
U02291,2,2,57.32,28.66,4.765000000000001,2,2025-03-11,2025-12-11,36.660000000000004,Web Development,Advanced,2.0,1.0,9.166666666666666,0.2181818181818182,4.0,1.0,6.218181818181819,0,Focused / Low-Activity Learners
U02292,1,1,0.0,0.0,1.52,1,2025-02-05,2025-02-05,2.87,Design,Advanced,1.0,1.0,1.0,1.0,2.0,1.0,4.0,0,Focused / Low-Activity Learners
U02293,1,1,487.92,487.92,3.64,1,2025-09-03,2025-09-03,36.01,Business,Advanced,1.0,1.0,1.0,1.0,2.0,1.0,4.0,0,Focused / Low-Activity Learners
U02294,1,1,53.86,53.86,2.47,1,2025-05-18,2025-05-18,47.08,Finance,Beginner,0.0,0.0,1.0,1.0,1.0,1.0,3.0,0,Focused / Low-Activity Learners
U02295,1,1,0.0,0.0,3.65,1,2025-02-02,2025-02-02,32.64,Data Science,Beginner,0.0,0.0,1.0,1.0,1.0,1.0,3.0,0,Focused / Low-Activity Learners
U02296,1,1,342.61,342.61,4.84,1,2025-04-19,2025-04-19,17.14,Project Management,Intermediate,0.0,0.0,1.0,1.0,1.0,1.0,3.0,0,Focused / Low-Activity Learners
U02297,1,1,472.28,472.28,4.74,1,2025-12-11,2025-12-11,11.0,Programming,Beginner,0.0,0.0,1.0,1.0,1.0,1.0,3.0,0,Focused / Low-Activity Learners
U02298,1,1,119.04,119.04,2.75,1,2025-09-17,2025-09-17,23.41,Finance,Intermediate,0.0,0.0,1.0,1.0,1.0,1.0,3.0,0,Focused / Low-Activity Learners
U02299,2,2,0.0,0.0,4.13,2,2025-07-18,2025-10-26,45.58,Web Development,Beginner,0.0,0.0,3.3333333333333335,0.6,2.0,1.0,4.6,0,Focused / Low-Activity Learners
U02300,15,15,1511.0,100.73333333333333,2.9766666666666666,9,2025-01-07,2025-12-14,28.248,Design,Beginner,4.0,0.26666666666666666,11.366666666666667,1.3196480938416422,19.0,1.6666666666666667,35.31964809384164,1,Advanced / Deep Learners
U02301,13,13,547.67,42.128461538461536,3.4353846153846157,8,2025-01-03,2025-10-23,24.643076923076926,Data Science,Beginner,1.0,0.07692307692307693,9.766666666666667,1.3310580204778155,14.0,1.625,28.331058020477816,1,Advanced / Deep Learners
U02302,2,2,285.05,142.525,1.935,2,2025-04-03,2025-04-23,30.65,Cybersecurity,Beginner,0.0,0.0,1.0,2.0,2.0,1.0,6.0,0,Focused / Low-Activity Learners
U02303,1,1,0.0,0.0,4.94,1,2025-02-08,2025-02-08,42.59,Cybersecurity,Beginner,0.0,0.0,1.0,1.0,1.0,1.0,3.0,0,Focused / Low-Activity Learners
U02304,1,1,0.0,0.0,1.28,1,2025-06-13,2025-06-13,28.68,Programming,Beginner,0.0,0.0,1.0,1.0,1.0,1.0,3.0,0,Focused / Low-Activity Learners
U02305,1,1,342.61,342.61,4.84,1,2025-05-03,2025-05-03,17.14,Project Management,Intermediate,0.0,0.0,1.0,1.0,1.0,1.0,3.0,0,Focused / Low-Activity Learners
U02306,13,13,1824.4,140.33846153846156,3.303076923076923,9,2025-04-08,2025-12-23,26.536153846153848,Business,Beginner,4.0,0.3076923076923077,8.633333333333333,1.505791505791506,17.0,1.4444444444444444,31.505791505791507,1,Advanced / Deep Learners
U02307,1,1,248.1,248.1,1.2,1,2025-09-28,2025-09-28,9.4,Artificial Intelligence,Beginner,0.0,0.0,1.0,1.0,1.0,1.0,3.0,0,Focused / Low-Activity Learners
U02308,1,1,0.0,0.0,2.98,1,2025-11-26,2025-11-26,18.0,Marketing,Advanced,1.0,1.0,1.0,1.0,2.0,1.0,4.0,0,Focused / Low-Activity Learners
U02309,3,3,95.21000000000001,31.736666666666668,2.5433333333333334,2,2025-04-06,2025-05-15,24.80666666666667,Web Development,Advanced,3.0,1.0,1.3,2.3076923076923075,6.0,1.5,11.307692307692307,0,Focused / Low-Activity Learners
U02310,1,1,0.78,0.78,3.89,1,2025-06-20,2025-06-20,44.96,Machine Learning,Advanced,1.0,1.0,1.0,1.0,2.0,1.0,4.0,0,Focused / Low-Activity Learners
U02311,3,3,117.68,39.22666666666667,3.426666666666667,2,2025-01-27,2025-06-15,31.846666666666668,Data Science,Intermediate,1.0,0.3333333333333333,4.633333333333334,0.6474820143884892,4.0,1.5,7.647482014388489,0,Focused / Low-Activity Learners
U02312,1,1,0.0,0.0,3.93,1,2025-07-15,2025-07-15,48.25,Cybersecurity,Intermediate,0.0,0.0,1.0,1.0,1.0,1.0,3.0,0,Focused / Low-Activity Learners
U02313,1,1,0.0,0.0,2.61,1,2025-04-30,2025-04-30,48.68,Design,Advanced,1.0,1.0,1.0,1.0,2.0,1.0,4.0,0,Focused / Low-Activity Learners
U02314,1,1,177.34,177.34,3.89,1,2025-06-12,2025-06-12,49.73,Digital Marketing,Advanced,1.0,1.0,1.0,1.0,2.0,1.0,4.0,0,Focused / Low-Activity Learners
U02315,14,14,888.7900000000001,63.48500000000001,3.3264285714285715,8,2025-01-07,2025-11-06,29.514999999999997,Finance,Beginner,3.0,0.21428571428571427,10.1,1.3861386138613863,17.0,1.75,32.386138613861384,1,Advanced / Deep Learners
U02316,2,2,415.61,207.805,2.685,2,2025-11-14,2025-12-22,6.430000000000001,Business,Intermediate,0.0,0.0,1.2666666666666666,1.5789473684210527,2.0,1.0,5.578947368421053,0,Focused / Low-Activity Learners
U02317,2,2,57.32,28.66,3.375,2,2025-05-12,2025-08-25,29.695,Web Development,Advanced,2.0,1.0,3.5,0.5714285714285714,4.0,1.0,6.571428571428571,0,Focused / Low-Activity Learners
U02318,1,1,285.05,285.05,1.96,1,2025-07-23,2025-07-23,34.78,Business,Beginner,0.0,0.0,1.0,1.0,1.0,1.0,3.0,0,Focused / Low-Activity Learners
U02319,1,1,248.1,248.1,1.2,1,2025-05-16,2025-05-16,9.4,Artificial Intelligence,Beginner,0.0,0.0,1.0,1.0,1.0,1.0,3.0,0,Focused / Low-Activity Learners
U02320,3,3,212.39,70.79666666666667,2.73,3,2025-05-11,2025-09-11,21.06,Project Management,Advanced,2.0,0.6666666666666666,4.1,0.7317073170731708,5.0,1.0,8.731707317073171,0,Focused / Low-Activity Learners
U02321,2,2,589.96,294.98,3.6550000000000002,2,2025-06-07,2025-11-01,29.545,Data Science,Advanced,1.0,0.5,4.9,0.4081632653061224,3.0,1.0,5.408163265306122,0,Focused / Low-Activity Learners
U02322,1,1,0.0,0.0,1.91,1,2025-10-05,2025-10-05,26.52,Cybersecurity,Intermediate,0.0,0.0,1.0,1.0,1.0,1.0,3.0,0,Focused / Low-Activity Learners
U02323,1,1,37.89,37.89,1.3,1,2025-11-23,2025-11-23,24.11,Web Development,Advanced,1.0,1.0,1.0,1.0,2.0,1.0,4.0,0,Focused / Low-Activity Learners
U02324,3,3,326.02,108.67333333333333,2.7733333333333334,3,2025-02-11,2025-11-05,23.233333333333334,Design,Intermediate,1.0,0.3333333333333333,8.9,0.33707865168539325,4.0,1.0,7.337078651685394,0,Focused / Low-Activity Learners
U02325,1,1,177.34,177.34,3.89,1,2025-07-24,2025-07-24,49.73,Digital Marketing,Advanced,1.0,1.0,1.0,1.0,2.0,1.0,4.0,0,Focused / Low-Activity Learners
U02326,2,2,580.49,290.245,3.615,1,2025-09-26,2025-11-12,4.55,Artificial Intelligence,Beginner,0.0,0.0,1.5666666666666667,1.2765957446808511,2.0,2.0,5.276595744680851,0,Focused / Low-Activity Learners
U02327,1,1,0.0,0.0,3.65,1,2025-09-16,2025-09-16,32.64,Data Science,Beginner,0.0,0.0,1.0,1.0,1.0,1.0,3.0,0,Focused / Low-Activity Learners
U02328,3,3,415.51,138.50333333333333,3.276666666666667,3,2025-05-20,2025-11-25,41.086666666666666,Marketing,Intermediate,1.0,0.3333333333333333,6.3,0.4761904761904762,4.0,1.0,7.476190476190476,0,Focused / Low-Activity Learners
U02329,1,1,0.0,0.0,4.11,1,2025-03-25,2025-03-25,46.25,Marketing,Intermediate,0.0,0.0,1.0,1.0,1.0,1.0,3.0,0,Focused / Low-Activity Learners
U02330,1,1,0.0,0.0,3.32,1,2025-11-15,2025-11-15,48.57,Web Development,Beginner,0.0,0.0,1.0,1.0,1.0,1.0,3.0,0,Focused / Low-Activity Learners
U02331,2,2,0.0,0.0,1.325,2,2025-07-21,2025-09-25,9.6,Machine Learning,Advanced,1.0,0.5,2.2,0.9090909090909091,3.0,1.0,5.909090909090909,0,Focused / Low-Activity Learners
U02332,2,2,277.15,138.575,3.305,2,2025-05-25,2025-06-14,46.900000000000006,Machine Learning,Advanced,2.0,1.0,1.0,2.0,4.0,1.0,8.0,0,Focused / Low-Activity Learners
U02333,3,3,415.51,138.50333333333333,3.2099999999999995,3,2025-01-14,2025-10-23,29.310000000000002,Web Development,Advanced,1.0,0.3333333333333333,9.4,0.3191489361702127,4.0,1.0,7.319148936170213,0,Focused / Low-Activity Learners
U02334,2,2,0.78,0.39,4.34,2,2025-05-23,2025-09-08,37.165,Marketing,Advanced,2.0,1.0,3.6,0.5555555555555556,4.0,1.0,6.555555555555555,0,Focused / Low-Activity Learners
U02335,1,1,0.78,0.78,3.89,1,2025-03-12,2025-03-12,44.96,Machine Learning,Advanced,1.0,1.0,1.0,1.0,2.0,1.0,4.0,0,Focused / Low-Activity Learners
U02336,14,14,1228.1100000000001,87.72214285714287,2.6392857142857147,9,2025-02-22,2025-12-08,28.02857142857143,Finance,Intermediate,4.0,0.2857142857142857,9.633333333333333,1.453287197231834,18.0,1.5555555555555556,33.45328719723183,1,Advanced / Deep Learners
U02337,13,13,1676.03,128.92538461538462,2.924615384615384,6,2025-01-04,2025-11-28,20.697692307692307,Project Management,Beginner,5.0,0.38461538461538464,10.933333333333334,1.1890243902439024,18.0,2.1666666666666665,32.1890243902439,1,Advanced / Deep Learners
U02338,1,1,0.0,0.0,4.1,1,2025-06-27,2025-06-27,34.83,Finance,Intermediate,0.0,0.0,1.0,1.0,1.0,1.0,3.0,0,Focused / Low-Activity Learners
U02339,1,1,285.05,285.05,1.96,1,2025-09-20,2025-09-20,34.78,Business,Beginner,0.0,0.0,1.0,1.0,1.0,1.0,3.0,0,Focused / Low-Activity Learners
U02340,2,2,37.89,18.945,3.015,2,2025-05-06,2025-06-23,35.905,Machine Learning,Advanced,1.0,0.5,1.6,1.25,3.0,1.0,6.25,0,Focused / Low-Activity Learners
U02341,13,13,957.45,73.65,3.5846153846153848,9,2025-01-30,2025-11-29,29.544615384615383,Cybersecurity,Beginner,4.0,0.3076923076923077,10.1,1.2871287128712872,17.0,1.4444444444444444,31.287128712871286,1,Advanced / Deep Learners
U02342,2,2,89.59,44.795,2.245,2,2025-03-18,2025-07-16,5.425000000000001,Artificial Intelligence,Intermediate,1.0,0.5,4.0,0.5,3.0,1.0,5.5,0,Focused / Low-Activity Learners
U02343,4,4,559.88,139.97,2.35,3,2025-06-11,2025-09-26,21.9,Machine Learning,Advanced,3.0,0.75,3.566666666666667,1.1214953271028036,7.0,1.3333333333333333,12.121495327102803,0,Focused / Low-Activity Learners
U02344,14,14,1335.99,95.42785714285715,3.0100000000000002,9,2025-01-20,2025-12-18,19.34857142857143,Artificial Intelligence,Beginner,5.0,0.35714285714285715,11.066666666666666,1.2650602409638554,19.0,1.5555555555555556,34.265060240963855,1,Advanced / Deep Learners
U02345,13,13,1047.8,80.6,3.1500000000000004,8,2025-01-26,2025-10-16,29.39846153846154,Machine Learning,Advanced,7.0,0.5384615384615384,8.766666666666667,1.482889733840304,20.0,1.625,34.4828897338403,1,Advanced / Deep Learners
U02346,1,1,394.26,394.26,1.35,1,2025-08-17,2025-08-17,47.44,Cybersecurity,Intermediate,0.0,0.0,1.0,1.0,1.0,1.0,3.0,0,Focused / Low-Activity Learners
U02347,1,1,0.0,0.0,3.93,1,2025-07-09,2025-07-09,48.25,Cybersecurity,Intermediate,0.0,0.0,1.0,1.0,1.0,1.0,3.0,0,Focused / Low-Activity Learners
U02348,1,1,0.0,0.0,1.91,1,2025-10-03,2025-10-03,26.52,Cybersecurity,Intermediate,0.0,0.0,1.0,1.0,1.0,1.0,3.0,0,Focused / Low-Activity Learners
U02349,14,14,1028.3,73.45,3.3842857142857143,9,2025-01-18,2025-11-21,31.334285714285716,Digital Marketing,Beginner,5.0,0.35714285714285715,10.233333333333333,1.3680781758957656,19.0,1.5555555555555556,34.36807817589577,1,Advanced / Deep Learners
U02350,2,2,295.02,147.51,3.23,2,2025-03-11,2025-09-06,48.91,Digital Marketing,Advanced,2.0,1.0,5.966666666666667,0.33519553072625696,4.0,1.0,6.335195530726256,0,Focused / Low-Activity Learners
U02351,2,2,0.0,0.0,3.17,2,2025-03-11,2025-05-08,36.265,Web Development,Beginner,0.0,0.0,1.9333333333333333,1.0344827586206897,2.0,1.0,5.0344827586206895,0,Focused / Low-Activity Learners
U02352,3,3,299.57,99.85666666666667,3.6199999999999997,2,2025-01-05,2025-11-27,30.953333333333333,Data Science,Intermediate,0.0,0.0,10.866666666666667,0.2760736196319018,3.0,1.5,6.276073619631902,0,Focused / Low-Activity Learners
U02353,1,1,0.0,0.0,4.44,1,2025-05-07,2025-05-07,1.46,Digital Marketing,Beginner,0.0,0.0,1.0,1.0,1.0,1.0,3.0,0,Focused / Low-Activity Learners
U02354,1,1,487.92,487.92,3.64,1,2025-08-05,2025-08-05,36.01,Business,Advanced,1.0,1.0,1.0,1.0,2.0,1.0,4.0,0,Focused / Low-Activity Learners
U02355,1,1,119.04,119.04,2.75,1,2025-03-02,2025-03-02,23.41,Finance,Intermediate,0.0,0.0,1.0,1.0,1.0,1.0,3.0,0,Focused / Low-Activity Learners
U02356,1,1,0.0,0.0,1.59,1,2025-03-05,2025-03-05,6.36,Finance,Advanced,1.0,1.0,1.0,1.0,2.0,1.0,4.0,0,Focused / Low-Activity Learners
U02357,2,2,0.0,0.0,2.79,2,2025-07-22,2025-09-30,29.995,Programming,Intermediate,1.0,0.5,2.3333333333333335,0.8571428571428571,3.0,1.0,5.857142857142858,0,Focused / Low-Activity Learners
U02358,4,4,1066.84,266.71,3.205,4,2025-01-26,2025-10-20,28.5025,Machine Learning,Advanced,2.0,0.5,8.9,0.449438202247191,6.0,1.0,10.44943820224719,0,Focused / Low-Activity Learners
U02359,2,2,0.0,0.0,2.58,2,2025-07-12,2025-07-16,9.33,Digital Marketing,Intermediate,0.0,0.0,1.0,2.0,2.0,1.0,6.0,0,Focused / Low-Activity Learners
U02360,1,1,0.0,0.0,1.59,1,2025-11-20,2025-11-20,6.36,Finance,Advanced,1.0,1.0,1.0,1.0,2.0,1.0,4.0,0,Focused / Low-Activity Learners
U02361,2,2,327.99,163.995,2.265,2,2025-05-17,2025-07-15,10.920000000000002,Project Management,Beginner,0.0,0.0,1.9666666666666666,1.0169491525423728,2.0,1.0,5.016949152542373,0,Focused / Low-Activity Learners
U02362,1,1,0.0,0.0,1.52,1,2025-02-08,2025-02-08,2.87,Design,Advanced,1.0,1.0,1.0,1.0,2.0,1.0,4.0,0,Focused / Low-Activity Learners
U02363,1,1,487.92,487.92,3.64,1,2025-03-12,2025-03-12,36.01,Business,Advanced,1.0,1.0,1.0,1.0,2.0,1.0,4.0,0,Focused / Low-Activity Learners
U02364,1,1,299.57,299.57,3.74,1,2025-05-21,2025-05-21,48.32,Data Science,Beginner,0.0,0.0,1.0,1.0,1.0,1.0,3.0,0,Focused / Low-Activity Learners
U02365,1,1,0.0,0.0,3.02,1,2025-02-17,2025-02-17,9.71,Data Science,Intermediate,0.0,0.0,1.0,1.0,1.0,1.0,3.0,0,Focused / Low-Activity Learners
U02366,1,1,0.0,0.0,4.72,1,2025-08-27,2025-08-27,42.68,Marketing,Intermediate,0.0,0.0,1.0,1.0,1.0,1.0,3.0,0,Focused / Low-Activity Learners
U02367,1,1,0.0,0.0,3.15,1,2025-08-06,2025-08-06,22.29,Business,Advanced,1.0,1.0,1.0,1.0,2.0,1.0,4.0,0,Focused / Low-Activity Learners
U02368,4,4,451.37,112.8425,3.2525,4,2025-01-27,2025-12-14,39.72,Data Science,Advanced,4.0,1.0,10.7,0.3738317757009346,8.0,1.0,12.373831775700936,0,Focused / Low-Activity Learners
U02369,2,2,0.0,0.0,3.465,2,2025-04-14,2025-10-30,19.16,Marketing,Advanced,1.0,0.5,6.633333333333334,0.3015075376884422,3.0,1.0,5.301507537688442,0,Focused / Low-Activity Learners
U02370,14,14,1092.76,78.05428571428571,3.1721428571428576,11,2025-01-12,2025-12-30,27.290714285714284,Business,Intermediate,4.0,0.2857142857142857,11.733333333333333,1.1931818181818183,18.0,1.2727272727272727,33.19318181818182,1,Advanced / Deep Learners
U02371,12,12,1569.7,130.80833333333334,2.8333333333333335,8,2025-01-02,2025-12-26,31.837500000000002,Artificial Intelligence,Advanced,4.0,0.3333333333333333,11.933333333333334,1.005586592178771,16.0,1.5,29.005586592178773,1,Advanced / Deep Learners
U02372,3,3,0.0,0.0,4.4,3,2025-01-28,2025-10-15,16.580000000000002,Digital Marketing,Intermediate,0.0,0.0,8.666666666666666,0.3461538461538462,3.0,1.0,6.346153846153847,0,Focused / Low-Activity Learners
U02373,2,2,487.92,243.96,3.62,2,2025-10-29,2025-12-01,18.605,Data Science,Advanced,1.0,0.5,1.1,1.8181818181818181,3.0,1.0,6.818181818181818,0,Focused / Low-Activity Learners
U02374,3,3,0.78,0.26,4.3566666666666665,2,2025-06-19,2025-10-25,35.983333333333334,Machine Learning,Advanced,2.0,0.6666666666666666,4.266666666666667,0.703125,5.0,1.5,8.703125,0,Focused / Low-Activity Learners
U02375,1,1,276.37,276.37,2.72,1,2025-08-25,2025-08-25,48.84,Design,Advanced,1.0,1.0,1.0,1.0,2.0,1.0,4.0,0,Focused / Low-Activity Learners
U02376,1,1,0.0,0.0,2.61,1,2025-06-20,2025-06-20,48.68,Design,Advanced,1.0,1.0,1.0,1.0,2.0,1.0,4.0,0,Focused / Low-Activity Learners
U02377,2,2,0.0,0.0,3.795,2,2025-08-16,2025-12-15,11.875,Digital Marketing,Advanced,1.0,0.5,4.033333333333333,0.49586776859504134,3.0,1.0,5.4958677685950414,0,Focused / Low-Activity Learners
U02378,1,1,0.0,0.0,4.66,1,2025-06-16,2025-06-16,5.95,Digital Marketing,Intermediate,0.0,0.0,1.0,1.0,1.0,1.0,3.0,0,Focused / Low-Activity Learners
U02379,2,2,0.0,0.0,3.065,2,2025-03-12,2025-11-12,20.145,Marketing,Advanced,2.0,1.0,8.166666666666666,0.2448979591836735,4.0,1.0,6.244897959183673,0,Focused / Low-Activity Learners
U02380,3,3,720.28,240.09333333333333,2.453333333333333,3,2025-01-05,2025-12-13,35.77333333333333,Web Development,Intermediate,0.0,0.0,11.4,0.2631578947368421,3.0,1.0,6.2631578947368425,0,Focused / Low-Activity Learners
U02381,1,1,415.51,415.51,3.11,1,2025-05-28,2025-05-28,28.33,Artificial Intelligence,Intermediate,0.0,0.0,1.0,1.0,1.0,1.0,3.0,0,Focused / Low-Activity Learners
U02382,1,1,490.9,490.9,4.55,1,2025-08-07,2025-08-07,7.55,Artificial Intelligence,Beginner,0.0,0.0,1.0,1.0,1.0,1.0,3.0,0,Focused / Low-Activity Learners
U02383,1,1,0.0,0.0,4.72,1,2025-04-23,2025-04-23,42.68,Marketing,Intermediate,0.0,0.0,1.0,1.0,1.0,1.0,3.0,0,Focused / Low-Activity Learners
U02384,3,3,119.04,39.68,2.5066666666666664,3,2025-03-02,2025-06-16,27.48,Artificial Intelligence,Beginner,0.0,0.0,3.533333333333333,0.8490566037735849,3.0,1.0,6.849056603773585,0,Focused / Low-Activity Learners
U02385,1,1,0.0,0.0,4.94,1,2025-08-26,2025-08-26,42.59,Cybersecurity,Beginner,0.0,0.0,1.0,1.0,1.0,1.0,3.0,0,Focused / Low-Activity Learners
U02386,4,4,299.57,74.8925,4.2075,4,2025-02-13,2025-10-03,40.935,Programming,Beginner,0.0,0.0,7.733333333333333,0.5172413793103449,4.0,1.0,8.517241379310345,0,Focused / Low-Activity Learners
U02387,1,1,0.0,0.0,1.52,1,2025-05-05,2025-05-05,2.87,Design,Advanced,1.0,1.0,1.0,1.0,2.0,1.0,4.0,0,Focused / Low-Activity Learners
U02388,1,1,346.71,346.71,1.23,1,2025-08-11,2025-08-11,3.42,Project Management,Advanced,1.0,1.0,1.0,1.0,2.0,1.0,4.0,0,Focused / Low-Activity Learners
U02389,2,2,177.34,88.67,3.52,2,2025-07-25,2025-08-14,36.01,Digital Marketing,Advanced,2.0,1.0,1.0,2.0,4.0,1.0,8.0,0,Focused / Low-Activity Learners
U02390,2,2,472.28,236.14,3.585,1,2025-06-28,2025-11-07,24.35,Programming,Beginner,0.0,0.0,4.4,0.45454545454545453,2.0,2.0,4.454545454545455,0,Focused / Low-Activity Learners
U02391,1,1,0.0,0.0,2.38,1,2025-01-15,2025-01-15,16.74,Cybersecurity,Advanced,1.0,1.0,1.0,1.0,2.0,1.0,4.0,0,Focused / Low-Activity Learners
U02392,2,2,212.39,106.195,3.3,2,2025-01-19,2025-07-25,28.41,Project Management,Intermediate,1.0,0.5,6.233333333333333,0.32085561497326204,3.0,1.0,5.3208556149732615,0,Focused / Low-Activity Learners
U02393,1,1,0.0,0.0,3.32,1,2025-05-25,2025-05-25,48.57,Web Development,Beginner,0.0,0.0,1.0,1.0,1.0,1.0,3.0,0,Focused / Low-Activity Learners
U02394,1,1,299.57,299.57,3.74,1,2025-08-21,2025-08-21,48.32,Data Science,Beginner,0.0,0.0,1.0,1.0,1.0,1.0,3.0,0,Focused / Low-Activity Learners
U02395,3,3,0.0,0.0,4.3500000000000005,3,2025-02-14,2025-06-15,21.820000000000004,Project Management,Beginner,0.0,0.0,4.033333333333333,0.7438016528925621,3.0,1.0,6.743801652892563,0,Focused / Low-Activity Learners
U02396,1,1,212.39,212.39,3.15,1,2025-03-04,2025-03-04,22.89,Digital Marketing,Advanced,1.0,1.0,1.0,1.0,2.0,1.0,4.0,0,Focused / Low-Activity Learners
U02397,1,1,0.0,0.0,3.85,1,2025-04-08,2025-04-08,19.53,Programming,Beginner,0.0,0.0,1.0,1.0,1.0,1.0,3.0,0,Focused / Low-Activity Learners
U02398,2,2,248.88,124.44,2.545,2,2025-05-15,2025-08-23,27.18,Machine Learning,Beginner,1.0,0.5,3.3333333333333335,0.6,3.0,1.0,5.6,0,Focused / Low-Activity Learners
U02399,1,1,0.0,0.0,2.01,1,2025-10-23,2025-10-23,15.44,Marketing,Advanced,1.0,1.0,1.0,1.0,2.0,1.0,4.0,0,Focused / Low-Activity Learners
U02400,1,1,0.0,0.0,4.66,1,2025-11-12,2025-11-12,5.95,Digital Marketing,Intermediate,0.0,0.0,1.0,1.0,1.0,1.0,3.0,0,Focused / Low-Activity Learners
U02401,1,1,490.9,490.9,4.55,1,2025-05-24,2025-05-24,7.55,Artificial Intelligence,Beginner,0.0,0.0,1.0,1.0,1.0,1.0,3.0,0,Focused / Low-Activity Learners
U02402,1,1,0.0,0.0,3.15,1,2025-11-02,2025-11-02,22.29,Business,Advanced,1.0,1.0,1.0,1.0,2.0,1.0,4.0,0,Focused / Low-Activity Learners
U02403,1,1,0.0,0.0,2.38,1,2025-08-14,2025-08-14,16.74,Cybersecurity,Advanced,1.0,1.0,1.0,1.0,2.0,1.0,4.0,0,Focused / Low-Activity Learners
U02404,2,2,53.86,26.93,3.575,2,2025-06-09,2025-06-22,31.415,Project Management,Beginner,0.0,0.0,1.0,2.0,2.0,1.0,6.0,0,Focused / Low-Activity Learners
U02405,1,1,0.0,0.0,3.32,1,2025-06-29,2025-06-29,48.57,Web Development,Beginner,0.0,0.0,1.0,1.0,1.0,1.0,3.0,0,Focused / Low-Activity Learners
U02406,2,2,314.26,157.13,2.0100000000000002,2,2025-02-11,2025-04-15,36.475,Design,Advanced,2.0,1.0,2.1,0.9523809523809523,4.0,1.0,6.9523809523809526,0,Focused / Low-Activity Learners
U02407,2,2,0.0,0.0,4.3950000000000005,2,2025-05-13,2025-07-28,31.060000000000002,Cybersecurity,Beginner,0.0,0.0,2.533333333333333,0.7894736842105263,2.0,1.0,4.7894736842105265,0,Focused / Low-Activity Learners
U02408,1,1,0.0,0.0,1.13,1,2025-05-15,2025-05-15,16.33,Machine Learning,Beginner,0.0,0.0,1.0,1.0,1.0,1.0,3.0,0,Focused / Low-Activity Learners
U02409,1,1,0.0,0.0,1.73,1,2025-09-23,2025-09-23,38.49,Machine Learning,Intermediate,0.0,0.0,1.0,1.0,1.0,1.0,3.0,0,Focused / Low-Activity Learners
U02410,12,12,1444.1200000000001,120.34333333333335,3.4416666666666664,10,2025-02-05,2025-12-24,31.415000000000003,Digital Marketing,Intermediate,5.0,0.4166666666666667,10.733333333333333,1.1180124223602486,17.0,1.2,30.11801242236025,1,Advanced / Deep Learners
U02411,1,1,37.89,37.89,1.3,1,2025-08-16,2025-08-16,24.11,Web Development,Advanced,1.0,1.0,1.0,1.0,2.0,1.0,4.0,0,Focused / Low-Activity Learners
U02412,1,1,0.0,0.0,2.98,1,2025-09-26,2025-09-26,18.0,Marketing,Advanced,1.0,1.0,1.0,1.0,2.0,1.0,4.0,0,Focused / Low-Activity Learners
U02413,2,2,0.0,0.0,4.445,2,2025-03-08,2025-08-23,32.1,Marketing,Intermediate,1.0,0.5,5.6,0.35714285714285715,3.0,1.0,5.357142857142858,0,Focused / Low-Activity Learners
U02414,3,3,472.28,157.42666666666665,4.2299999999999995,2,2025-06-22,2025-08-21,21.786666666666665,Programming,Beginner,0.0,0.0,2.0,1.5,3.0,1.5,7.5,0,Focused / Low-Activity Learners
U02415,11,11,1568.1699999999998,142.56090909090906,2.9454545454545453,7,2025-01-15,2025-11-17,22.66,Artificial Intelligence,Intermediate,3.0,0.2727272727272727,10.2,1.0784313725490198,14.0,1.5714285714285714,26.07843137254902,1,Advanced / Deep Learners
U02416,1,1,0.0,0.0,4.45,1,2025-08-04,2025-08-04,15.29,Design,Advanced,1.0,1.0,1.0,1.0,2.0,1.0,4.0,0,Focused / Low-Activity Learners
U02417,1,1,0.0,0.0,2.01,1,2025-09-23,2025-09-23,15.44,Marketing,Advanced,1.0,1.0,1.0,1.0,2.0,1.0,4.0,0,Focused / Low-Activity Learners
U02418,1,1,0.0,0.0,1.73,1,2025-05-27,2025-05-27,38.49,Machine Learning,Intermediate,0.0,0.0,1.0,1.0,1.0,1.0,3.0,0,Focused / Low-Activity Learners
U02419,1,1,0.0,0.0,3.02,1,2025-10-03,2025-10-03,9.71,Data Science,Intermediate,0.0,0.0,1.0,1.0,1.0,1.0,3.0,0,Focused / Low-Activity Learners
U02420,1,1,0.0,0.0,4.11,1,2025-05-19,2025-05-19,46.25,Marketing,Intermediate,0.0,0.0,1.0,1.0,1.0,1.0,3.0,0,Focused / Low-Activity Learners
U02421,1,1,0.0,0.0,4.1,1,2025-04-17,2025-04-17,34.83,Finance,Intermediate,0.0,0.0,1.0,1.0,1.0,1.0,3.0,0,Focused / Low-Activity Learners
U02422,1,1,57.32,57.32,4.74,1,2025-11-14,2025-11-14,43.95,Web Development,Advanced,1.0,1.0,1.0,1.0,2.0,1.0,4.0,0,Focused / Low-Activity Learners
U02423,2,2,445.67,222.835,2.04,2,2025-07-13,2025-10-10,30.110000000000003,Project Management,Beginner,1.0,0.5,2.966666666666667,0.6741573033707865,3.0,1.0,5.674157303370786,0,Focused / Low-Activity Learners
U02424,1,1,0.0,0.0,4.73,1,2025-07-23,2025-07-23,47.7,Machine Learning,Intermediate,0.0,0.0,1.0,1.0,1.0,1.0,3.0,0,Focused / Low-Activity Learners
U02425,2,2,0.0,0.0,4.075,2,2025-03-01,2025-10-26,45.445,Design,Beginner,0.0,0.0,7.966666666666667,0.2510460251046025,2.0,1.0,4.2510460251046025,0,Focused / Low-Activity Learners
U02426,1,1,299.57,299.57,3.74,1,2025-09-17,2025-09-17,48.32,Data Science,Beginner,0.0,0.0,1.0,1.0,1.0,1.0,3.0,0,Focused / Low-Activity Learners
U02427,15,15,893.0,59.53333333333333,3.372,9,2025-01-01,2025-08-09,35.13,Web Development,Intermediate,5.0,0.3333333333333333,7.333333333333333,2.0454545454545454,20.0,1.6666666666666667,37.04545454545455,1,Advanced / Deep Learners
U02428,2,2,548.22,274.11,4.645,2,2025-03-10,2025-05-02,25.75,Web Development,Beginner,1.0,0.5,1.7666666666666666,1.1320754716981132,3.0,1.0,6.132075471698113,0,Focused / Low-Activity Learners
U02429,3,3,0.0,0.0,2.0233333333333334,2,2025-06-01,2025-10-28,33.443333333333335,Programming,Beginner,0.0,0.0,4.966666666666667,0.6040268456375839,3.0,1.5,6.604026845637584,0,Focused / Low-Activity Learners
U02430,1,1,0.0,0.0,3.32,1,2025-08-19,2025-08-19,48.57,Web Development,Beginner,0.0,0.0,1.0,1.0,1.0,1.0,3.0,0,Focused / Low-Activity Learners
U02431,1,1,327.99,327.99,1.51,1,2025-04-10,2025-04-10,12.13,Project Management,Beginner,0.0,0.0,1.0,1.0,1.0,1.0,3.0,0,Focused / Low-Activity Learners
U02432,15,15,1593.46,106.23066666666666,2.9373333333333336,10,2025-01-11,2025-12-09,21.987333333333332,Web Development,Beginner,4.0,0.26666666666666666,11.066666666666666,1.355421686746988,19.0,1.5,35.355421686746986,1,Advanced / Deep Learners
U02433,1,1,117.68,117.68,2.57,1,2025-04-17,2025-04-17,48.09,Data Science,Advanced,1.0,1.0,1.0,1.0,2.0,1.0,4.0,0,Focused / Low-Activity Learners
U02434,1,1,0.0,0.0,3.85,1,2025-09-08,2025-09-08,19.53,Programming,Beginner,0.0,0.0,1.0,1.0,1.0,1.0,3.0,0,Focused / Low-Activity Learners
U02435,1,1,487.92,487.92,3.64,1,2025-10-18,2025-10-18,36.01,Business,Advanced,1.0,1.0,1.0,1.0,2.0,1.0,4.0,0,Focused / Low-Activity Learners
U02436,3,3,445.67,148.55666666666667,2.4666666666666663,3,2025-02-06,2025-08-16,36.263333333333335,Web Development,Beginner,1.0,0.3333333333333333,6.366666666666666,0.47120418848167545,4.0,1.0,7.471204188481675,0,Focused / Low-Activity Learners
U02437,1,1,0.0,0.0,2.98,1,2025-11-17,2025-11-17,18.0,Marketing,Advanced,1.0,1.0,1.0,1.0,2.0,1.0,4.0,0,Focused / Low-Activity Learners
U02438,1,1,0.0,0.0,2.38,1,2025-11-17,2025-11-17,16.74,Cybersecurity,Advanced,1.0,1.0,1.0,1.0,2.0,1.0,4.0,0,Focused / Low-Activity Learners
U02439,1,1,276.37,276.37,2.72,1,2025-08-18,2025-08-18,48.84,Design,Advanced,1.0,1.0,1.0,1.0,2.0,1.0,4.0,0,Focused / Low-Activity Learners
U02440,1,1,0.0,0.0,4.11,1,2025-02-22,2025-02-22,46.25,Marketing,Intermediate,0.0,0.0,1.0,1.0,1.0,1.0,3.0,0,Focused / Low-Activity Learners
U02441,1,1,0.0,0.0,4.44,1,2025-04-09,2025-04-09,1.46,Digital Marketing,Beginner,0.0,0.0,1.0,1.0,1.0,1.0,3.0,0,Focused / Low-Activity Learners
U02442,1,1,0.0,0.0,4.1,1,2025-11-25,2025-11-25,34.83,Finance,Intermediate,0.0,0.0,1.0,1.0,1.0,1.0,3.0,0,Focused / Low-Activity Learners
U02443,2,2,95.21000000000001,47.605000000000004,3.02,1,2025-05-14,2025-11-03,34.03,Web Development,Advanced,2.0,1.0,5.766666666666667,0.3468208092485549,4.0,2.0,6.346820809248555,0,Focused / Low-Activity Learners
U02444,1,1,0.0,0.0,1.91,1,2025-10-16,2025-10-16,26.52,Cybersecurity,Intermediate,0.0,0.0,1.0,1.0,1.0,1.0,3.0,0,Focused / Low-Activity Learners
U02445,14,14,1507.12,107.65142857142857,2.71,10,2025-02-19,2025-12-24,31.84,Machine Learning,Intermediate,4.0,0.2857142857142857,10.266666666666667,1.3636363636363635,18.0,1.4,33.36363636363636,1,Advanced / Deep Learners
U02446,2,2,490.9,245.45,3.9349999999999996,2,2025-09-30,2025-12-07,28.06,Web Development,Beginner,0.0,0.0,2.2666666666666666,0.8823529411764706,2.0,1.0,4.882352941176471,0,Focused / Low-Activity Learners
U02447,1,1,0.0,0.0,4.45,1,2025-04-06,2025-04-06,15.29,Design,Advanced,1.0,1.0,1.0,1.0,2.0,1.0,4.0,0,Focused / Low-Activity Learners
U02448,2,2,0.0,0.0,2.8099999999999996,2,2025-05-22,2025-09-16,18.849999999999998,Finance,Advanced,1.0,0.5,3.9,0.5128205128205129,3.0,1.0,5.512820512820513,0,Focused / Low-Activity Learners
U02449,1,1,285.05,285.05,1.96,1,2025-06-27,2025-06-27,34.78,Business,Beginner,0.0,0.0,1.0,1.0,1.0,1.0,3.0,0,Focused / Low-Activity Learners
U02450,1,1,0.0,0.0,1.73,1,2025-01-25,2025-01-25,38.49,Machine Learning,Intermediate,0.0,0.0,1.0,1.0,1.0,1.0,3.0,0,Focused / Low-Activity Learners
U02451,2,2,0.0,0.0,3.035,2,2025-08-02,2025-09-10,29.025,Marketing,Beginner,1.0,0.5,1.3,1.5384615384615383,3.0,1.0,6.538461538461538,0,Focused / Low-Activity Learners
U02452,2,2,0.0,0.0,2.865,2,2025-06-02,2025-11-28,21.985,Programming,Beginner,1.0,0.5,5.966666666666667,0.33519553072625696,3.0,1.0,5.335195530726256,0,Focused / Low-Activity Learners
U02453,1,1,212.39,212.39,3.15,1,2025-11-11,2025-11-11,22.89,Digital Marketing,Advanced,1.0,1.0,1.0,1.0,2.0,1.0,4.0,0,Focused / Low-Activity Learners
U02454,2,2,0.0,0.0,2.335,2,2025-05-29,2025-07-02,27.955,Web Development,Advanced,2.0,1.0,1.1333333333333333,1.7647058823529411,4.0,1.0,7.764705882352941,0,Focused / Low-Activity Learners
U02455,1,1,0.0,0.0,2.0,1,2025-03-01,2025-03-01,15.84,Business,Advanced,1.0,1.0,1.0,1.0,2.0,1.0,4.0,0,Focused / Low-Activity Learners
U02456,1,1,0.0,0.0,3.93,1,2025-06-29,2025-06-29,48.25,Cybersecurity,Intermediate,0.0,0.0,1.0,1.0,1.0,1.0,3.0,0,Focused / Low-Activity Learners
U02457,1,1,0.0,0.0,3.02,1,2025-04-06,2025-04-06,9.71,Data Science,Intermediate,0.0,0.0,1.0,1.0,1.0,1.0,3.0,0,Focused / Low-Activity Learners
U02458,2,2,443.7,221.85,2.63,2,2025-10-26,2025-12-16,29.700000000000003,Business,Advanced,1.0,0.5,1.7,1.1764705882352942,3.0,1.0,6.176470588235294,0,Focused / Low-Activity Learners
U02459,12,12,625.46,52.12166666666667,3.0966666666666662,9,2025-04-13,2025-12-24,27.64833333333333,Design,Beginner,4.0,0.3333333333333333,8.5,1.411764705882353,16.0,1.3333333333333333,29.411764705882355,1,Advanced / Deep Learners
U02460,1,1,0.0,0.0,2.38,1,2025-11-16,2025-11-16,16.74,Cybersecurity,Advanced,1.0,1.0,1.0,1.0,2.0,1.0,4.0,0,Focused / Low-Activity Learners
U02461,2,2,0.0,0.0,2.7649999999999997,2,2025-04-26,2025-06-23,19.515,Cybersecurity,Advanced,2.0,1.0,1.9333333333333333,1.0344827586206897,4.0,1.0,7.0344827586206895,0,Focused / Low-Activity Learners
U02462,1,1,327.99,327.99,1.51,1,2025-03-05,2025-03-05,12.13,Project Management,Beginner,0.0,0.0,1.0,1.0,1.0,1.0,3.0,0,Focused / Low-Activity Learners
U02463,1,1,0.0,0.0,4.68,1,2025-08-18,2025-08-18,15.75,Project Management,Beginner,0.0,0.0,1.0,1.0,1.0,1.0,3.0,0,Focused / Low-Activity Learners
U02464,1,1,0.0,0.0,3.85,1,2025-08-14,2025-08-14,19.53,Programming,Beginner,0.0,0.0,1.0,1.0,1.0,1.0,3.0,0,Focused / Low-Activity Learners
U02465,2,2,0.0,0.0,3.695,2,2025-06-12,2025-12-14,46.66,Design,Beginner,0.0,0.0,6.166666666666667,0.3243243243243243,2.0,1.0,4.324324324324325,0,Focused / Low-Activity Learners
U02466,4,4,365.96000000000004,91.49000000000001,3.285,4,2025-02-12,2025-07-17,25.695,Artificial Intelligence,Intermediate,1.0,0.25,5.166666666666667,0.7741935483870968,5.0,1.0,9.774193548387096,0,Focused / Low-Activity Learners
U02467,1,1,0.0,0.0,2.14,1,2025-06-21,2025-06-21,8.95,Digital Marketing,Beginner,0.0,0.0,1.0,1.0,1.0,1.0,3.0,0,Focused / Low-Activity Learners
U02468,3,3,0.0,0.0,4.346666666666667,3,2025-02-04,2025-07-05,28.763333333333335,Machine Learning,Intermediate,0.0,0.0,5.033333333333333,0.5960264900662252,3.0,1.0,6.596026490066225,0,Focused / Low-Activity Learners
U02469,2,2,0.0,0.0,2.3,2,2025-05-29,2025-12-11,38.625,Web Development,Beginner,0.0,0.0,6.533333333333333,0.30612244897959184,2.0,1.0,4.3061224489795915,0,Focused / Low-Activity Learners
U02470,13,13,734.32,56.48615384615385,2.6907692307692312,7,2025-01-26,2025-12-16,34.52230769230769,Design,Advanced,5.0,0.38461538461538464,10.8,1.2037037037037037,18.0,1.8571428571428572,32.2037037037037,1,Advanced / Deep Learners
U02471,1,1,326.02,326.02,2.69,1,2025-01-03,2025-01-03,11.31,Business,Intermediate,0.0,0.0,1.0,1.0,1.0,1.0,3.0,0,Focused / Low-Activity Learners
U02472,1,1,0.0,0.0,4.14,1,2025-01-04,2025-01-04,31.77,Finance,Beginner,0.0,0.0,1.0,1.0,1.0,1.0,3.0,0,Focused / Low-Activity Learners
U02473,1,1,0.0,0.0,4.94,1,2025-09-13,2025-09-13,42.59,Cybersecurity,Beginner,0.0,0.0,1.0,1.0,1.0,1.0,3.0,0,Focused / Low-Activity Learners
U02474,1,1,0.0,0.0,1.73,1,2025-05-23,2025-05-23,38.49,Machine Learning,Intermediate,0.0,0.0,1.0,1.0,1.0,1.0,3.0,0,Focused / Low-Activity Learners
U02475,1,1,0.0,0.0,4.72,1,2025-06-25,2025-06-25,42.68,Marketing,Intermediate,0.0,0.0,1.0,1.0,1.0,1.0,3.0,0,Focused / Low-Activity Learners
U02476,1,1,0.0,0.0,2.38,1,2025-08-29,2025-08-29,16.74,Cybersecurity,Advanced,1.0,1.0,1.0,1.0,2.0,1.0,4.0,0,Focused / Low-Activity Learners
U02477,1,1,342.61,342.61,4.84,1,2025-10-17,2025-10-17,17.14,Project Management,Intermediate,0.0,0.0,1.0,1.0,1.0,1.0,3.0,0,Focused / Low-Activity Learners
U02478,2,2,490.9,245.45,4.24,2,2025-02-17,2025-07-03,27.9,Cybersecurity,Beginner,0.0,0.0,4.533333333333333,0.4411764705882353,2.0,1.0,4.4411764705882355,0,Focused / Low-Activity Learners
U02479,4,4,285.05,71.2625,2.9475000000000002,4,2025-01-04,2025-10-15,27.7925,Programming,Beginner,0.0,0.0,9.466666666666667,0.4225352112676056,4.0,1.0,8.422535211267606,0,Focused / Low-Activity Learners
U02480,1,1,0.0,0.0,4.66,1,2025-09-26,2025-09-26,5.95,Digital Marketing,Intermediate,0.0,0.0,1.0,1.0,1.0,1.0,3.0,0,Focused / Low-Activity Learners
U02481,1,1,0.0,0.0,2.98,1,2025-05-10,2025-05-10,18.0,Marketing,Advanced,1.0,1.0,1.0,1.0,2.0,1.0,4.0,0,Focused / Low-Activity Learners
U02482,2,2,0.0,0.0,2.725,2,2025-01-07,2025-11-11,26.0,Machine Learning,Beginner,1.0,0.5,10.266666666666667,0.1948051948051948,3.0,1.0,5.194805194805195,0,Focused / Low-Activity Learners
U02483,1,1,0.0,0.0,4.94,1,2025-10-09,2025-10-09,42.59,Cybersecurity,Beginner,0.0,0.0,1.0,1.0,1.0,1.0,3.0,0,Focused / Low-Activity Learners
U02484,4,4,285.05,71.2625,2.045,4,2025-01-21,2025-07-16,29.9,Programming,Beginner,1.0,0.25,5.866666666666666,0.6818181818181819,5.0,1.0,9.681818181818182,0,Focused / Low-Activity Learners
U02485,14,14,621.35,44.38214285714286,3.3614285714285717,8,2025-03-20,2025-12-26,24.259999999999998,Marketing,Advanced,6.0,0.42857142857142855,9.366666666666667,1.494661921708185,20.0,1.75,35.494661921708186,1,Advanced / Deep Learners
U02486,2,2,177.34,88.67,4.275,1,2025-01-30,2025-12-02,27.84,Digital Marketing,Intermediate,1.0,0.5,10.2,0.19607843137254904,3.0,2.0,5.196078431372549,0,Focused / Low-Activity Learners
U02487,1,1,0.0,0.0,2.98,1,2025-01-25,2025-01-25,18.0,Marketing,Advanced,1.0,1.0,1.0,1.0,2.0,1.0,4.0,0,Focused / Low-Activity Learners
U02488,1,1,0.0,0.0,3.02,1,2025-05-05,2025-05-05,9.71,Data Science,Intermediate,0.0,0.0,1.0,1.0,1.0,1.0,3.0,0,Focused / Low-Activity Learners
U02489,1,1,0.0,0.0,3.65,1,2025-08-14,2025-08-14,32.64,Data Science,Beginner,0.0,0.0,1.0,1.0,1.0,1.0,3.0,0,Focused / Low-Activity Learners
U02490,13,13,0.78,0.060000000000000005,3.7130769230769234,8,2025-01-06,2025-12-27,32.09615384615385,Data Science,Beginner,4.0,0.3076923076923077,11.833333333333334,1.0985915492957745,17.0,1.625,31.098591549295776,1,Advanced / Deep Learners
U02491,1,1,0.0,0.0,4.14,1,2025-12-14,2025-12-14,31.77,Finance,Beginner,0.0,0.0,1.0,1.0,1.0,1.0,3.0,0,Focused / Low-Activity Learners
U02492,1,1,0.0,0.0,3.93,1,2025-05-16,2025-05-16,48.25,Cybersecurity,Intermediate,0.0,0.0,1.0,1.0,1.0,1.0,3.0,0,Focused / Low-Activity Learners
U02493,1,1,0.0,0.0,1.91,1,2025-10-18,2025-10-18,26.52,Cybersecurity,Intermediate,0.0,0.0,1.0,1.0,1.0,1.0,3.0,0,Focused / Low-Activity Learners
U02494,1,1,0.0,0.0,1.73,1,2025-09-21,2025-09-21,38.49,Machine Learning,Intermediate,0.0,0.0,1.0,1.0,1.0,1.0,3.0,0,Focused / Low-Activity Learners
U02495,2,2,89.59,44.795,3.5600000000000005,2,2025-01-27,2025-06-26,1.505,Digital Marketing,Intermediate,0.0,0.0,5.0,0.4,2.0,1.0,4.4,0,Focused / Low-Activity Learners
U02496,1,1,0.0,0.0,1.52,1,2025-06-28,2025-06-28,2.87,Design,Advanced,1.0,1.0,1.0,1.0,2.0,1.0,4.0,0,Focused / Low-Activity Learners
U02497,2,2,0.0,0.0,2.8499999999999996,2,2025-12-02,2025-12-28,32.655,Cybersecurity,Advanced,1.0,0.5,1.0,2.0,3.0,1.0,7.0,0,Focused / Low-Activity Learners
U02498,1,1,0.0,0.0,1.28,1,2025-09-05,2025-09-05,28.68,Programming,Beginner,0.0,0.0,1.0,1.0,1.0,1.0,3.0,0,Focused / Low-Activity Learners
U02499,1,1,0.0,0.0,2.67,1,2025-08-13,2025-08-13,40.07,Web Development,Advanced,1.0,1.0,1.0,1.0,2.0,1.0,4.0,0,Focused / Low-Activity Learners
U02500,1,1,0.0,0.0,4.11,1,2025-10-04,2025-10-04,46.25,Marketing,Intermediate,0.0,0.0,1.0,1.0,1.0,1.0,3.0,0,Focused / Low-Activity Learners
U02501,1,1,0.0,0.0,3.45,1,2025-06-28,2025-06-28,33.93,Project Management,Intermediate,0.0,0.0,1.0,1.0,1.0,1.0,3.0,0,Focused / Low-Activity Learners
U02502,1,1,0.0,0.0,2.0,1,2025-03-17,2025-03-17,15.84,Business,Advanced,1.0,1.0,1.0,1.0,2.0,1.0,4.0,0,Focused / Low-Activity Learners
U02503,2,2,0.0,0.0,2.725,2,2025-06-08,2025-08-11,25.56,Cybersecurity,Intermediate,1.0,0.5,2.1333333333333333,0.9375,3.0,1.0,5.9375,0,Focused / Low-Activity Learners
U02504,4,4,326.02,81.505,3.0225,3,2025-01-07,2025-11-09,26.3,Business,Advanced,3.0,0.75,10.2,0.3921568627450981,7.0,1.3333333333333333,11.392156862745098,0,Focused / Low-Activity Learners
U02505,1,1,248.1,248.1,1.2,1,2025-11-29,2025-11-29,9.4,Artificial Intelligence,Beginner,0.0,0.0,1.0,1.0,1.0,1.0,3.0,0,Focused / Low-Activity Learners
U02506,1,1,285.05,285.05,1.96,1,2025-02-08,2025-02-08,34.78,Business,Beginner,0.0,0.0,1.0,1.0,1.0,1.0,3.0,0,Focused / Low-Activity Learners
U02507,1,1,0.0,0.0,2.38,1,2025-08-15,2025-08-15,16.74,Cybersecurity,Advanced,1.0,1.0,1.0,1.0,2.0,1.0,4.0,0,Focused / Low-Activity Learners
U02508,1,1,0.0,0.0,4.51,1,2025-01-01,2025-01-01,48.19,Design,Beginner,0.0,0.0,1.0,1.0,1.0,1.0,3.0,0,Focused / Low-Activity Learners
U02509,3,3,0.78,0.26,3.1633333333333336,3,2025-07-06,2025-12-19,20.666666666666668,Machine Learning,Advanced,2.0,0.6666666666666666,5.533333333333333,0.5421686746987951,5.0,1.0,8.542168674698795,0,Focused / Low-Activity Learners
U02510,2,2,0.0,0.0,3.78,2,2025-11-28,2025-12-11,30.44,Project Management,Beginner,0.0,0.0,1.0,2.0,2.0,1.0,6.0,0,Focused / Low-Activity Learners
U02511,1,1,0.0,0.0,2.43,1,2025-07-02,2025-07-02,37.7,Programming,Intermediate,0.0,0.0,1.0,1.0,1.0,1.0,3.0,0,Focused / Low-Activity Learners
U02512,14,14,934.95,66.78214285714286,3.1221428571428573,8,2025-01-15,2025-12-12,26.051428571428573,Project Management,Intermediate,3.0,0.21428571428571427,11.033333333333333,1.2688821752265862,17.0,1.75,32.26888217522659,1,Advanced / Deep Learners
U02513,1,1,472.28,472.28,4.74,1,2025-01-06,2025-01-06,11.0,Programming,Beginner,0.0,0.0,1.0,1.0,1.0,1.0,3.0,0,Focused / Low-Activity Learners
U02514,2,2,0.0,0.0,4.045,2,2025-05-07,2025-09-01,28.995,Design,Beginner,1.0,0.5,3.9,0.5128205128205129,3.0,1.0,5.512820512820513,0,Focused / Low-Activity Learners
U02515,11,11,996.46,90.58727272727273,3.016363636363636,8,2025-02-04,2025-11-30,28.046363636363637,Cybersecurity,Beginner,4.0,0.36363636363636365,9.966666666666667,1.1036789297658862,15.000000000000002,1.375,27.103678929765888,1,Advanced / Deep Learners
U02516,1,1,0.0,0.0,2.98,1,2025-07-06,2025-07-06,18.0,Marketing,Advanced,1.0,1.0,1.0,1.0,2.0,1.0,4.0,0,Focused / Low-Activity Learners
U02517,2,2,464.39,232.195,1.9,2,2025-04-07,2025-06-25,25.755000000000003,Project Management,Advanced,2.0,1.0,2.6333333333333333,0.759493670886076,4.0,1.0,6.759493670886076,0,Focused / Low-Activity Learners
U02518,1,1,0.0,0.0,2.43,1,2025-06-16,2025-06-16,37.7,Programming,Intermediate,0.0,0.0,1.0,1.0,1.0,1.0,3.0,0,Focused / Low-Activity Learners
U02519,2,2,89.59,44.795,3.165,2,2025-09-20,2025-09-21,17.095,Artificial Intelligence,Intermediate,0.0,0.0,1.0,2.0,2.0,1.0,6.0,0,Focused / Low-Activity Learners
U02520,1,1,0.0,0.0,3.64,1,2025-03-17,2025-03-17,42.7,Artificial Intelligence,Beginner,0.0,0.0,1.0,1.0,1.0,1.0,3.0,0,Focused / Low-Activity Learners
U02521,4,4,89.59,22.3975,4.135,4,2025-03-30,2025-11-13,20.072499999999998,Artificial Intelligence,Intermediate,1.0,0.25,7.6,0.5263157894736842,5.0,1.0,9.526315789473685,0,Focused / Low-Activity Learners
U02522,1,1,117.68,117.68,2.57,1,2025-12-04,2025-12-04,48.09,Data Science,Advanced,1.0,1.0,1.0,1.0,2.0,1.0,4.0,0,Focused / Low-Activity Learners
U02523,1,1,0.0,0.0,1.59,1,2025-10-18,2025-10-18,6.36,Finance,Advanced,1.0,1.0,1.0,1.0,2.0,1.0,4.0,0,Focused / Low-Activity Learners
U02524,1,1,0.0,0.0,4.66,1,2025-01-02,2025-01-02,5.95,Digital Marketing,Intermediate,0.0,0.0,1.0,1.0,1.0,1.0,3.0,0,Focused / Low-Activity Learners
U02525,1,1,0.0,0.0,1.13,1,2025-08-28,2025-08-28,16.33,Machine Learning,Beginner,0.0,0.0,1.0,1.0,1.0,1.0,3.0,0,Focused / Low-Activity Learners
U02526,2,2,461.65000000000003,230.82500000000002,3.795,2,2025-09-08,2025-10-23,20.275,Project Management,Intermediate,0.0,0.0,1.5,1.3333333333333333,2.0,1.0,5.333333333333333,0,Focused / Low-Activity Learners
U02527,1,1,0.0,0.0,4.68,1,2025-07-08,2025-07-08,15.75,Project Management,Beginner,0.0,0.0,1.0,1.0,1.0,1.0,3.0,0,Focused / Low-Activity Learners
U02528,1,1,0.0,0.0,4.14,1,2025-09-05,2025-09-05,31.77,Finance,Beginner,0.0,0.0,1.0,1.0,1.0,1.0,3.0,0,Focused / Low-Activity Learners
U02529,3,3,299.57,99.85666666666667,3.9500000000000006,3,2025-03-04,2025-06-09,42.086666666666666,Web Development,Beginner,1.0,0.3333333333333333,3.2333333333333334,0.9278350515463918,4.0,1.0,7.927835051546392,0,Focused / Low-Activity Learners
U02530,1,1,472.28,472.28,4.74,1,2025-04-27,2025-04-27,11.0,Programming,Beginner,0.0,0.0,1.0,1.0,1.0,1.0,3.0,0,Focused / Low-Activity Learners
U02531,4,4,0.0,0.0,3.4800000000000004,3,2025-01-15,2025-11-18,34.795,Machine Learning,Intermediate,1.0,0.25,10.233333333333333,0.39087947882736157,5.0,1.3333333333333333,9.390879478827362,0,Focused / Low-Activity Learners
U02532,1,1,0.0,0.0,3.02,1,2025-02-13,2025-02-13,9.71,Data Science,Intermediate,0.0,0.0,1.0,1.0,1.0,1.0,3.0,0,Focused / Low-Activity Learners
U02533,1,1,0.0,0.0,2.43,1,2025-04-23,2025-04-23,37.7,Programming,Intermediate,0.0,0.0,1.0,1.0,1.0,1.0,3.0,0,Focused / Low-Activity Learners
U02534,2,2,0.0,0.0,3.59,2,2025-02-26,2025-12-28,44.129999999999995,Web Development,Beginner,1.0,0.5,10.166666666666666,0.19672131147540986,3.0,1.0,5.19672131147541,0,Focused / Low-Activity Learners
U02535,2,2,327.99,163.995,3.12,2,2025-03-01,2025-07-30,29.915000000000003,Project Management,Intermediate,0.0,0.0,5.033333333333333,0.3973509933774835,2.0,1.0,4.397350993377484,0,Focused / Low-Activity Learners
U02536,2,2,0.0,0.0,2.435,1,2025-09-23,2025-10-06,40.415,Web Development,Advanced,1.0,0.5,1.0,2.0,3.0,2.0,7.0,0,Focused / Low-Activity Learners
U02537,12,12,1763.05,146.92083333333332,3.831666666666667,8,2025-02-08,2025-09-25,21.901666666666667,Digital Marketing,Intermediate,4.0,0.3333333333333333,7.633333333333334,1.5720524017467248,16.0,1.5,29.572052401746724,1,Advanced / Deep Learners
U02538,1,1,0.0,0.0,1.91,1,2025-06-19,2025-06-19,26.52,Cybersecurity,Intermediate,0.0,0.0,1.0,1.0,1.0,1.0,3.0,0,Focused / Low-Activity Learners
U02539,2,2,394.26,197.13,3.1450000000000005,1,2025-04-05,2025-12-30,45.015,Cybersecurity,Intermediate,0.0,0.0,8.966666666666667,0.22304832713754646,2.0,2.0,4.223048327137546,0,Focused / Low-Activity Learners
U02540,15,15,1028.3,68.55333333333333,3.033333333333333,11,2025-01-07,2025-12-16,22.02466666666667,Artificial Intelligence,Advanced,5.0,0.3333333333333333,11.433333333333334,1.3119533527696792,20.0,1.3636363636363635,36.31195335276968,1,Advanced / Deep Learners
U02541,13,13,1775.24,136.55692307692308,3.6353846153846154,8,2025-01-30,2025-12-27,30.344615384615388,Data Science,Beginner,3.0,0.23076923076923078,11.033333333333333,1.1782477341389728,16.0,1.625,30.17824773413897,1,Advanced / Deep Learners
U02542,13,13,815.93,62.76384615384615,3.233846153846154,7,2025-01-16,2025-12-04,24.096153846153847,Machine Learning,Advanced,6.0,0.46153846153846156,10.733333333333333,1.2111801242236027,19.0,1.8571428571428572,33.2111801242236,1,Advanced / Deep Learners
U02543,1,1,0.0,0.0,3.64,1,2025-08-22,2025-08-22,42.7,Artificial Intelligence,Beginner,0.0,0.0,1.0,1.0,1.0,1.0,3.0,0,Focused / Low-Activity Learners
U02544,1,1,490.9,490.9,4.55,1,2025-11-21,2025-11-21,7.55,Artificial Intelligence,Beginner,0.0,0.0,1.0,1.0,1.0,1.0,3.0,0,Focused / Low-Activity Learners
U02545,2,2,0.0,0.0,2.92,1,2025-01-07,2025-05-08,37.385,Cybersecurity,Intermediate,0.0,0.0,4.033333333333333,0.49586776859504134,2.0,2.0,4.4958677685950414,0,Focused / Low-Activity Learners
U02546,1,1,285.05,285.05,1.96,1,2025-12-08,2025-12-08,34.78,Business,Beginner,0.0,0.0,1.0,1.0,1.0,1.0,3.0,0,Focused / Low-Activity Learners
U02547,1,1,0.0,0.0,3.6,1,2025-01-01,2025-01-01,1.2,Data Science,Intermediate,0.0,0.0,1.0,1.0,1.0,1.0,3.0,0,Focused / Low-Activity Learners
U02548,2,2,487.92,243.96,3.785,2,2025-02-04,2025-09-23,42.129999999999995,Business,Intermediate,1.0,0.5,7.7,0.2597402597402597,3.0,1.0,5.25974025974026,0,Focused / Low-Activity Learners
U02549,1,1,0.0,0.0,2.38,1,2025-10-13,2025-10-13,16.74,Cybersecurity,Advanced,1.0,1.0,1.0,1.0,2.0,1.0,4.0,0,Focused / Low-Activity Learners
U02550,1,1,327.99,327.99,1.51,1,2025-08-02,2025-08-02,12.13,Project Management,Beginner,0.0,0.0,1.0,1.0,1.0,1.0,3.0,0,Focused / Low-Activity Learners
U02551,1,1,0.0,0.0,2.67,1,2025-05-03,2025-05-03,40.07,Web Development,Advanced,1.0,1.0,1.0,1.0,2.0,1.0,4.0,0,Focused / Low-Activity Learners
U02552,1,1,0.0,0.0,4.51,1,2025-07-13,2025-07-13,48.19,Design,Beginner,0.0,0.0,1.0,1.0,1.0,1.0,3.0,0,Focused / Low-Activity Learners
U02553,2,2,487.92,243.96,2.775,2,2025-10-10,2025-11-15,31.265,Cybersecurity,Intermediate,1.0,0.5,1.2,1.6666666666666667,3.0,1.0,6.666666666666667,0,Focused / Low-Activity Learners
U02554,1,1,299.57,299.57,3.74,1,2025-04-26,2025-04-26,48.32,Data Science,Beginner,0.0,0.0,1.0,1.0,1.0,1.0,3.0,0,Focused / Low-Activity Learners
U02555,1,1,0.0,0.0,4.51,1,2025-01-10,2025-01-10,48.19,Design,Beginner,0.0,0.0,1.0,1.0,1.0,1.0,3.0,0,Focused / Low-Activity Learners
U02556,1,1,276.37,276.37,2.72,1,2025-10-14,2025-10-14,48.84,Design,Advanced,1.0,1.0,1.0,1.0,2.0,1.0,4.0,0,Focused / Low-Activity Learners
U02557,1,1,0.0,0.0,3.64,1,2025-02-19,2025-02-19,42.7,Artificial Intelligence,Beginner,0.0,0.0,1.0,1.0,1.0,1.0,3.0,0,Focused / Low-Activity Learners
U02558,4,4,0.78,0.195,3.6725000000000003,4,2025-01-20,2025-05-21,33.0925,Programming,Intermediate,1.0,0.25,4.033333333333333,0.9917355371900827,5.0,1.0,9.991735537190083,0,Focused / Low-Activity Learners
U02559,1,1,0.0,0.0,4.45,1,2025-09-27,2025-09-27,15.29,Design,Advanced,1.0,1.0,1.0,1.0,2.0,1.0,4.0,0,Focused / Low-Activity Learners
U02560,1,1,0.0,0.0,3.65,1,2025-06-20,2025-06-20,32.64,Data Science,Beginner,0.0,0.0,1.0,1.0,1.0,1.0,3.0,0,Focused / Low-Activity Learners
U02561,1,1,0.0,0.0,4.72,1,2025-07-15,2025-07-15,42.68,Marketing,Intermediate,0.0,0.0,1.0,1.0,1.0,1.0,3.0,0,Focused / Low-Activity Learners
U02562,4,4,326.02,81.505,3.09,4,2025-01-27,2025-12-26,15.9825,Machine Learning,Beginner,0.0,0.0,11.1,0.3603603603603604,4.0,1.0,8.36036036036036,0,Focused / Low-Activity Learners
U02563,1,1,0.0,0.0,3.93,1,2025-07-25,2025-07-25,48.25,Cybersecurity,Intermediate,0.0,0.0,1.0,1.0,1.0,1.0,3.0,0,Focused / Low-Activity Learners
U02564,13,13,1558.96,119.92,3.1046153846153848,8,2025-02-25,2025-12-15,28.87846153846154,Finance,Beginner,3.0,0.23076923076923078,9.766666666666667,1.3310580204778155,16.0,1.625,30.331058020477816,1,Advanced / Deep Learners
U02565,1,1,327.99,327.99,1.51,1,2025-09-01,2025-09-01,12.13,Project Management,Beginner,0.0,0.0,1.0,1.0,1.0,1.0,3.0,0,Focused / Low-Activity Learners
U02566,14,14,1608.62,114.90142857142857,3.367142857142857,10,2025-01-08,2025-12-28,33.00714285714286,Programming,Beginner,3.0,0.21428571428571427,11.8,1.1864406779661016,17.0,1.4,32.186440677966104,1,Advanced / Deep Learners
U02567,1,1,0.0,0.0,1.81,1,2025-08-02,2025-08-02,9.3,Machine Learning,Advanced,1.0,1.0,1.0,1.0,2.0,1.0,4.0,0,Focused / Low-Activity Learners
U02568,2,2,0.0,0.0,3.71,2,2025-04-27,2025-06-29,9.73,Marketing,Beginner,1.0,0.5,2.1,0.9523809523809523,3.0,1.0,5.9523809523809526,0,Focused / Low-Activity Learners
U02569,1,1,0.0,0.0,1.52,1,2025-06-04,2025-06-04,2.87,Design,Advanced,1.0,1.0,1.0,1.0,2.0,1.0,4.0,0,Focused / Low-Activity Learners
U02570,1,1,472.28,472.28,4.74,1,2025-11-23,2025-11-23,11.0,Programming,Beginner,0.0,0.0,1.0,1.0,1.0,1.0,3.0,0,Focused / Low-Activity Learners
U02571,1,1,0.0,0.0,1.91,1,2025-09-28,2025-09-28,26.52,Cybersecurity,Intermediate,0.0,0.0,1.0,1.0,1.0,1.0,3.0,0,Focused / Low-Activity Learners
U02572,1,1,0.0,0.0,2.61,1,2025-12-10,2025-12-10,48.68,Design,Advanced,1.0,1.0,1.0,1.0,2.0,1.0,4.0,0,Focused / Low-Activity Learners
U02573,1,1,0.0,0.0,1.28,1,2025-06-24,2025-06-24,28.68,Programming,Beginner,0.0,0.0,1.0,1.0,1.0,1.0,3.0,0,Focused / Low-Activity Learners
U02574,1,1,346.71,346.71,1.23,1,2025-09-21,2025-09-21,3.42,Project Management,Advanced,1.0,1.0,1.0,1.0,2.0,1.0,4.0,0,Focused / Low-Activity Learners
U02575,2,2,285.05,142.525,1.545,2,2025-05-12,2025-11-20,25.555,Machine Learning,Beginner,0.0,0.0,6.4,0.3125,2.0,1.0,4.3125,0,Focused / Low-Activity Learners
U02576,1,1,117.68,117.68,2.57,1,2025-01-15,2025-01-15,48.09,Data Science,Advanced,1.0,1.0,1.0,1.0,2.0,1.0,4.0,0,Focused / Low-Activity Learners
U02577,2,2,285.05,142.525,3.035,2,2025-03-27,2025-08-28,40.515,Marketing,Beginner,0.0,0.0,5.133333333333334,0.3896103896103896,2.0,1.0,4.3896103896103895,0,Focused / Low-Activity Learners
U02578,1,1,0.0,0.0,4.14,1,2025-10-12,2025-10-12,31.77,Finance,Beginner,0.0,0.0,1.0,1.0,1.0,1.0,3.0,0,Focused / Low-Activity Learners
U02579,1,1,0.0,0.0,4.72,1,2025-02-26,2025-02-26,42.68,Marketing,Intermediate,0.0,0.0,1.0,1.0,1.0,1.0,3.0,0,Focused / Low-Activity Learners
U02580,1,1,285.05,285.05,1.96,1,2025-10-01,2025-10-01,34.78,Business,Beginner,0.0,0.0,1.0,1.0,1.0,1.0,3.0,0,Focused / Low-Activity Learners
U02581,2,2,346.71,173.355,2.67,2,2025-03-02,2025-05-21,24.835,Project Management,Intermediate,1.0,0.5,2.6666666666666665,0.75,3.0,1.0,5.75,0,Focused / Low-Activity Learners
U02582,15,15,648.64,43.242666666666665,3.786666666666667,10,2025-01-05,2025-12-24,26.96466666666667,Cybersecurity,Beginner,2.0,0.13333333333333333,11.766666666666667,1.2747875354107647,17.0,1.5,33.274787535410766,1,Advanced / Deep Learners
U02583,14,14,759.86,54.27571428571429,2.8449999999999998,10,2025-03-25,2025-12-29,26.74642857142857,Data Science,Beginner,5.0,0.35714285714285715,9.3,1.5053763440860215,19.0,1.4,34.505376344086024,1,Advanced / Deep Learners
U02584,2,2,0.78,0.39,3.135,2,2025-03-30,2025-07-05,30.85,Machine Learning,Advanced,2.0,1.0,3.2333333333333334,0.6185567010309279,4.0,1.0,6.618556701030927,0,Focused / Low-Activity Learners
U02585,2,2,465.75,232.875,1.99,2,2025-06-08,2025-06-19,13.415,Project Management,Intermediate,1.0,0.5,1.0,2.0,3.0,1.0,7.0,0,Focused / Low-Activity Learners
U02586,1,1,0.0,0.0,3.64,1,2025-08-28,2025-08-28,42.7,Artificial Intelligence,Beginner,0.0,0.0,1.0,1.0,1.0,1.0,3.0,0,Focused / Low-Activity Learners
U02587,2,2,285.05,142.525,2.9050000000000002,2,2025-06-01,2025-12-16,27.155,Programming,Beginner,0.0,0.0,6.6,0.30303030303030304,2.0,1.0,4.303030303030303,0,Focused / Low-Activity Learners
U02588,1,1,415.51,415.51,3.11,1,2025-07-15,2025-07-15,28.33,Artificial Intelligence,Intermediate,0.0,0.0,1.0,1.0,1.0,1.0,3.0,0,Focused / Low-Activity Learners
U02589,1,1,0.78,0.78,3.89,1,2025-10-10,2025-10-10,44.96,Machine Learning,Advanced,1.0,1.0,1.0,1.0,2.0,1.0,4.0,0,Focused / Low-Activity Learners
U02590,2,2,248.1,124.05,2.93,2,2025-03-01,2025-03-18,7.675000000000001,Digital Marketing,Beginner,0.0,0.0,1.0,2.0,2.0,1.0,6.0,0,Focused / Low-Activity Learners
U02591,1,1,0.0,0.0,4.73,1,2025-04-24,2025-04-24,47.7,Machine Learning,Intermediate,0.0,0.0,1.0,1.0,1.0,1.0,3.0,0,Focused / Low-Activity Learners
U02592,2,2,472.28,236.14,4.84,2,2025-09-29,2025-10-28,26.795,Cybersecurity,Beginner,0.0,0.0,1.0,2.0,2.0,1.0,6.0,0,Focused / Low-Activity Learners
U02593,12,12,1432.53,119.3775,3.4291666666666667,10,2025-01-02,2025-10-04,28.021666666666665,Design,Beginner,6.0,0.5,9.166666666666666,1.309090909090909,18.0,1.2,31.30909090909091,1,Advanced / Deep Learners
U02594,1,1,327.99,327.99,1.51,1,2025-11-26,2025-11-26,12.13,Project Management,Beginner,0.0,0.0,1.0,1.0,1.0,1.0,3.0,0,Focused / Low-Activity Learners
U02595,1,1,0.78,0.78,3.89,1,2025-11-28,2025-11-28,44.96,Machine Learning,Advanced,1.0,1.0,1.0,1.0,2.0,1.0,4.0,0,Focused / Low-Activity Learners
U02596,1,1,212.39,212.39,3.15,1,2025-05-18,2025-05-18,22.89,Digital Marketing,Advanced,1.0,1.0,1.0,1.0,2.0,1.0,4.0,0,Focused / Low-Activity Learners
U02597,2,2,269.71,134.855,3.9450000000000003,2,2025-03-19,2025-12-02,33.42,Digital Marketing,Advanced,2.0,1.0,8.6,0.23255813953488372,4.0,1.0,6.232558139534884,0,Focused / Low-Activity Learners
U02598,1,1,0.0,0.0,3.6,1,2025-04-13,2025-04-13,1.2,Data Science,Intermediate,0.0,0.0,1.0,1.0,1.0,1.0,3.0,0,Focused / Low-Activity Learners
U02599,2,2,436.29999999999995,218.14999999999998,1.955,2,2025-03-02,2025-07-08,2.485,Artificial Intelligence,Intermediate,1.0,0.5,4.266666666666667,0.46875,3.0,1.0,5.46875,0,Focused / Low-Activity Learners
U02600,3,3,623.0799999999999,207.6933333333333,2.11,3,2025-04-21,2025-11-20,23.0,Design,Advanced,3.0,1.0,7.1,0.4225352112676057,6.0,1.0,9.422535211267606,0,Focused / Low-Activity Learners
U02601,4,4,0.0,0.0,2.9675000000000002,4,2025-02-22,2025-06-26,33.21,Artificial Intelligence,Beginner,1.0,0.25,4.133333333333334,0.9677419354838709,5.0,1.0,9.967741935483872,0,Focused / Low-Activity Learners
U02602,13,13,974.75,74.98076923076923,3.3984615384615386,9,2025-01-14,2025-11-08,27.084615384615386,Cybersecurity,Intermediate,3.0,0.23076923076923078,9.933333333333334,1.308724832214765,16.0,1.4444444444444444,30.308724832214764,1,Advanced / Deep Learners
U02603,1,1,0.0,0.0,4.94,1,2025-03-10,2025-03-10,42.59,Cybersecurity,Beginner,0.0,0.0,1.0,1.0,1.0,1.0,3.0,0,Focused / Low-Activity Learners
U02604,1,1,0.0,0.0,3.02,1,2025-01-19,2025-01-19,9.71,Data Science,Intermediate,0.0,0.0,1.0,1.0,1.0,1.0,3.0,0,Focused / Low-Activity Learners
U02605,12,12,1083.68,90.30666666666667,3.4175,7,2025-01-15,2025-12-15,33.61333333333334,Marketing,Advanced,5.0,0.4166666666666667,11.133333333333333,1.0778443113772456,17.0,1.7142857142857142,30.077844311377245,1,Advanced / Deep Learners
U02606,1,1,0.0,0.0,2.67,1,2025-10-27,2025-10-27,40.07,Web Development,Advanced,1.0,1.0,1.0,1.0,2.0,1.0,4.0,0,Focused / Low-Activity Learners
U02607,1,1,0.0,0.0,3.32,1,2025-04-08,2025-04-08,48.57,Web Development,Beginner,0.0,0.0,1.0,1.0,1.0,1.0,3.0,0,Focused / Low-Activity Learners
U02608,1,1,0.0,0.0,4.73,1,2025-01-28,2025-01-28,47.7,Machine Learning,Intermediate,0.0,0.0,1.0,1.0,1.0,1.0,3.0,0,Focused / Low-Activity Learners
U02609,2,2,0.0,0.0,1.96,2,2025-06-01,2025-07-09,20.98,Marketing,Intermediate,1.0,0.5,1.2666666666666666,1.5789473684210527,3.0,1.0,6.578947368421053,0,Focused / Low-Activity Learners
U02610,1,1,0.0,0.0,4.68,1,2025-04-06,2025-04-06,15.75,Project Management,Beginner,0.0,0.0,1.0,1.0,1.0,1.0,3.0,0,Focused / Low-Activity Learners
U02611,1,1,0.0,0.0,3.02,1,2025-06-22,2025-06-22,9.71,Data Science,Intermediate,0.0,0.0,1.0,1.0,1.0,1.0,3.0,0,Focused / Low-Activity Learners
U02612,14,14,966.49,69.035,3.1635714285714287,10,2025-02-18,2025-12-27,28.59714285714286,Web Development,Advanced,6.0,0.42857142857142855,10.4,1.346153846153846,20.0,1.4,35.34615384615385,1,Advanced / Deep Learners
U02613,2,2,177.34,88.67,3.25,2,2025-04-26,2025-07-15,49.205,Design,Advanced,2.0,1.0,2.6666666666666665,0.75,4.0,1.0,6.75,0,Focused / Low-Activity Learners
U02614,13,13,919.88,70.76,3.474615384615385,10,2025-01-13,2025-12-03,30.517692307692307,Web Development,Beginner,3.0,0.23076923076923078,10.8,1.2037037037037037,16.0,1.3,30.203703703703702,1,Advanced / Deep Learners
U02615,2,2,0.0,0.0,3.715,2,2025-07-19,2025-10-07,47.41,Web Development,Intermediate,0.0,0.0,2.6666666666666665,0.75,2.0,1.0,4.75,0,Focused / Low-Activity Learners
U02616,13,13,1265.18,97.32153846153847,2.8153846153846156,8,2025-01-10,2025-12-14,33.23923076923077,Marketing,Advanced,5.0,0.38461538461538464,11.266666666666667,1.1538461538461537,18.0,1.625,32.15384615384615,1,Advanced / Deep Learners
U02617,4,4,490.9,122.725,3.515,4,2025-01-23,2025-09-08,24.52,Artificial Intelligence,Intermediate,1.0,0.25,7.6,0.5263157894736842,5.0,1.0,9.526315789473685,0,Focused / Low-Activity Learners
U02618,3,3,0.0,0.0,3.5566666666666666,2,2025-04-28,2025-11-04,34.79666666666667,Web Development,Beginner,1.0,0.3333333333333333,6.333333333333333,0.4736842105263158,4.0,1.5,7.473684210526316,0,Focused / Low-Activity Learners
U02619,1,1,212.39,212.39,3.15,1,2025-04-26,2025-04-26,22.89,Digital Marketing,Advanced,1.0,1.0,1.0,1.0,2.0,1.0,4.0,0,Focused / Low-Activity Learners
U02620,2,2,37.89,18.945,2.905,2,2025-04-15,2025-11-05,36.15,Design,Beginner,1.0,0.5,6.8,0.29411764705882354,3.0,1.0,5.294117647058823,0,Focused / Low-Activity Learners
U02621,1,1,0.0,0.0,3.85,1,2025-02-18,2025-02-18,19.53,Programming,Beginner,0.0,0.0,1.0,1.0,1.0,1.0,3.0,0,Focused / Low-Activity Learners
U02622,1,1,0.0,0.0,4.94,1,2025-10-25,2025-10-25,42.59,Cybersecurity,Beginner,0.0,0.0,1.0,1.0,1.0,1.0,3.0,0,Focused / Low-Activity Learners
U02623,11,11,679.7199999999999,61.79272727272726,3.2609090909090908,7,2025-01-20,2025-11-30,30.432727272727274,Finance,Advanced,4.0,0.36363636363636365,10.466666666666667,1.0509554140127388,15.000000000000002,1.5714285714285714,27.05095541401274,1,Advanced / Deep Learners
U02624,3,3,490.9,163.63333333333333,3.526666666666667,3,2025-03-20,2025-12-21,15.483333333333334,Artificial Intelligence,Intermediate,0.0,0.0,9.2,0.32608695652173914,3.0,1.0,6.326086956521739,0,Focused / Low-Activity Learners
U02625,2,2,0.0,0.0,3.71,2,2025-01-29,2025-10-19,9.73,Digital Marketing,Beginner,1.0,0.5,8.766666666666667,0.22813688212927755,3.0,1.0,5.228136882129277,0,Focused / Low-Activity Learners
U02626,3,3,212.39,70.79666666666667,3.5666666666666664,3,2025-07-24,2025-12-04,38.053333333333335,Cybersecurity,Advanced,2.0,0.6666666666666666,4.433333333333334,0.6766917293233082,5.0,1.0,8.67669172932331,0,Focused / Low-Activity Learners
U02627,1,1,0.0,0.0,3.45,1,2025-02-02,2025-02-02,33.93,Project Management,Intermediate,0.0,0.0,1.0,1.0,1.0,1.0,3.0,0,Focused / Low-Activity Learners
U02628,1,1,285.05,285.05,1.96,1,2025-09-11,2025-09-11,34.78,Business,Beginner,0.0,0.0,1.0,1.0,1.0,1.0,3.0,0,Focused / Low-Activity Learners
U02629,1,1,57.32,57.32,4.74,1,2025-02-03,2025-02-03,43.95,Web Development,Advanced,1.0,1.0,1.0,1.0,2.0,1.0,4.0,0,Focused / Low-Activity Learners
U02630,12,12,670.63,55.88583333333333,3.1425,9,2025-01-09,2025-11-30,37.115,Marketing,Beginner,4.0,0.3333333333333333,10.833333333333334,1.1076923076923075,16.0,1.3333333333333333,29.107692307692307,1,Advanced / Deep Learners
U02631,1,1,0.0,0.0,3.6,1,2025-07-14,2025-07-14,1.2,Data Science,Intermediate,0.0,0.0,1.0,1.0,1.0,1.0,3.0,0,Focused / Low-Activity Learners
U02632,1,1,0.0,0.0,3.64,1,2025-07-05,2025-07-05,42.7,Artificial Intelligence,Beginner,0.0,0.0,1.0,1.0,1.0,1.0,3.0,0,Focused / Low-Activity Learners
U02633,14,14,1004.95,71.78214285714286,3.282857142857143,8,2025-01-21,2025-11-08,23.44857142857143,Finance,Intermediate,6.0,0.42857142857142855,9.7,1.4432989690721651,20.0,1.75,35.44329896907217,1,Advanced / Deep Learners
U02634,1,1,57.32,57.32,4.74,1,2025-03-01,2025-03-01,43.95,Web Development,Advanced,1.0,1.0,1.0,1.0,2.0,1.0,4.0,0,Focused / Low-Activity Learners
U02635,1,1,0.0,0.0,4.79,1,2025-08-16,2025-08-16,29.37,Marketing,Advanced,1.0,1.0,1.0,1.0,2.0,1.0,4.0,0,Focused / Low-Activity Learners
U02636,1,1,0.0,0.0,3.02,1,2025-03-09,2025-03-09,9.71,Data Science,Intermediate,0.0,0.0,1.0,1.0,1.0,1.0,3.0,0,Focused / Low-Activity Learners
U02637,2,2,0.78,0.39,3.455,2,2025-03-18,2025-07-08,27.335,Data Science,Intermediate,1.0,0.5,3.7333333333333334,0.5357142857142857,3.0,1.0,5.535714285714286,0,Focused / Low-Activity Learners
U02638,1,1,0.0,0.0,2.0,1,2025-05-14,2025-05-14,15.84,Business,Advanced,1.0,1.0,1.0,1.0,2.0,1.0,4.0,0,Focused / Low-Activity Learners
U02639,1,1,212.39,212.39,3.15,1,2025-06-14,2025-06-14,22.89,Digital Marketing,Advanced,1.0,1.0,1.0,1.0,2.0,1.0,4.0,0,Focused / Low-Activity Learners
U02640,3,3,654.01,218.00333333333333,2.2899999999999996,3,2025-03-07,2025-10-30,21.17,Business,Intermediate,1.0,0.3333333333333333,7.9,0.37974683544303794,4.0,1.0,7.379746835443038,0,Focused / Low-Activity Learners
U02641,1,1,0.0,0.0,1.52,1,2025-08-10,2025-08-10,2.87,Design,Advanced,1.0,1.0,1.0,1.0,2.0,1.0,4.0,0,Focused / Low-Activity Learners
U02642,1,1,0.0,0.0,3.65,1,2025-06-17,2025-06-17,32.64,Data Science,Beginner,0.0,0.0,1.0,1.0,1.0,1.0,3.0,0,Focused / Low-Activity Learners
U02643,15,15,1460.84,97.38933333333333,2.731333333333333,10,2025-01-08,2025-11-24,25.711333333333336,Finance,Beginner,4.0,0.26666666666666666,10.666666666666666,1.40625,19.0,1.5,35.40625,1,Advanced / Deep Learners
U02644,4,4,234.66,58.665,3.0725000000000002,3,2025-01-30,2025-11-08,26.375,Digital Marketing,Advanced,3.0,0.75,9.4,0.425531914893617,7.0,1.3333333333333333,11.425531914893618,0,Focused / Low-Activity Learners
U02645,10,10,889.27,88.92699999999999,3.0759999999999996,8,2025-01-07,2025-12-27,24.145,Marketing,Advanced,6.0,0.6,11.8,0.847457627118644,16.0,1.25,26.847457627118644,1,Advanced / Deep Learners
U02646,2,2,736.02,368.01,2.42,2,2025-04-10,2025-05-10,22.705,Business,Beginner,1.0,0.5,1.0,2.0,3.0,1.0,7.0,0,Focused / Low-Activity Learners
U02647,1,1,0.0,0.0,2.01,1,2025-05-27,2025-05-27,15.44,Marketing,Advanced,1.0,1.0,1.0,1.0,2.0,1.0,4.0,0,Focused / Low-Activity Learners
U02648,1,1,0.0,0.0,3.65,1,2025-09-24,2025-09-24,32.64,Data Science,Beginner,0.0,0.0,1.0,1.0,1.0,1.0,3.0,0,Focused / Low-Activity Learners
U02649,1,1,472.28,472.28,4.74,1,2025-12-26,2025-12-26,11.0,Programming,Beginner,0.0,0.0,1.0,1.0,1.0,1.0,3.0,0,Focused / Low-Activity Learners
U02650,2,2,248.1,124.05,2.94,2,2025-02-11,2025-04-30,12.575,Artificial Intelligence,Beginner,0.0,0.0,2.6,0.7692307692307692,2.0,1.0,4.769230769230769,0,Focused / Low-Activity Learners
U02651,16,16,1113.95,69.621875,3.110625,9,2025-01-07,2025-12-21,27.570625,Digital Marketing,Advanced,8.0,0.5,11.6,1.3793103448275863,24.0,1.7777777777777777,41.37931034482759,1,Advanced / Deep Learners
U02652,1,1,0.0,0.0,1.81,1,2025-10-07,2025-10-07,9.3,Machine Learning,Advanced,1.0,1.0,1.0,1.0,2.0,1.0,4.0,0,Focused / Low-Activity Learners
U02653,1,1,0.0,0.0,4.44,1,2025-04-24,2025-04-24,1.46,Digital Marketing,Beginner,0.0,0.0,1.0,1.0,1.0,1.0,3.0,0,Focused / Low-Activity Learners
U02654,1,1,415.51,415.51,3.11,1,2025-01-24,2025-01-24,28.33,Artificial Intelligence,Intermediate,0.0,0.0,1.0,1.0,1.0,1.0,3.0,0,Focused / Low-Activity Learners
U02655,1,1,0.0,0.0,3.85,1,2025-05-16,2025-05-16,19.53,Programming,Beginner,0.0,0.0,1.0,1.0,1.0,1.0,3.0,0,Focused / Low-Activity Learners
U02656,1,1,53.86,53.86,2.47,1,2025-10-01,2025-10-01,47.08,Finance,Beginner,0.0,0.0,1.0,1.0,1.0,1.0,3.0,0,Focused / Low-Activity Learners
U02657,1,1,177.34,177.34,3.89,1,2025-01-09,2025-01-09,49.73,Digital Marketing,Advanced,1.0,1.0,1.0,1.0,2.0,1.0,4.0,0,Focused / Low-Activity Learners
U02658,3,3,285.05,95.01666666666667,2.0233333333333334,3,2025-05-09,2025-12-01,34.02,Business,Beginner,0.0,0.0,6.866666666666666,0.4368932038834952,3.0,1.0,6.436893203883495,0,Focused / Low-Activity Learners
U02659,2,2,248.1,124.05,2.325,2,2025-02-07,2025-02-13,21.665,Project Management,Intermediate,0.0,0.0,1.0,2.0,2.0,1.0,6.0,0,Focused / Low-Activity Learners
U02660,1,1,0.0,0.0,2.61,1,2025-09-05,2025-09-05,48.68,Design,Advanced,1.0,1.0,1.0,1.0,2.0,1.0,4.0,0,Focused / Low-Activity Learners
U02661,1,1,0.0,0.0,2.01,1,2025-09-14,2025-09-14,15.44,Marketing,Advanced,1.0,1.0,1.0,1.0,2.0,1.0,4.0,0,Focused / Low-Activity Learners
U02662,2,2,117.68,58.84,3.335,2,2025-03-24,2025-10-03,41.46,Data Science,Intermediate,1.0,0.5,6.433333333333334,0.31088082901554404,3.0,1.0,5.310880829015544,0,Focused / Low-Activity Learners
U02663,14,14,1017.04,72.64571428571428,3.1664285714285714,8,2025-01-24,2025-12-23,23.407857142857143,Programming,Beginner,3.0,0.21428571428571427,11.1,1.2612612612612613,17.0,1.75,32.26126126126126,1,Advanced / Deep Learners
U02664,1,1,0.0,0.0,4.79,1,2025-05-24,2025-05-24,29.37,Marketing,Advanced,1.0,1.0,1.0,1.0,2.0,1.0,4.0,0,Focused / Low-Activity Learners
U02665,1,1,37.89,37.89,1.3,1,2025-03-05,2025-03-05,24.11,Web Development,Advanced,1.0,1.0,1.0,1.0,2.0,1.0,4.0,0,Focused / Low-Activity Learners
U02666,1,1,0.0,0.0,2.61,1,2025-10-17,2025-10-17,48.68,Design,Advanced,1.0,1.0,1.0,1.0,2.0,1.0,4.0,0,Focused / Low-Activity Learners
U02667,1,1,248.1,248.1,1.2,1,2025-11-25,2025-11-25,9.4,Artificial Intelligence,Beginner,0.0,0.0,1.0,1.0,1.0,1.0,3.0,0,Focused / Low-Activity Learners
U02668,3,3,57.32,19.106666666666666,3.8733333333333335,3,2025-01-23,2025-09-05,32.31333333333333,Programming,Advanced,2.0,0.6666666666666666,7.5,0.4,5.0,1.0,8.4,0,Focused / Low-Activity Learners
U02669,2,2,0.0,0.0,4.6899999999999995,2,2025-11-16,2025-11-22,24.315,Digital Marketing,Intermediate,0.0,0.0,1.0,2.0,2.0,1.0,6.0,0,Focused / Low-Activity Learners
U02670,1,1,0.0,0.0,2.67,1,2025-08-26,2025-08-26,40.07,Web Development,Advanced,1.0,1.0,1.0,1.0,2.0,1.0,4.0,0,Focused / Low-Activity Learners
U02671,1,1,299.57,299.57,3.74,1,2025-09-16,2025-09-16,48.32,Data Science,Beginner,0.0,0.0,1.0,1.0,1.0,1.0,3.0,0,Focused / Low-Activity Learners
U02672,14,14,1012.26,72.30428571428571,3.3614285714285717,9,2025-01-16,2025-12-12,24.41142857142857,Digital Marketing,Intermediate,4.0,0.2857142857142857,11.0,1.2727272727272727,18.0,1.5555555555555556,33.27272727272727,1,Advanced / Deep Learners
U02673,1,1,0.0,0.0,2.98,1,2025-09-22,2025-09-22,18.0,Marketing,Advanced,1.0,1.0,1.0,1.0,2.0,1.0,4.0,0,Focused / Low-Activity Learners
U02674,1,1,0.0,0.0,4.1,1,2025-07-06,2025-07-06,34.83,Finance,Intermediate,0.0,0.0,1.0,1.0,1.0,1.0,3.0,0,Focused / Low-Activity Learners
U02675,4,4,346.71,86.6775,1.5175,3,2025-02-15,2025-10-24,21.5325,Programming,Beginner,1.0,0.25,8.366666666666667,0.4780876494023904,5.0,1.3333333333333333,9.47808764940239,0,Focused / Low-Activity Learners
U02676,1,1,394.26,394.26,1.35,1,2025-03-08,2025-03-08,47.44,Cybersecurity,Intermediate,0.0,0.0,1.0,1.0,1.0,1.0,3.0,0,Focused / Low-Activity Learners
U02677,3,3,490.9,163.63333333333333,3.073333333333333,3,2025-06-02,2025-08-06,10.903333333333334,Artificial Intelligence,Advanced,2.0,0.6666666666666666,2.1666666666666665,1.3846153846153848,5.0,1.0,9.384615384615385,0,Focused / Low-Activity Learners
U02678,1,1,0.0,0.0,1.13,1,2025-10-04,2025-10-04,16.33,Machine Learning,Beginner,0.0,0.0,1.0,1.0,1.0,1.0,3.0,0,Focused / Low-Activity Learners
U02679,11,11,1043.46,94.86,3.03,8,2025-02-11,2025-12-25,22.84181818181818,Business,Advanced,5.0,0.45454545454545453,10.566666666666666,1.0410094637223974,16.0,1.375,28.041009463722396,1,Advanced / Deep Learners
U02680,1,1,0.0,0.0,3.45,1,2025-12-06,2025-12-06,33.93,Project Management,Intermediate,0.0,0.0,1.0,1.0,1.0,1.0,3.0,0,Focused / Low-Activity Learners
U02681,1,1,0.0,0.0,1.52,1,2025-06-11,2025-06-11,2.87,Design,Advanced,1.0,1.0,1.0,1.0,2.0,1.0,4.0,0,Focused / Low-Activity Learners
U02682,1,1,53.86,53.86,2.47,1,2025-05-26,2025-05-26,47.08,Finance,Beginner,0.0,0.0,1.0,1.0,1.0,1.0,3.0,0,Focused / Low-Activity Learners
U02683,15,15,2578.46,171.89733333333334,2.929333333333333,10,2025-01-29,2025-12-30,20.383333333333333,Artificial Intelligence,Advanced,6.0,0.4,11.166666666666666,1.3432835820895523,21.0,1.5,37.343283582089555,1,Advanced / Deep Learners
U02684,14,14,2747.3,196.2357142857143,3.2064285714285714,9,2025-01-05,2025-12-01,27.646428571428572,Digital Marketing,Beginner,5.0,0.35714285714285715,11.0,1.2727272727272727,19.0,1.5555555555555556,34.27272727272727,1,Advanced / Deep Learners
U02685,1,1,487.92,487.92,3.64,1,2025-08-19,2025-08-19,36.01,Business,Advanced,1.0,1.0,1.0,1.0,2.0,1.0,4.0,0,Focused / Low-Activity Learners
U02686,4,4,814.89,203.7225,3.95,3,2025-01-29,2025-12-04,24.8525,Programming,Beginner,0.0,0.0,10.3,0.3883495145631068,4.0,1.3333333333333333,8.388349514563107,0,Focused / Low-Activity Learners
U02687,1,1,212.39,212.39,3.15,1,2025-03-10,2025-03-10,22.89,Digital Marketing,Advanced,1.0,1.0,1.0,1.0,2.0,1.0,4.0,0,Focused / Low-Activity Learners
U02688,1,1,0.0,0.0,4.14,1,2025-05-13,2025-05-13,31.77,Finance,Beginner,0.0,0.0,1.0,1.0,1.0,1.0,3.0,0,Focused / Low-Activity Learners
U02689,1,1,0.0,0.0,4.44,1,2025-03-08,2025-03-08,1.46,Digital Marketing,Beginner,0.0,0.0,1.0,1.0,1.0,1.0,3.0,0,Focused / Low-Activity Learners
U02690,4,4,394.26,98.565,2.2875,2,2025-04-10,2025-05-24,36.2125,Cybersecurity,Beginner,0.0,0.0,1.4666666666666666,2.7272727272727275,4.0,2.0,10.727272727272727,0,Focused / Low-Activity Learners
U02691,1,1,0.0,0.0,3.85,1,2025-05-04,2025-05-04,19.53,Programming,Beginner,0.0,0.0,1.0,1.0,1.0,1.0,3.0,0,Focused / Low-Activity Learners
U02692,3,3,117.68,39.22666666666667,3.5400000000000005,2,2025-02-07,2025-07-04,21.526666666666667,Data Science,Advanced,2.0,0.6666666666666666,4.9,0.6122448979591836,5.0,1.5,8.612244897959183,0,Focused / Low-Activity Learners
U02693,1,1,342.61,342.61,4.84,1,2025-08-05,2025-08-05,17.14,Project Management,Intermediate,0.0,0.0,1.0,1.0,1.0,1.0,3.0,0,Focused / Low-Activity Learners
U02694,2,2,627.56,313.78,2.625,2,2025-04-05,2025-06-15,30.225,Project Management,Beginner,0.0,0.0,2.3666666666666667,0.8450704225352113,2.0,1.0,4.845070422535211,0,Focused / Low-Activity Learners
U02695,1,1,0.0,0.0,2.2,1,2025-07-24,2025-07-24,40.76,Web Development,Beginner,0.0,0.0,1.0,1.0,1.0,1.0,3.0,0,Focused / Low-Activity Learners
U02696,2,2,490.9,245.45,3.275,2,2025-06-22,2025-12-05,11.695,Artificial Intelligence,Beginner,1.0,0.5,5.533333333333333,0.3614457831325301,3.0,1.0,5.36144578313253,0,Focused / Low-Activity Learners
U02697,4,4,437.08,109.27,3.1475,4,2025-02-06,2025-11-27,19.825,Artificial Intelligence,Advanced,3.0,0.75,9.8,0.4081632653061224,7.0,1.0,11.408163265306122,0,Focused / Low-Activity Learners
U02698,12,12,1798.36,149.86333333333332,3.0658333333333334,8,2025-01-05,2025-12-15,23.694999999999997,Artificial Intelligence,Advanced,7.0,0.5833333333333334,11.466666666666667,1.0465116279069768,19.0,1.5,32.04651162790698,1,Advanced / Deep Learners
U02699,1,1,0.0,0.0,4.11,1,2025-09-05,2025-09-05,46.25,Marketing,Intermediate,0.0,0.0,1.0,1.0,1.0,1.0,3.0,0,Focused / Low-Activity Learners
U02700,1,1,57.32,57.32,4.74,1,2025-09-11,2025-09-11,43.95,Web Development,Advanced,1.0,1.0,1.0,1.0,2.0,1.0,4.0,0,Focused / Low-Activity Learners
U02701,4,4,425.44,106.36,2.95,4,2025-01-28,2025-12-14,35.66,Artificial Intelligence,Advanced,2.0,0.5,10.666666666666666,0.375,6.0,1.0,10.375,0,Focused / Low-Activity Learners
U02702,2,2,0.0,0.0,1.635,2,2025-08-06,2025-09-30,12.639999999999999,Machine Learning,Beginner,0.0,0.0,1.8333333333333333,1.090909090909091,2.0,1.0,5.090909090909091,0,Focused / Low-Activity Learners
U02703,1,1,0.0,0.0,1.73,1,2025-03-30,2025-03-30,38.49,Machine Learning,Intermediate,0.0,0.0,1.0,1.0,1.0,1.0,3.0,0,Focused / Low-Activity Learners
U02704,1,1,0.0,0.0,1.91,1,2025-07-25,2025-07-25,26.52,Cybersecurity,Intermediate,0.0,0.0,1.0,1.0,1.0,1.0,3.0,0,Focused / Low-Activity Learners
U02705,2,2,394.26,197.13,1.98,2,2025-01-12,2025-06-03,48.06,Design,Intermediate,1.0,0.5,4.733333333333333,0.4225352112676056,3.0,1.0,5.422535211267606,0,Focused / Low-Activity Learners
U02706,1,1,37.89,37.89,1.3,1,2025-10-18,2025-10-18,24.11,Web Development,Advanced,1.0,1.0,1.0,1.0,2.0,1.0,4.0,0,Focused / Low-Activity Learners
U02707,1,1,117.68,117.68,2.57,1,2025-10-03,2025-10-03,48.09,Data Science,Advanced,1.0,1.0,1.0,1.0,2.0,1.0,4.0,0,Focused / Low-Activity Learners
U02708,1,1,472.28,472.28,4.74,1,2025-10-08,2025-10-08,11.0,Programming,Beginner,0.0,0.0,1.0,1.0,1.0,1.0,3.0,0,Focused / Low-Activity Learners
U02709,12,12,1256.18,104.68166666666667,2.8633333333333333,9,2025-01-08,2025-12-25,23.34166666666667,Project Management,Beginner,2.0,0.16666666666666666,11.7,1.0256410256410258,14.0,1.3333333333333333,27.025641025641026,1,Advanced / Deep Learners
U02710,1,1,326.02,326.02,2.69,1,2025-08-11,2025-08-11,11.31,Business,Intermediate,0.0,0.0,1.0,1.0,1.0,1.0,3.0,0,Focused / Low-Activity Learners
U02711,2,2,0.0,0.0,4.525,2,2025-01-08,2025-03-12,44.42,Cybersecurity,Intermediate,0.0,0.0,2.1,0.9523809523809523,2.0,1.0,4.9523809523809526,0,Focused / Low-Activity Learners
U02712,2,2,472.28,236.14,3.81,1,2025-10-25,2025-11-14,28.065,Programming,Beginner,0.0,0.0,1.0,2.0,2.0,2.0,6.0,0,Focused / Low-Activity Learners
U02713,1,1,0.0,0.0,4.66,1,2025-12-26,2025-12-26,5.95,Digital Marketing,Intermediate,0.0,0.0,1.0,1.0,1.0,1.0,3.0,0,Focused / Low-Activity Learners
U02714,1,1,0.0,0.0,1.73,1,2025-12-22,2025-12-22,38.49,Machine Learning,Intermediate,0.0,0.0,1.0,1.0,1.0,1.0,3.0,0,Focused / Low-Activity Learners
U02715,2,2,0.0,0.0,2.215,2,2025-09-28,2025-12-25,26.770000000000003,Business,Intermediate,1.0,0.5,2.933333333333333,0.6818181818181819,3.0,1.0,5.681818181818182,0,Focused / Low-Activity Learners
U02716,2,2,0.0,0.0,4.045,2,2025-05-11,2025-08-24,17.05,Digital Marketing,Beginner,0.0,0.0,3.5,0.5714285714285714,2.0,1.0,4.571428571428571,0,Focused / Low-Activity Learners
U02717,1,1,285.05,285.05,1.96,1,2025-08-17,2025-08-17,34.78,Business,Beginner,0.0,0.0,1.0,1.0,1.0,1.0,3.0,0,Focused / Low-Activity Learners
U02718,1,1,0.0,0.0,4.1,1,2025-12-30,2025-12-30,34.83,Finance,Intermediate,0.0,0.0,1.0,1.0,1.0,1.0,3.0,0,Focused / Low-Activity Learners
U02719,1,1,0.0,0.0,1.91,1,2025-07-19,2025-07-19,26.52,Cybersecurity,Intermediate,0.0,0.0,1.0,1.0,1.0,1.0,3.0,0,Focused / Low-Activity Learners
U02720,1,1,212.39,212.39,3.15,1,2025-11-22,2025-11-22,22.89,Digital Marketing,Advanced,1.0,1.0,1.0,1.0,2.0,1.0,4.0,0,Focused / Low-Activity Learners
U02721,1,1,299.57,299.57,3.74,1,2025-08-11,2025-08-11,48.32,Data Science,Beginner,0.0,0.0,1.0,1.0,1.0,1.0,3.0,0,Focused / Low-Activity Learners
U02722,1,1,0.0,0.0,4.11,1,2025-12-19,2025-12-19,46.25,Marketing,Intermediate,0.0,0.0,1.0,1.0,1.0,1.0,3.0,0,Focused / Low-Activity Learners
U02723,1,1,327.99,327.99,1.51,1,2025-10-20,2025-10-20,12.13,Project Management,Beginner,0.0,0.0,1.0,1.0,1.0,1.0,3.0,0,Focused / Low-Activity Learners
U02724,1,1,0.0,0.0,1.91,1,2025-02-15,2025-02-15,26.52,Cybersecurity,Intermediate,0.0,0.0,1.0,1.0,1.0,1.0,3.0,0,Focused / Low-Activity Learners
U02725,1,1,415.51,415.51,3.11,1,2025-09-05,2025-09-05,28.33,Artificial Intelligence,Intermediate,0.0,0.0,1.0,1.0,1.0,1.0,3.0,0,Focused / Low-Activity Learners
U02726,4,4,0.0,0.0,3.1825,3,2025-01-03,2025-06-30,16.6025,Marketing,Advanced,2.0,0.5,5.933333333333334,0.6741573033707865,6.0,1.3333333333333333,10.674157303370787,0,Focused / Low-Activity Learners
U02727,2,2,394.26,197.13,3.04,2,2025-01-11,2025-02-10,47.57,Machine Learning,Intermediate,0.0,0.0,1.0,2.0,2.0,1.0,6.0,0,Focused / Low-Activity Learners
U02728,1,1,276.37,276.37,2.72,1,2025-10-16,2025-10-16,48.84,Design,Advanced,1.0,1.0,1.0,1.0,2.0,1.0,4.0,0,Focused / Low-Activity Learners
U02729,1,1,394.26,394.26,1.35,1,2025-09-27,2025-09-27,47.44,Cybersecurity,Intermediate,0.0,0.0,1.0,1.0,1.0,1.0,3.0,0,Focused / Low-Activity Learners
U02730,1,1,299.57,299.57,3.74,1,2025-12-01,2025-12-01,48.32,Data Science,Beginner,0.0,0.0,1.0,1.0,1.0,1.0,3.0,0,Focused / Low-Activity Learners
U02731,1,1,0.0,0.0,2.01,1,2025-01-14,2025-01-14,15.44,Marketing,Advanced,1.0,1.0,1.0,1.0,2.0,1.0,4.0,0,Focused / Low-Activity Learners
U02732,1,1,0.0,0.0,4.1,1,2025-09-29,2025-09-29,34.83,Finance,Intermediate,0.0,0.0,1.0,1.0,1.0,1.0,3.0,0,Focused / Low-Activity Learners
U02733,14,14,1498.86,107.06142857142856,3.737142857142857,9,2025-01-28,2025-12-19,21.354285714285716,Business,Beginner,4.0,0.2857142857142857,10.833333333333334,1.2923076923076922,18.0,1.5555555555555556,33.29230769230769,1,Advanced / Deep Learners
U02734,1,1,0.0,0.0,4.51,1,2025-07-11,2025-07-11,48.19,Design,Beginner,0.0,0.0,1.0,1.0,1.0,1.0,3.0,0,Focused / Low-Activity Learners
U02735,1,1,0.0,0.0,3.32,1,2025-05-17,2025-05-17,48.57,Web Development,Beginner,0.0,0.0,1.0,1.0,1.0,1.0,3.0,0,Focused / Low-Activity Learners
U02736,1,1,212.39,212.39,3.15,1,2025-10-22,2025-10-22,22.89,Digital Marketing,Advanced,1.0,1.0,1.0,1.0,2.0,1.0,4.0,0,Focused / Low-Activity Learners
U02737,1,1,0.0,0.0,4.11,1,2025-04-21,2025-04-21,46.25,Marketing,Intermediate,0.0,0.0,1.0,1.0,1.0,1.0,3.0,0,Focused / Low-Activity Learners
U02738,1,1,0.0,0.0,4.11,1,2025-08-29,2025-08-29,46.25,Marketing,Intermediate,0.0,0.0,1.0,1.0,1.0,1.0,3.0,0,Focused / Low-Activity Learners
U02739,1,1,487.92,487.92,3.64,1,2025-01-05,2025-01-05,36.01,Business,Advanced,1.0,1.0,1.0,1.0,2.0,1.0,4.0,0,Focused / Low-Activity Learners
U02740,1,1,0.0,0.0,2.14,1,2025-07-09,2025-07-09,8.95,Digital Marketing,Beginner,0.0,0.0,1.0,1.0,1.0,1.0,3.0,0,Focused / Low-Activity Learners
U02741,1,1,0.0,0.0,2.88,1,2025-08-13,2025-08-13,45.13,Programming,Beginner,0.0,0.0,1.0,1.0,1.0,1.0,3.0,0,Focused / Low-Activity Learners
U02742,2,2,285.05,142.525,2.1950000000000003,2,2025-04-15,2025-06-21,36.24,Programming,Beginner,0.0,0.0,2.2333333333333334,0.8955223880597015,2.0,1.0,4.895522388059701,0,Focused / Low-Activity Learners
U02743,14,14,800.46,57.175714285714285,3.332142857142857,8,2025-02-04,2025-09-24,30.54714285714286,Finance,Intermediate,0.0,0.0,7.733333333333333,1.8103448275862069,14.0,1.75,29.810344827586206,1,Advanced / Deep Learners
U02744,1,1,342.61,342.61,4.84,1,2025-01-13,2025-01-13,17.14,Project Management,Intermediate,0.0,0.0,1.0,1.0,1.0,1.0,3.0,0,Focused / Low-Activity Learners
U02745,1,1,0.0,0.0,3.15,1,2025-03-30,2025-03-30,22.29,Business,Advanced,1.0,1.0,1.0,1.0,2.0,1.0,4.0,0,Focused / Low-Activity Learners
U02746,3,3,117.68,39.22666666666667,2.9266666666666663,2,2025-02-19,2025-11-30,32.656666666666666,Data Science,Advanced,2.0,0.6666666666666666,9.466666666666667,0.31690140845070425,5.0,1.5,8.316901408450704,0,Focused / Low-Activity Learners
U02747,3,3,53.86,17.953333333333333,2.8333333333333335,3,2025-03-21,2025-08-12,32.15333333333333,Cybersecurity,Beginner,1.0,0.3333333333333333,4.8,0.625,4.0,1.0,7.625,0,Focused / Low-Activity Learners
U02748,2,2,0.0,0.0,2.615,2,2025-01-15,2025-03-16,24.53,Finance,Advanced,1.0,0.5,2.0,1.0,3.0,1.0,6.0,0,Focused / Low-Activity Learners
U02749,2,2,0.0,0.0,3.915,2,2025-06-13,2025-11-15,19.02,Business,Advanced,1.0,0.5,5.166666666666667,0.3870967741935484,3.0,1.0,5.387096774193548,0,Focused / Low-Activity Learners
U02750,2,2,57.32,28.66,3.675,2,2025-09-25,2025-11-24,46.315,Design,Advanced,2.0,1.0,2.0,1.0,4.0,1.0,7.0,0,Focused / Low-Activity Learners
U02751,1,1,0.0,0.0,2.01,1,2025-04-30,2025-04-30,15.44,Marketing,Advanced,1.0,1.0,1.0,1.0,2.0,1.0,4.0,0,Focused / Low-Activity Learners
U02752,1,1,0.0,0.0,4.44,1,2025-06-11,2025-06-11,1.46,Digital Marketing,Beginner,0.0,0.0,1.0,1.0,1.0,1.0,3.0,0,Focused / Low-Activity Learners
U02753,1,1,53.86,53.86,2.47,1,2025-04-14,2025-04-14,47.08,Finance,Beginner,0.0,0.0,1.0,1.0,1.0,1.0,3.0,0,Focused / Low-Activity Learners
U02754,13,13,888.76,68.36615384615385,2.439230769230769,9,2025-01-09,2025-11-15,28.976153846153846,Finance,Advanced,8.0,0.6153846153846154,10.333333333333334,1.2580645161290323,21.0,1.4444444444444444,35.25806451612903,1,Advanced / Deep Learners
U02755,1,1,0.0,0.0,4.14,1,2025-09-27,2025-09-27,31.77,Finance,Beginner,0.0,0.0,1.0,1.0,1.0,1.0,3.0,0,Focused / Low-Activity Learners
U02756,2,2,326.02,163.01,2.65,2,2025-06-28,2025-07-17,29.995,Business,Advanced,1.0,0.5,1.0,2.0,3.0,1.0,7.0,0,Focused / Low-Activity Learners
U02757,1,1,415.51,415.51,3.11,1,2025-02-25,2025-02-25,28.33,Artificial Intelligence,Intermediate,0.0,0.0,1.0,1.0,1.0,1.0,3.0,0,Focused / Low-Activity Learners
U02758,2,2,0.0,0.0,3.31,1,2025-11-03,2025-12-10,5.455,Data Science,Intermediate,0.0,0.0,1.2333333333333334,1.6216216216216215,2.0,2.0,5.621621621621621,0,Focused / Low-Activity Learners
U02759,2,2,0.0,0.0,3.6500000000000004,2,2025-01-03,2025-04-12,26.73,Programming,Beginner,0.0,0.0,3.3,0.6060606060606061,2.0,1.0,4.6060606060606055,0,Focused / Low-Activity Learners
U02760,3,3,374.64000000000004,124.88000000000001,2.7466666666666666,3,2025-05-25,2025-09-25,12.51,Artificial Intelligence,Intermediate,0.0,0.0,4.1,0.7317073170731708,3.0,1.0,6.731707317073171,0,Focused / Low-Activity Learners
U02761,4,4,394.26,98.565,3.5625,3,2025-05-03,2025-12-12,38.9525,Cybersecurity,Intermediate,0.0,0.0,7.433333333333334,0.5381165919282511,4.0,1.3333333333333333,8.538116591928251,0,Focused / Low-Activity Learners
U02762,2,2,314.26,157.13,2.0100000000000002,2,2025-02-01,2025-05-06,36.475,Web Development,Advanced,2.0,1.0,3.1333333333333333,0.6382978723404256,4.0,1.0,6.638297872340425,0,Focused / Low-Activity Learners
U02763,3,3,574.12,191.37333333333333,2.873333333333333,3,2025-10-01,2025-10-17,22.803333333333338,Artificial Intelligence,Intermediate,0.0,0.0,1.0,3.0,3.0,1.0,9.0,0,Focused / Low-Activity Learners
U02764,1,1,37.89,37.89,1.3,1,2025-02-18,2025-02-18,24.11,Web Development,Advanced,1.0,1.0,1.0,1.0,2.0,1.0,4.0,0,Focused / Low-Activity Learners
U02765,1,1,0.0,0.0,4.45,1,2025-05-15,2025-05-15,15.29,Design,Advanced,1.0,1.0,1.0,1.0,2.0,1.0,4.0,0,Focused / Low-Activity Learners
U02766,1,1,0.0,0.0,3.93,1,2025-12-15,2025-12-15,48.25,Cybersecurity,Intermediate,0.0,0.0,1.0,1.0,1.0,1.0,3.0,0,Focused / Low-Activity Learners
U02767,14,14,1377.85,98.41785714285713,2.9292857142857143,9,2025-01-05,2025-11-29,28.164285714285715,Web Development,Beginner,5.0,0.35714285714285715,10.933333333333334,1.2804878048780488,19.0,1.5555555555555556,34.28048780487805,1,Advanced / Deep Learners
U02768,2,2,472.28,236.14,4.17,2,2025-04-05,2025-05-06,6.1,Data Science,Beginner,0.0,0.0,1.0333333333333334,1.9354838709677418,2.0,1.0,5.935483870967742,0,Focused / Low-Activity Learners
U02769,3,3,753.2,251.0666666666667,2.33,1,2025-03-01,2025-10-14,13.093333333333334,Artificial Intelligence,Intermediate,0.0,0.0,7.566666666666666,0.39647577092511016,3.0,3.0,6.39647577092511,0,Focused / Low-Activity Learners
U02770,14,14,1389.02,99.21571428571428,2.8485714285714288,8,2025-04-09,2025-12-30,28.384999999999998,Data Science,Advanced,5.0,0.35714285714285715,8.833333333333334,1.5849056603773584,19.0,1.75,34.58490566037736,1,Advanced / Deep Learners
U02771,1,1,0.78,0.78,3.89,1,2025-05-18,2025-05-18,44.96,Machine Learning,Advanced,1.0,1.0,1.0,1.0,2.0,1.0,4.0,0,Focused / Low-Activity Learners
U02772,1,1,177.34,177.34,3.89,1,2025-06-22,2025-06-22,49.73,Digital Marketing,Advanced,1.0,1.0,1.0,1.0,2.0,1.0,4.0,0,Focused / Low-Activity Learners
U02773,1,1,0.0,0.0,3.65,1,2025-03-24,2025-03-24,32.64,Data Science,Beginner,0.0,0.0,1.0,1.0,1.0,1.0,3.0,0,Focused / Low-Activity Learners
U02774,1,1,0.0,0.0,4.14,1,2025-02-16,2025-02-16,31.77,Finance,Beginner,0.0,0.0,1.0,1.0,1.0,1.0,3.0,0,Focused / Low-Activity Learners
U02775,12,12,1423.51,118.62583333333333,3.4441666666666664,10,2025-02-25,2025-11-19,25.53333333333333,Digital Marketing,Beginner,4.0,0.3333333333333333,8.9,1.348314606741573,16.0,1.2,29.348314606741575,1,Advanced / Deep Learners
U02776,2,2,0.0,0.0,1.6400000000000001,2,2025-03-15,2025-11-25,22.259999999999998,Business,Beginner,1.0,0.5,8.5,0.23529411764705882,3.0,1.0,5.235294117647059,0,Focused / Low-Activity Learners
U02777,1,1,0.0,0.0,1.28,1,2025-02-28,2025-02-28,28.68,Programming,Beginner,0.0,0.0,1.0,1.0,1.0,1.0,3.0,0,Focused / Low-Activity Learners
U02778,3,3,0.0,0.0,3.6300000000000003,3,2025-04-08,2025-12-25,27.886666666666667,Cybersecurity,Beginner,1.0,0.3333333333333333,8.7,0.3448275862068966,4.0,1.0,7.344827586206897,0,Focused / Low-Activity Learners
U02779,3,3,809.77,269.92333333333335,3.046666666666667,3,2025-06-24,2025-10-02,30.506666666666664,Project Management,Intermediate,0.0,0.0,3.3333333333333335,0.8999999999999999,3.0,1.0,6.9,0,Focused / Low-Activity Learners
U02780,2,2,0.0,0.0,3.83,2,2025-02-16,2025-07-01,35.239999999999995,Business,Advanced,1.0,0.5,4.5,0.4444444444444444,3.0,1.0,5.444444444444445,0,Focused / Low-Activity Learners
U02781,3,3,700.31,233.43666666666664,2.9,3,2025-06-19,2025-12-28,28.473333333333333,Digital Marketing,Advanced,2.0,0.6666666666666666,6.4,0.46875,5.0,1.0,8.46875,0,Focused / Low-Activity Learners
U02782,1,1,0.0,0.0,1.59,1,2025-01-20,2025-01-20,6.36,Finance,Advanced,1.0,1.0,1.0,1.0,2.0,1.0,4.0,0,Focused / Low-Activity Learners
U02783,1,1,0.0,0.0,2.88,1,2025-11-25,2025-11-25,45.13,Programming,Beginner,0.0,0.0,1.0,1.0,1.0,1.0,3.0,0,Focused / Low-Activity Learners
U02784,2,2,248.1,124.05,1.935,2,2025-08-28,2025-12-07,24.735,Web Development,Advanced,1.0,0.5,3.3666666666666667,0.594059405940594,3.0,1.0,5.594059405940595,0,Focused / Low-Activity Learners
U02785,1,1,0.0,0.0,3.64,1,2025-12-12,2025-12-12,42.7,Artificial Intelligence,Beginner,0.0,0.0,1.0,1.0,1.0,1.0,3.0,0,Focused / Low-Activity Learners
U02786,12,12,1390.83,115.90249999999999,3.464166666666667,9,2025-01-24,2025-12-05,34.90416666666667,Marketing,Beginner,3.0,0.25,10.5,1.1428571428571428,15.0,1.3333333333333333,28.142857142857142,1,Advanced / Deep Learners
U02787,1,1,346.71,346.71,1.23,1,2025-11-01,2025-11-01,3.42,Project Management,Advanced,1.0,1.0,1.0,1.0,2.0,1.0,4.0,0,Focused / Low-Activity Learners
U02788,12,12,1273.64,106.13666666666667,3.6641666666666666,9,2025-01-25,2025-12-13,33.2875,Cybersecurity,Intermediate,5.0,0.4166666666666667,10.733333333333333,1.1180124223602486,17.0,1.3333333333333333,30.11801242236025,1,Advanced / Deep Learners
U02789,4,4,0.0,0.0,1.8675,4,2025-01-01,2025-11-01,20.08,Machine Learning,Beginner,2.0,0.5,10.133333333333333,0.39473684210526316,6.0,1.0,10.394736842105264,0,Focused / Low-Activity Learners
U02790,1,1,0.0,0.0,2.2,1,2025-02-16,2025-02-16,40.76,Web Development,Beginner,0.0,0.0,1.0,1.0,1.0,1.0,3.0,0,Focused / Low-Activity Learners
U02791,13,13,917.89,70.60692307692308,3.3492307692307692,10,2025-01-07,2025-09-27,33.93076923076923,Machine Learning,Beginner,2.0,0.15384615384615385,8.766666666666667,1.482889733840304,14.999999999999998,1.3,29.482889733840302,1,Advanced / Deep Learners
U02792,14,14,795.72,56.83714285714286,3.1342857142857143,9,2025-03-19,2025-11-08,20.63,Web Development,Intermediate,4.0,0.2857142857142857,7.8,1.794871794871795,18.0,1.5555555555555556,33.794871794871796,1,Advanced / Deep Learners
U02793,14,14,1449.91,103.56500000000001,3.4285714285714284,10,2025-02-05,2025-12-10,31.445,Project Management,Beginner,5.0,0.35714285714285715,10.266666666666667,1.3636363636363635,19.0,1.4,34.36363636363636,1,Advanced / Deep Learners
U02794,2,2,342.61,171.305,3.285,2,2025-04-16,2025-04-21,27.815,Project Management,Intermediate,0.0,0.0,1.0,2.0,2.0,1.0,6.0,0,Focused / Low-Activity Learners
U02795,1,1,299.57,299.57,3.74,1,2025-12-30,2025-12-30,48.32,Data Science,Beginner,0.0,0.0,1.0,1.0,1.0,1.0,3.0,0,Focused / Low-Activity Learners
U02796,1,1,0.0,0.0,4.44,1,2025-01-06,2025-01-06,1.46,Digital Marketing,Beginner,0.0,0.0,1.0,1.0,1.0,1.0,3.0,0,Focused / Low-Activity Learners
U02797,1,1,0.78,0.78,3.89,1,2025-08-03,2025-08-03,44.96,Machine Learning,Advanced,1.0,1.0,1.0,1.0,2.0,1.0,4.0,0,Focused / Low-Activity Learners
U02798,1,1,0.0,0.0,3.02,1,2025-08-10,2025-08-10,9.71,Data Science,Intermediate,0.0,0.0,1.0,1.0,1.0,1.0,3.0,0,Focused / Low-Activity Learners
U02799,1,1,0.0,0.0,4.72,1,2025-08-21,2025-08-21,42.68,Marketing,Intermediate,0.0,0.0,1.0,1.0,1.0,1.0,3.0,0,Focused / Low-Activity Learners
U02800,1,1,299.57,299.57,3.74,1,2025-12-06,2025-12-06,48.32,Data Science,Beginner,0.0,0.0,1.0,1.0,1.0,1.0,3.0,0,Focused / Low-Activity Learners
U02801,3,3,0.78,0.26,3.016666666666667,3,2025-04-20,2025-06-26,21.206666666666667,Digital Marketing,Intermediate,1.0,0.3333333333333333,2.2333333333333334,1.3432835820895521,4.0,1.0,8.343283582089551,0,Focused / Low-Activity Learners
U02802,1,1,0.0,0.0,4.94,1,2025-11-29,2025-11-29,42.59,Cybersecurity,Beginner,0.0,0.0,1.0,1.0,1.0,1.0,3.0,0,Focused / Low-Activity Learners
U02803,2,2,0.0,0.0,3.56,2,2025-04-16,2025-12-09,27.68,Web Development,Advanced,2.0,1.0,7.9,0.2531645569620253,4.0,1.0,6.253164556962025,0,Focused / Low-Activity Learners
U02804,1,1,0.0,0.0,4.73,1,2025-08-16,2025-08-16,47.7,Machine Learning,Intermediate,0.0,0.0,1.0,1.0,1.0,1.0,3.0,0,Focused / Low-Activity Learners
U02805,1,1,57.32,57.32,4.74,1,2025-04-08,2025-04-08,43.95,Web Development,Advanced,1.0,1.0,1.0,1.0,2.0,1.0,4.0,0,Focused / Low-Activity Learners
U02806,1,1,0.0,0.0,3.93,1,2025-04-01,2025-04-01,48.25,Cybersecurity,Intermediate,0.0,0.0,1.0,1.0,1.0,1.0,3.0,0,Focused / Low-Activity Learners
U02807,4,4,559.0999999999999,139.77499999999998,3.495,3,2025-03-22,2025-06-20,18.7125,Digital Marketing,Advanced,2.0,0.5,3.0,1.3333333333333333,6.0,1.3333333333333333,11.333333333333332,0,Focused / Low-Activity Learners
U02808,2,2,0.0,0.0,4.45,1,2025-02-07,2025-11-01,37.81,Marketing,Intermediate,1.0,0.5,8.9,0.2247191011235955,3.0,2.0,5.224719101123595,0,Focused / Low-Activity Learners
U02809,2,2,0.0,0.0,3.8899999999999997,2,2025-07-03,2025-10-09,37.235,Artificial Intelligence,Beginner,0.0,0.0,3.2666666666666666,0.6122448979591837,2.0,1.0,4.612244897959184,0,Focused / Low-Activity Learners
U02810,1,1,0.0,0.0,2.14,1,2025-02-10,2025-02-10,8.95,Digital Marketing,Beginner,0.0,0.0,1.0,1.0,1.0,1.0,3.0,0,Focused / Low-Activity Learners
U02811,1,1,0.0,0.0,2.61,1,2025-07-11,2025-07-11,48.68,Design,Advanced,1.0,1.0,1.0,1.0,2.0,1.0,4.0,0,Focused / Low-Activity Learners
U02812,1,1,119.04,119.04,2.75,1,2025-02-14,2025-02-14,23.41,Finance,Intermediate,0.0,0.0,1.0,1.0,1.0,1.0,3.0,0,Focused / Low-Activity Learners
U02813,1,1,0.0,0.0,1.91,1,2025-04-02,2025-04-02,26.52,Cybersecurity,Intermediate,0.0,0.0,1.0,1.0,1.0,1.0,3.0,0,Focused / Low-Activity Learners
U02814,2,2,0.0,0.0,4.3950000000000005,2,2025-07-12,2025-12-05,31.060000000000002,Cybersecurity,Beginner,0.0,0.0,4.866666666666666,0.4109589041095891,2.0,1.0,4.410958904109589,0,Focused / Low-Activity Learners
U02815,4,4,389.73,97.4325,2.81,3,2025-03-21,2025-09-21,31.915,Digital Marketing,Advanced,4.0,1.0,6.133333333333334,0.6521739130434783,8.0,1.3333333333333333,12.652173913043478,0,Focused / Low-Activity Learners
U02816,1,1,0.0,0.0,4.11,1,2025-11-21,2025-11-21,46.25,Marketing,Intermediate,0.0,0.0,1.0,1.0,1.0,1.0,3.0,0,Focused / Low-Activity Learners
U02817,1,1,0.0,0.0,1.52,1,2025-11-29,2025-11-29,2.87,Design,Advanced,1.0,1.0,1.0,1.0,2.0,1.0,4.0,0,Focused / Low-Activity Learners
U02818,1,1,0.78,0.78,3.89,1,2025-02-12,2025-02-12,44.96,Machine Learning,Advanced,1.0,1.0,1.0,1.0,2.0,1.0,4.0,0,Focused / Low-Activity Learners
U02819,2,2,0.0,0.0,3.7,2,2025-04-05,2025-08-09,43.885000000000005,Machine Learning,Intermediate,1.0,0.5,4.2,0.47619047619047616,3.0,1.0,5.476190476190476,0,Focused / Low-Activity Learners
U02820,1,1,0.0,0.0,1.28,1,2025-11-21,2025-11-21,28.68,Programming,Beginner,0.0,0.0,1.0,1.0,1.0,1.0,3.0,0,Focused / Low-Activity Learners
U02821,11,11,1173.96,106.72363636363637,3.2263636363636365,7,2025-01-28,2025-12-14,23.742727272727276,Project Management,Intermediate,4.0,0.36363636363636365,10.666666666666666,1.03125,15.000000000000002,1.5714285714285714,27.03125,1,Advanced / Deep Learners
U02822,1,1,0.0,0.0,4.73,1,2025-01-07,2025-01-07,47.7,Machine Learning,Intermediate,0.0,0.0,1.0,1.0,1.0,1.0,3.0,0,Focused / Low-Activity Learners
U02823,2,2,0.0,0.0,4.295,2,2025-01-29,2025-08-15,27.1,Cybersecurity,Intermediate,0.0,0.0,6.6,0.30303030303030304,2.0,1.0,4.303030303030303,0,Focused / Low-Activity Learners
U02824,1,1,326.02,326.02,2.69,1,2025-01-11,2025-01-11,11.31,Business,Intermediate,0.0,0.0,1.0,1.0,1.0,1.0,3.0,0,Focused / Low-Activity Learners
U02825,13,13,1636.01,125.84692307692308,2.4292307692307693,8,2025-05-13,2025-12-30,25.834615384615386,Business,Advanced,5.0,0.38461538461538464,7.7,1.6883116883116882,18.0,1.625,32.688311688311686,1,Advanced / Deep Learners
U02826,1,1,0.0,0.0,1.13,1,2025-12-11,2025-12-11,16.33,Machine Learning,Beginner,0.0,0.0,1.0,1.0,1.0,1.0,3.0,0,Focused / Low-Activity Learners
U02827,1,1,0.0,0.0,4.73,1,2025-10-02,2025-10-02,47.7,Machine Learning,Intermediate,0.0,0.0,1.0,1.0,1.0,1.0,3.0,0,Focused / Low-Activity Learners
U02828,2,2,490.9,245.45,3.7649999999999997,2,2025-04-09,2025-07-21,12.775,Artificial Intelligence,Advanced,1.0,0.5,3.433333333333333,0.5825242718446603,3.0,1.0,5.58252427184466,0,Focused / Low-Activity Learners
U02829,1,1,89.59,89.59,2.68,1,2025-02-10,2025-02-10,1.55,Artificial Intelligence,Intermediate,0.0,0.0,1.0,1.0,1.0,1.0,3.0,0,Focused / Low-Activity Learners
U02830,1,1,0.0,0.0,2.67,1,2025-05-12,2025-05-12,40.07,Web Development,Advanced,1.0,1.0,1.0,1.0,2.0,1.0,4.0,0,Focused / Low-Activity Learners
U02831,1,1,0.0,0.0,4.45,1,2025-02-06,2025-02-06,15.29,Design,Advanced,1.0,1.0,1.0,1.0,2.0,1.0,4.0,0,Focused / Low-Activity Learners
U02832,11,11,0.78,0.07090909090909091,3.0454545454545454,5,2025-01-11,2025-10-26,25.079090909090908,Design,Advanced,6.0,0.5454545454545454,9.6,1.1458333333333335,17.0,2.2,29.145833333333336,1,Advanced / Deep Learners
U02833,2,2,342.61,171.305,3.86,2,2025-11-24,2025-12-29,31.135,Project Management,Intermediate,0.0,0.0,1.1666666666666667,1.7142857142857142,2.0,1.0,5.714285714285714,0,Focused / Low-Activity Learners
U02834,1,1,0.0,0.0,3.65,1,2025-12-02,2025-12-02,32.64,Data Science,Beginner,0.0,0.0,1.0,1.0,1.0,1.0,3.0,0,Focused / Low-Activity Learners
U02835,1,1,117.68,117.68,2.57,1,2025-09-28,2025-09-28,48.09,Data Science,Advanced,1.0,1.0,1.0,1.0,2.0,1.0,4.0,0,Focused / Low-Activity Learners
U02836,1,1,472.28,472.28,4.74,1,2025-03-17,2025-03-17,11.0,Programming,Beginner,0.0,0.0,1.0,1.0,1.0,1.0,3.0,0,Focused / Low-Activity Learners
U02837,2,2,0.0,0.0,3.795,2,2025-02-08,2025-11-27,11.875,Digital Marketing,Beginner,1.0,0.5,9.733333333333333,0.20547945205479454,3.0,1.0,5.205479452054794,0,Focused / Low-Activity Learners
U02838,2,2,837.6099999999999,418.80499999999995,2.8899999999999997,2,2025-02-14,2025-03-02,5.484999999999999,Project Management,Beginner,1.0,0.5,1.0,2.0,3.0,1.0,7.0,0,Focused / Low-Activity Learners
U02839,4,4,0.0,0.0,2.4275,4,2025-09-19,2025-12-18,24.45,Programming,Advanced,2.0,0.5,3.0,1.3333333333333333,6.0,1.0,11.333333333333332,0,Focused / Low-Activity Learners
U02840,1,1,0.0,0.0,4.44,1,2025-10-25,2025-10-25,1.46,Digital Marketing,Beginner,0.0,0.0,1.0,1.0,1.0,1.0,3.0,0,Focused / Low-Activity Learners
U02841,1,1,0.0,0.0,3.65,1,2025-09-29,2025-09-29,32.64,Data Science,Beginner,0.0,0.0,1.0,1.0,1.0,1.0,3.0,0,Focused / Low-Activity Learners
U02842,2,2,490.9,245.45,3.275,2,2025-04-19,2025-11-22,11.695,Business,Beginner,1.0,0.5,7.233333333333333,0.2764976958525346,3.0,1.0,5.276497695852535,0,Focused / Low-Activity Learners
U02843,14,14,1296.66,92.61857142857143,2.5885714285714285,9,2025-01-07,2025-12-20,23.03857142857143,Data Science,Beginner,2.0,0.14285714285714285,11.566666666666666,1.2103746397694524,16.0,1.5555555555555556,31.21037463976945,1,Advanced / Deep Learners
U02844,12,12,1101.98,91.83166666666666,3.2266666666666666,7,2025-03-24,2025-11-17,27.459999999999997,Artificial Intelligence,Advanced,5.0,0.4166666666666667,7.933333333333334,1.5126050420168067,17.0,1.7142857142857142,30.51260504201681,1,Advanced / Deep Learners
U02845,1,1,0.0,0.0,4.51,1,2025-03-02,2025-03-02,48.19,Design,Beginner,0.0,0.0,1.0,1.0,1.0,1.0,3.0,0,Focused / Low-Activity Learners
U02846,1,1,299.57,299.57,3.74,1,2025-06-07,2025-06-07,48.32,Data Science,Beginner,0.0,0.0,1.0,1.0,1.0,1.0,3.0,0,Focused / Low-Activity Learners
U02847,1,1,0.0,0.0,4.1,1,2025-05-01,2025-05-01,34.83,Finance,Intermediate,0.0,0.0,1.0,1.0,1.0,1.0,3.0,0,Focused / Low-Activity Learners
U02848,1,1,0.0,0.0,3.93,1,2025-11-12,2025-11-12,48.25,Cybersecurity,Intermediate,0.0,0.0,1.0,1.0,1.0,1.0,3.0,0,Focused / Low-Activity Learners
U02849,1,1,0.0,0.0,2.88,1,2025-06-10,2025-06-10,45.13,Programming,Beginner,0.0,0.0,1.0,1.0,1.0,1.0,3.0,0,Focused / Low-Activity Learners
U02850,13,13,993.9,76.45384615384616,3.116153846153846,10,2025-01-15,2025-11-09,28.24923076923077,Digital Marketing,Intermediate,4.0,0.3076923076923077,9.933333333333334,1.308724832214765,17.0,1.3,31.308724832214764,1,Advanced / Deep Learners
U02851,1,1,394.26,394.26,1.35,1,2025-08-08,2025-08-08,47.44,Cybersecurity,Intermediate,0.0,0.0,1.0,1.0,1.0,1.0,3.0,0,Focused / Low-Activity Learners
U02852,1,1,0.0,0.0,2.0,1,2025-06-30,2025-06-30,15.84,Business,Advanced,1.0,1.0,1.0,1.0,2.0,1.0,4.0,0,Focused / Low-Activity Learners
U02853,1,1,0.0,0.0,2.88,1,2025-12-04,2025-12-04,45.13,Programming,Beginner,0.0,0.0,1.0,1.0,1.0,1.0,3.0,0,Focused / Low-Activity Learners
U02854,1,1,0.0,0.0,2.0,1,2025-04-13,2025-04-13,15.84,Business,Advanced,1.0,1.0,1.0,1.0,2.0,1.0,4.0,0,Focused / Low-Activity Learners
U02855,1,1,327.99,327.99,1.51,1,2025-01-17,2025-01-17,12.13,Project Management,Beginner,0.0,0.0,1.0,1.0,1.0,1.0,3.0,0,Focused / Low-Activity Learners
U02856,1,1,472.28,472.28,4.74,1,2025-04-08,2025-04-08,11.0,Programming,Beginner,0.0,0.0,1.0,1.0,1.0,1.0,3.0,0,Focused / Low-Activity Learners
U02857,12,12,1001.5,83.45833333333333,2.6266666666666665,7,2025-01-06,2025-10-27,18.981666666666666,Project Management,Intermediate,4.0,0.3333333333333333,9.8,1.2244897959183672,16.0,1.7142857142857142,29.224489795918366,1,Advanced / Deep Learners
U02858,4,4,0.0,0.0,1.9925,4,2025-04-28,2025-12-25,26.0425,Programming,Beginner,0.0,0.0,8.033333333333333,0.4979253112033195,4.0,1.0,8.49792531120332,0,Focused / Low-Activity Learners
U02859,2,2,654.01,327.005,2.1,2,2025-03-20,2025-09-10,11.72,Project Management,Intermediate,0.0,0.0,5.8,0.3448275862068966,2.0,1.0,4.344827586206897,0,Focused / Low-Activity Learners
U02860,1,1,0.78,0.78,3.89,1,2025-09-24,2025-09-24,44.96,Machine Learning,Advanced,1.0,1.0,1.0,1.0,2.0,1.0,4.0,0,Focused / Low-Activity Learners
U02861,1,1,346.71,346.71,1.23,1,2025-03-28,2025-03-28,3.42,Project Management,Advanced,1.0,1.0,1.0,1.0,2.0,1.0,4.0,0,Focused / Low-Activity Learners
U02862,2,2,0.0,0.0,2.9299999999999997,2,2025-05-25,2025-07-23,31.565,Programming,Beginner,1.0,0.5,1.9666666666666666,1.0169491525423728,3.0,1.0,6.016949152542373,0,Focused / Low-Activity Learners
U02863,1,1,0.0,0.0,3.65,1,2025-02-04,2025-02-04,32.64,Data Science,Beginner,0.0,0.0,1.0,1.0,1.0,1.0,3.0,0,Focused / Low-Activity Learners
U02864,1,1,0.0,0.0,2.01,1,2025-07-16,2025-07-16,15.44,Marketing,Advanced,1.0,1.0,1.0,1.0,2.0,1.0,4.0,0,Focused / Low-Activity Learners
U02865,1,1,0.0,0.0,2.0,1,2025-04-07,2025-04-07,15.84,Business,Advanced,1.0,1.0,1.0,1.0,2.0,1.0,4.0,0,Focused / Low-Activity Learners
U02866,2,2,326.02,163.01,3.145,2,2025-02-20,2025-08-20,6.255,Data Science,Intermediate,0.0,0.0,6.033333333333333,0.3314917127071823,2.0,1.0,4.331491712707182,0,Focused / Low-Activity Learners
U02867,2,2,177.34,88.67,3.87,2,2025-07-09,2025-10-04,34.629999999999995,Digital Marketing,Advanced,1.0,0.5,2.9,0.6896551724137931,3.0,1.0,5.689655172413794,0,Focused / Low-Activity Learners
U02868,2,2,0.0,0.0,1.8199999999999998,2,2025-07-03,2025-09-02,32.505,Machine Learning,Intermediate,0.0,0.0,2.033333333333333,0.9836065573770493,2.0,1.0,4.983606557377049,0,Focused / Low-Activity Learners
U02869,1,1,0.0,0.0,4.94,1,2025-11-05,2025-11-05,42.59,Cybersecurity,Beginner,0.0,0.0,1.0,1.0,1.0,1.0,3.0,0,Focused / Low-Activity Learners
U02870,1,1,0.0,0.0,4.51,1,2025-02-16,2025-02-16,48.19,Design,Beginner,0.0,0.0,1.0,1.0,1.0,1.0,3.0,0,Focused / Low-Activity Learners
U02871,1,1,0.0,0.0,4.94,1,2025-01-24,2025-01-24,42.59,Cybersecurity,Beginner,0.0,0.0,1.0,1.0,1.0,1.0,3.0,0,Focused / Low-Activity Learners
U02872,2,2,342.61,171.305,3.995,2,2025-01-09,2025-04-26,19.715,Project Management,Intermediate,1.0,0.5,3.566666666666667,0.5607476635514018,3.0,1.0,5.5607476635514015,0,Focused / Low-Activity Learners
U02873,3,3,53.86,17.953333333333333,2.64,3,2025-01-05,2025-05-25,32.28333333333333,Project Management,Advanced,1.0,0.3333333333333333,4.666666666666667,0.6428571428571428,4.0,1.0,7.642857142857142,0,Focused / Low-Activity Learners
U02874,11,11,1151.3899999999999,104.67181818181817,3.2954545454545454,7,2025-02-24,2025-10-09,32.96454545454546,Web Development,Advanced,5.0,0.45454545454545453,7.566666666666666,1.4537444933920705,16.0,1.5714285714285714,28.453744493392072,1,Advanced / Deep Learners
U02875,1,1,285.05,285.05,1.96,1,2025-12-07,2025-12-07,34.78,Business,Beginner,0.0,0.0,1.0,1.0,1.0,1.0,3.0,0,Focused / Low-Activity Learners
U02876,1,1,0.0,0.0,1.52,1,2025-03-21,2025-03-21,2.87,Design,Advanced,1.0,1.0,1.0,1.0,2.0,1.0,4.0,0,Focused / Low-Activity Learners
U02877,1,1,0.0,0.0,4.72,1,2025-11-05,2025-11-05,42.68,Marketing,Intermediate,0.0,0.0,1.0,1.0,1.0,1.0,3.0,0,Focused / Low-Activity Learners
U02878,2,2,534.55,267.275,2.9299999999999997,2,2025-07-03,2025-10-12,25.869999999999997,Finance,Intermediate,0.0,0.0,3.3666666666666667,0.594059405940594,2.0,1.0,4.594059405940595,0,Focused / Low-Activity Learners
U02879,1,1,0.0,0.0,4.14,1,2025-03-05,2025-03-05,31.77,Finance,Beginner,0.0,0.0,1.0,1.0,1.0,1.0,3.0,0,Focused / Low-Activity Learners
U02880,1,1,0.0,0.0,2.61,1,2025-08-21,2025-08-21,48.68,Design,Advanced,1.0,1.0,1.0,1.0,2.0,1.0,4.0,0,Focused / Low-Activity Learners
U02881,4,4,276.37,69.0925,3.5225,3,2025-05-09,2025-12-01,35.935,Design,Beginner,1.0,0.25,6.866666666666666,0.5825242718446603,5.0,1.3333333333333333,9.58252427184466,0,Focused / Low-Activity Learners
U02882,1,1,0.0,0.0,4.66,1,2025-07-26,2025-07-26,5.95,Digital Marketing,Intermediate,0.0,0.0,1.0,1.0,1.0,1.0,3.0,0,Focused / Low-Activity Learners
U02883,12,12,2314.35,192.86249999999998,3.4725,7,2025-02-26,2025-12-19,29.299166666666668,Business,Beginner,1.0,0.08333333333333333,9.866666666666667,1.2162162162162162,13.0,1.7142857142857142,26.216216216216218,1,Advanced / Deep Learners
U02884,3,3,0.78,0.26,4.05,3,2025-01-03,2025-07-29,17.37,Machine Learning,Intermediate,1.0,0.3333333333333333,6.9,0.43478260869565216,4.0,1.0,7.434782608695652,0,Focused / Low-Activity Learners
U02885,3,3,342.61,114.20333333333333,4.333333333333333,3,2025-07-14,2025-11-28,32.656666666666666,Data Science,Beginner,0.0,0.0,4.566666666666666,0.6569343065693432,3.0,1.0,6.656934306569343,0,Focused / Low-Activity Learners
U02886,3,3,89.59,29.863333333333333,3.5033333333333334,3,2025-05-19,2025-08-01,13.196666666666667,Business,Intermediate,1.0,0.3333333333333333,2.466666666666667,1.2162162162162162,4.0,1.0,8.216216216216216,0,Focused / Low-Activity Learners
U02887,4,4,476.90999999999997,119.22749999999999,3.5125,4,2025-05-20,2025-11-06,43.19,Cybersecurity,Beginner,1.0,0.25,5.666666666666667,0.7058823529411764,5.0,1.0,9.705882352941178,0,Focused / Low-Activity Learners
U02888,1,1,117.68,117.68,2.57,1,2025-09-21,2025-09-21,48.09,Data Science,Advanced,1.0,1.0,1.0,1.0,2.0,1.0,4.0,0,Focused / Low-Activity Learners
U02889,1,1,326.02,326.02,2.69,1,2025-06-05,2025-06-05,11.31,Business,Intermediate,0.0,0.0,1.0,1.0,1.0,1.0,3.0,0,Focused / Low-Activity Learners
U02890,2,2,0.0,0.0,4.295,2,2025-03-28,2025-12-13,27.1,Digital Marketing,Intermediate,0.0,0.0,8.666666666666666,0.23076923076923078,2.0,1.0,4.230769230769231,0,Focused / Low-Activity Learners
U02891,3,3,702.3,234.1,2.7566666666666664,2,2025-02-06,2025-08-28,43.73,Data Science,Beginner,1.0,0.3333333333333333,6.766666666666667,0.4433497536945813,4.0,1.5,7.443349753694582,0,Focused / Low-Activity Learners
U02892,1,1,472.28,472.28,4.74,1,2025-09-08,2025-09-08,11.0,Programming,Beginner,0.0,0.0,1.0,1.0,1.0,1.0,3.0,0,Focused / Low-Activity Learners
U02893,1,1,0.0,0.0,2.88,1,2025-06-06,2025-06-06,45.13,Programming,Beginner,0.0,0.0,1.0,1.0,1.0,1.0,3.0,0,Focused / Low-Activity Learners
U02894,1,1,0.0,0.0,2.01,1,2025-09-11,2025-09-11,15.44,Marketing,Advanced,1.0,1.0,1.0,1.0,2.0,1.0,4.0,0,Focused / Low-Activity Learners
U02895,2,2,53.86,26.93,3.055,2,2025-06-07,2025-12-03,44.89,Artificial Intelligence,Beginner,0.0,0.0,5.966666666666667,0.33519553072625696,2.0,1.0,4.335195530726256,0,Focused / Low-Activity Learners
U02896,1,1,0.0,0.0,3.6,1,2025-04-07,2025-04-07,1.2,Data Science,Intermediate,0.0,0.0,1.0,1.0,1.0,1.0,3.0,0,Focused / Low-Activity Learners
U02897,1,1,299.57,299.57,3.74,1,2025-06-23,2025-06-23,48.32,Data Science,Beginner,0.0,0.0,1.0,1.0,1.0,1.0,3.0,0,Focused / Low-Activity Learners
U02898,4,4,619.76,154.94,3.975,3,2025-03-23,2025-12-27,31.5575,Design,Advanced,3.0,0.75,9.3,0.4301075268817204,7.0,1.3333333333333333,11.43010752688172,0,Focused / Low-Activity Learners
U02899,13,13,327.99,25.23,3.2446153846153845,8,2025-01-27,2025-12-05,23.396923076923073,Programming,Beginner,2.0,0.15384615384615385,10.4,1.25,14.999999999999998,1.625,29.25,1,Advanced / Deep Learners
U02900,1,1,394.26,394.26,1.35,1,2025-11-27,2025-11-27,47.44,Cybersecurity,Intermediate,0.0,0.0,1.0,1.0,1.0,1.0,3.0,0,Focused / Low-Activity Learners
U02901,1,1,0.0,0.0,2.38,1,2025-07-16,2025-07-16,16.74,Cybersecurity,Advanced,1.0,1.0,1.0,1.0,2.0,1.0,4.0,0,Focused / Low-Activity Learners
U02902,2,2,0.0,0.0,2.29,2,2025-07-11,2025-10-12,28.75,Cybersecurity,Beginner,1.0,0.5,3.1,0.6451612903225806,3.0,1.0,5.64516129032258,0,Focused / Low-Activity Learners
U02903,1,1,487.92,487.92,3.64,1,2025-01-23,2025-01-23,36.01,Business,Advanced,1.0,1.0,1.0,1.0,2.0,1.0,4.0,0,Focused / Low-Activity Learners
U02904,1,1,346.71,346.71,1.23,1,2025-09-22,2025-09-22,3.42,Project Management,Advanced,1.0,1.0,1.0,1.0,2.0,1.0,4.0,0,Focused / Low-Activity Learners
U02905,2,2,119.04,59.52,2.38,2,2025-03-16,2025-06-02,19.425,Finance,Intermediate,1.0,0.5,2.6,0.7692307692307692,3.0,1.0,5.769230769230769,0,Focused / Low-Activity Learners
U02906,3,3,591.3199999999999,197.10666666666665,3.8766666666666665,2,2025-03-10,2025-12-08,22.060000000000002,Finance,Beginner,0.0,0.0,9.1,0.32967032967032966,3.0,1.5,6.32967032967033,0,Focused / Low-Activity Learners
U02907,2,2,415.51,207.755,2.8899999999999997,2,2025-05-19,2025-08-30,34.2,Web Development,Intermediate,1.0,0.5,3.433333333333333,0.5825242718446603,3.0,1.0,5.58252427184466,0,Focused / Low-Activity Learners
U02908,1,1,0.0,0.0,2.88,1,2025-03-29,2025-03-29,45.13,Programming,Beginner,0.0,0.0,1.0,1.0,1.0,1.0,3.0,0,Focused / Low-Activity Learners
U02909,14,14,1205.39,86.09928571428573,3.4785714285714286,9,2025-01-21,2025-11-21,28.362142857142857,Business,Intermediate,2.0,0.14285714285714285,10.133333333333333,1.381578947368421,16.0,1.5555555555555556,31.38157894736842,1,Advanced / Deep Learners
U02910,1,1,0.0,0.0,2.0,1,2025-06-27,2025-06-27,15.84,Business,Advanced,1.0,1.0,1.0,1.0,2.0,1.0,4.0,0,Focused / Low-Activity Learners
U02911,1,1,490.9,490.9,4.55,1,2025-12-30,2025-12-30,7.55,Artificial Intelligence,Beginner,0.0,0.0,1.0,1.0,1.0,1.0,3.0,0,Focused / Low-Activity Learners
U02912,2,2,212.39,106.195,2.91,2,2025-07-10,2025-11-03,31.48,Web Development,Advanced,2.0,1.0,3.8666666666666667,0.5172413793103449,4.0,1.0,6.517241379310345,0,Focused / Low-Activity Learners
U02913,1,1,0.0,0.0,1.91,1,2025-02-28,2025-02-28,26.52,Cybersecurity,Intermediate,0.0,0.0,1.0,1.0,1.0,1.0,3.0,0,Focused / Low-Activity Learners
U02914,2,2,57.32,28.66,4.735,2,2025-01-17,2025-10-26,45.825,Machine Learning,Intermediate,1.0,0.5,9.4,0.2127659574468085,3.0,1.0,5.212765957446809,0,Focused / Low-Activity Learners
U02915,14,14,415.51,29.679285714285715,3.4692857142857143,9,2025-01-14,2025-12-15,27.729285714285716,Marketing,Intermediate,2.0,0.14285714285714285,11.166666666666666,1.2537313432835822,16.0,1.5555555555555556,31.253731343283583,1,Advanced / Deep Learners
U02916,15,15,2093.42,139.56133333333335,3.3833333333333333,10,2025-02-06,2025-12-04,27.567333333333334,Project Management,Beginner,1.0,0.06666666666666667,10.033333333333333,1.495016611295681,16.0,1.5,32.49501661129568,1,Advanced / Deep Learners
U02917,1,1,487.92,487.92,3.64,1,2025-11-29,2025-11-29,36.01,Business,Advanced,1.0,1.0,1.0,1.0,2.0,1.0,4.0,0,Focused / Low-Activity Learners
U02918,2,2,0.0,0.0,2.8600000000000003,2,2025-05-27,2025-07-27,15.07,Digital Marketing,Beginner,0.0,0.0,2.033333333333333,0.9836065573770493,2.0,1.0,4.983606557377049,0,Focused / Low-Activity Learners
U02919,1,1,0.0,0.0,1.59,1,2025-05-19,2025-05-19,6.36,Finance,Advanced,1.0,1.0,1.0,1.0,2.0,1.0,4.0,0,Focused / Low-Activity Learners
U02920,1,1,0.0,0.0,3.65,1,2025-03-27,2025-03-27,32.64,Data Science,Beginner,0.0,0.0,1.0,1.0,1.0,1.0,3.0,0,Focused / Low-Activity Learners
U02921,1,1,0.0,0.0,2.38,1,2025-12-20,2025-12-20,16.74,Cybersecurity,Advanced,1.0,1.0,1.0,1.0,2.0,1.0,4.0,0,Focused / Low-Activity Learners
U02922,1,1,0.0,0.0,2.43,1,2025-12-19,2025-12-19,37.7,Programming,Intermediate,0.0,0.0,1.0,1.0,1.0,1.0,3.0,0,Focused / Low-Activity Learners
U02923,3,3,818.89,272.9633333333333,3.17,2,2025-03-15,2025-11-22,17.87,Project Management,Beginner,0.0,0.0,8.4,0.35714285714285715,3.0,1.5,6.357142857142858,0,Focused / Low-Activity Learners
U02924,1,1,0.0,0.0,1.59,1,2025-10-25,2025-10-25,6.36,Finance,Advanced,1.0,1.0,1.0,1.0,2.0,1.0,4.0,0,Focused / Low-Activity Learners
U02925,4,4,513.3,128.325,3.0375,4,2025-01-05,2025-11-05,21.834999999999997,Cybersecurity,Intermediate,1.0,0.25,10.133333333333333,0.39473684210526316,5.0,1.0,9.394736842105264,0,Focused / Low-Activity Learners
U02926,1,1,0.0,0.0,3.15,1,2025-08-30,2025-08-30,22.29,Business,Advanced,1.0,1.0,1.0,1.0,2.0,1.0,4.0,0,Focused / Low-Activity Learners
U02927,15,15,1865.3400000000001,124.35600000000001,2.7213333333333334,10,2025-01-08,2025-11-30,23.540000000000003,Business,Beginner,5.0,0.3333333333333333,10.866666666666667,1.3803680981595092,20.0,1.5,36.38036809815951,1,Advanced / Deep Learners
U02928,1,1,0.0,0.0,4.1,1,2025-09-25,2025-09-25,34.83,Finance,Intermediate,0.0,0.0,1.0,1.0,1.0,1.0,3.0,0,Focused / Low-Activity Learners
U02929,1,1,472.28,472.28,4.74,1,2025-09-09,2025-09-09,11.0,Programming,Beginner,0.0,0.0,1.0,1.0,1.0,1.0,3.0,0,Focused / Low-Activity Learners
U02930,1,1,285.05,285.05,1.96,1,2025-06-17,2025-06-17,34.78,Business,Beginner,0.0,0.0,1.0,1.0,1.0,1.0,3.0,0,Focused / Low-Activity Learners
U02931,15,15,156.93,10.462,2.7606666666666664,8,2025-01-25,2025-12-02,25.294,Finance,Intermediate,4.0,0.26666666666666666,10.366666666666667,1.4469453376205788,19.0,1.875,35.446945337620576,1,Advanced / Deep Learners
U02932,1,1,0.0,0.0,3.32,1,2025-01-22,2025-01-22,48.57,Web Development,Beginner,0.0,0.0,1.0,1.0,1.0,1.0,3.0,0,Focused / Low-Activity Learners
U02933,1,1,0.0,0.0,4.45,1,2025-06-27,2025-06-27,15.29,Design,Advanced,1.0,1.0,1.0,1.0,2.0,1.0,4.0,0,Focused / Low-Activity Learners
U02934,1,1,299.57,299.57,3.74,1,2025-10-21,2025-10-21,48.32,Data Science,Beginner,0.0,0.0,1.0,1.0,1.0,1.0,3.0,0,Focused / Low-Activity Learners
U02935,2,2,700.56,350.28,2.535,2,2025-03-04,2025-03-13,31.555,Artificial Intelligence,Intermediate,0.0,0.0,1.0,2.0,2.0,1.0,6.0,0,Focused / Low-Activity Learners
U02936,2,2,0.0,0.0,3.665,2,2025-03-24,2025-11-13,45.68,Marketing,Advanced,1.0,0.5,7.8,0.25641025641025644,3.0,1.0,5.256410256410256,0,Focused / Low-Activity Learners
U02937,13,13,648.58,49.89076923076924,2.923076923076923,8,2025-01-17,2025-11-25,23.523076923076925,Finance,Advanced,5.0,0.38461538461538464,10.4,1.25,18.0,1.625,32.25,1,Advanced / Deep Learners
U02938,1,1,0.0,0.0,2.0,1,2025-12-30,2025-12-30,15.84,Business,Advanced,1.0,1.0,1.0,1.0,2.0,1.0,4.0,0,Focused / Low-Activity Learners
U02939,1,1,0.0,0.0,3.6,1,2025-09-04,2025-09-04,1.2,Data Science,Intermediate,0.0,0.0,1.0,1.0,1.0,1.0,3.0,0,Focused / Low-Activity Learners
U02940,3,3,346.71,115.57,2.266666666666667,3,2025-05-11,2025-11-19,7.069999999999999,Digital Marketing,Beginner,1.0,0.3333333333333333,6.4,0.46875,4.0,1.0,7.46875,0,Focused / Low-Activity Learners
U02941,12,12,907.5,75.625,3.1641666666666666,8,2025-01-03,2025-11-18,33.270833333333336,Web Development,Beginner,4.0,0.3333333333333333,10.633333333333333,1.1285266457680252,16.0,1.5,29.128526645768027,1,Advanced / Deep Learners
U02942,3,3,415.51,138.50333333333333,3.143333333333333,3,2025-01-11,2025-12-13,28.606666666666666,Artificial Intelligence,Intermediate,1.0,0.3333333333333333,11.2,0.26785714285714285,4.0,1.0,7.267857142857142,0,Focused / Low-Activity Learners
U02943,1,1,0.0,0.0,4.11,1,2025-05-10,2025-05-10,46.25,Marketing,Intermediate,0.0,0.0,1.0,1.0,1.0,1.0,3.0,0,Focused / Low-Activity Learners
U02944,1,1,0.0,0.0,1.59,1,2025-06-23,2025-06-23,6.36,Finance,Advanced,1.0,1.0,1.0,1.0,2.0,1.0,4.0,0,Focused / Low-Activity Learners
U02945,12,12,1621.1599999999999,135.09666666666666,2.654166666666667,8,2025-01-09,2025-12-28,26.115,Web Development,Beginner,3.0,0.25,11.766666666666667,1.019830028328612,15.0,1.5,28.019830028328613,1,Advanced / Deep Learners
U02946,1,1,0.0,0.0,4.72,1,2025-11-09,2025-11-09,42.68,Marketing,Intermediate,0.0,0.0,1.0,1.0,1.0,1.0,3.0,0,Focused / Low-Activity Learners
U02947,11,11,912.1299999999999,82.92090909090908,2.8963636363636365,9,2025-01-02,2025-12-24,24.029999999999998,Web Development,Beginner,3.0,0.2727272727272727,11.866666666666667,0.9269662921348314,14.0,1.2222222222222223,25.926966292134832,1,Advanced / Deep Learners
U02948,1,1,0.0,0.0,3.65,1,2025-01-23,2025-01-23,32.64,Data Science,Beginner,0.0,0.0,1.0,1.0,1.0,1.0,3.0,0,Focused / Low-Activity Learners
U02949,2,2,787.49,393.745,3.6900000000000004,2,2025-02-19,2025-12-16,42.165,Business,Beginner,1.0,0.5,10.0,0.2,3.0,1.0,5.2,0,Focused / Low-Activity Learners
U02950,4,4,342.61,85.6525,3.4924999999999997,3,2025-01-20,2025-11-04,32.3625,Design,Advanced,2.0,0.5,9.6,0.4166666666666667,6.0,1.3333333333333333,10.416666666666668,0,Focused / Low-Activity Learners
U02951,1,1,0.0,0.0,3.93,1,2025-11-28,2025-11-28,48.25,Cybersecurity,Intermediate,0.0,0.0,1.0,1.0,1.0,1.0,3.0,0,Focused / Low-Activity Learners
U02952,2,2,0.0,0.0,4.075,2,2025-05-04,2025-10-05,45.445,Design,Beginner,0.0,0.0,5.133333333333334,0.3896103896103896,2.0,1.0,4.3896103896103895,0,Focused / Low-Activity Learners
U02953,1,1,285.05,285.05,1.96,1,2025-08-17,2025-08-17,34.78,Business,Beginner,0.0,0.0,1.0,1.0,1.0,1.0,3.0,0,Focused / Low-Activity Learners
U02954,2,2,487.92,243.96,3.01,2,2025-06-20,2025-08-24,26.375,Business,Advanced,2.0,1.0,2.1666666666666665,0.9230769230769231,4.0,1.0,6.923076923076923,0,Focused / Low-Activity Learners
U02955,1,1,57.32,57.32,4.74,1,2025-09-08,2025-09-08,43.95,Web Development,Advanced,1.0,1.0,1.0,1.0,2.0,1.0,4.0,0,Focused / Low-Activity Learners
U02956,2,2,53.86,26.93,1.875,2,2025-04-02,2025-06-28,37.879999999999995,Programming,Beginner,0.0,0.0,2.9,0.6896551724137931,2.0,1.0,4.689655172413794,0,Focused / Low-Activity Learners
U02957,1,1,0.0,0.0,2.38,1,2025-11-20,2025-11-20,16.74,Cybersecurity,Advanced,1.0,1.0,1.0,1.0,2.0,1.0,4.0,0,Focused / Low-Activity Learners
U02958,12,12,1338.41,111.53416666666668,2.9658333333333338,7,2025-01-24,2025-12-17,27.429166666666664,Business,Advanced,5.0,0.4166666666666667,10.9,1.1009174311926606,17.0,1.7142857142857142,30.100917431192663,1,Advanced / Deep Learners
U02959,2,2,276.37,138.185,2.85,2,2025-02-02,2025-07-22,33.42,Design,Advanced,2.0,1.0,5.666666666666667,0.3529411764705882,4.0,1.0,6.352941176470589,0,Focused / Low-Activity Learners
U02960,1,1,299.57,299.57,3.74,1,2025-03-26,2025-03-26,48.32,Data Science,Beginner,0.0,0.0,1.0,1.0,1.0,1.0,3.0,0,Focused / Low-Activity Learners
U02961,1,1,0.0,0.0,3.65,1,2025-12-15,2025-12-15,32.64,Data Science,Beginner,0.0,0.0,1.0,1.0,1.0,1.0,3.0,0,Focused / Low-Activity Learners
U02962,1,1,0.0,0.0,4.1,1,2025-04-25,2025-04-25,34.83,Finance,Intermediate,0.0,0.0,1.0,1.0,1.0,1.0,3.0,0,Focused / Low-Activity Learners
U02963,1,1,0.0,0.0,1.73,1,2025-10-30,2025-10-30,38.49,Machine Learning,Intermediate,0.0,0.0,1.0,1.0,1.0,1.0,3.0,0,Focused / Low-Activity Learners
U02964,1,1,0.0,0.0,4.73,1,2025-01-28,2025-01-28,47.7,Machine Learning,Intermediate,0.0,0.0,1.0,1.0,1.0,1.0,3.0,0,Focused / Low-Activity Learners
U02965,1,1,327.99,327.99,1.51,1,2025-04-07,2025-04-07,12.13,Project Management,Beginner,0.0,0.0,1.0,1.0,1.0,1.0,3.0,0,Focused / Low-Activity Learners
U02966,4,4,0.0,0.0,3.52,4,2025-05-11,2025-08-18,12.2,Business,Beginner,2.0,0.5,3.3,1.2121212121212122,6.0,1.0,11.212121212121211,0,Focused / Low-Activity Learners
U02967,1,1,0.0,0.0,2.01,1,2025-04-10,2025-04-10,15.44,Marketing,Advanced,1.0,1.0,1.0,1.0,2.0,1.0,4.0,0,Focused / Low-Activity Learners
U02968,2,2,511.96,255.98,3.4450000000000003,2,2025-01-05,2025-11-25,35.605000000000004,Digital Marketing,Beginner,1.0,0.5,10.8,0.18518518518518517,3.0,1.0,5.185185185185185,0,Focused / Low-Activity Learners
U02969,13,13,1177.78,90.59846153846154,2.920769230769231,10,2025-01-02,2025-10-23,25.855384615384615,Programming,Beginner,5.0,0.38461538461538464,9.8,1.3265306122448979,18.0,1.3,32.326530612244895,1,Advanced / Deep Learners
U02970,2,2,90.37,45.185,3.285,2,2025-07-15,2025-12-24,23.255,Machine Learning,Intermediate,1.0,0.5,5.4,0.37037037037037035,3.0,1.0,5.37037037037037,0,Focused / Low-Activity Learners
U02971,13,13,776.89,59.76076923076923,3.0323076923076924,9,2025-01-07,2025-12-05,22.169999999999998,Artificial Intelligence,Advanced,7.0,0.5384615384615384,11.066666666666666,1.1746987951807228,20.0,1.4444444444444444,34.174698795180724,1,Advanced / Deep Learners
U02972,2,2,580.49,290.245,3.615,1,2025-02-19,2025-08-23,4.55,Artificial Intelligence,Intermediate,0.0,0.0,6.166666666666667,0.3243243243243243,2.0,2.0,4.324324324324325,0,Focused / Low-Activity Learners
U02973,1,1,0.0,0.0,1.13,1,2025-09-14,2025-09-14,16.33,Machine Learning,Beginner,0.0,0.0,1.0,1.0,1.0,1.0,3.0,0,Focused / Low-Activity Learners
U02974,14,14,1206.08,86.14857142857143,3.391428571428571,9,2025-01-11,2025-12-24,22.020000000000003,Data Science,Beginner,3.0,0.21428571428571427,11.566666666666666,1.2103746397694524,17.0,1.5555555555555556,32.210374639769455,1,Advanced / Deep Learners
U02975,1,1,0.0,0.0,3.64,1,2025-03-29,2025-03-29,42.7,Artificial Intelligence,Beginner,0.0,0.0,1.0,1.0,1.0,1.0,3.0,0,Focused / Low-Activity Learners
U02976,16,16,1526.86,95.42875,3.145,9,2025-01-06,2025-12-23,25.6075,Project Management,Beginner,6.0,0.375,11.7,1.3675213675213675,22.0,1.7777777777777777,39.36752136752136,1,Advanced / Deep Learners
U02977,1,1,394.26,394.26,1.35,1,2025-02-09,2025-02-09,47.44,Cybersecurity,Intermediate,0.0,0.0,1.0,1.0,1.0,1.0,3.0,0,Focused / Low-Activity Learners
U02978,4,4,248.1,62.025,2.2675,4,2025-03-10,2025-10-08,15.58,Artificial Intelligence,Beginner,1.0,0.25,7.066666666666666,0.5660377358490566,5.0,1.0,9.566037735849058,0,Focused / Low-Activity Learners
U02979,1,1,212.39,212.39,3.15,1,2025-11-05,2025-11-05,22.89,Digital Marketing,Advanced,1.0,1.0,1.0,1.0,2.0,1.0,4.0,0,Focused / Low-Activity Learners
U02980,12,12,804.66,67.05499999999999,2.9808333333333334,8,2025-01-06,2025-12-07,28.691666666666666,Design,Beginner,3.0,0.25,11.166666666666666,1.0746268656716418,15.0,1.5,28.07462686567164,1,Advanced / Deep Learners
U02981,14,14,1177.0,84.07142857142857,2.7721428571428572,9,2025-02-01,2025-12-25,30.897142857142857,Programming,Advanced,5.0,0.35714285714285715,10.9,1.2844036697247705,19.0,1.5555555555555556,34.28440366972477,1,Advanced / Deep Learners
U02982,1,1,0.0,0.0,4.68,1,2025-05-02,2025-05-02,15.75,Project Management,Beginner,0.0,0.0,1.0,1.0,1.0,1.0,3.0,0,Focused / Low-Activity Learners
U02983,1,1,0.0,0.0,4.1,1,2025-04-09,2025-04-09,34.83,Finance,Intermediate,0.0,0.0,1.0,1.0,1.0,1.0,3.0,0,Focused / Low-Activity Learners
U02984,14,14,1574.03,112.43071428571429,3.5157142857142856,9,2025-01-01,2025-12-03,28.44214285714286,Project Management,Advanced,5.0,0.35714285714285715,11.2,1.25,19.0,1.5555555555555556,34.25,1,Advanced / Deep Learners
U02985,1,1,0.78,0.78,3.89,1,2025-10-01,2025-10-01,44.96,Machine Learning,Advanced,1.0,1.0,1.0,1.0,2.0,1.0,4.0,0,Focused / Low-Activity Learners
U02986,2,2,590.71,295.355,3.02,2,2025-05-18,2025-09-28,13.27,Artificial Intelligence,Intermediate,0.0,0.0,4.433333333333334,0.45112781954887216,2.0,1.0,4.451127819548872,0,Focused / Low-Activity Learners
U02987,1,1,0.0,0.0,3.85,1,2025-11-18,2025-11-18,19.53,Programming,Beginner,0.0,0.0,1.0,1.0,1.0,1.0,3.0,0,Focused / Low-Activity Learners
U02988,1,1,0.0,0.0,4.72,1,2025-12-29,2025-12-29,42.68,Marketing,Intermediate,0.0,0.0,1.0,1.0,1.0,1.0,3.0,0,Focused / Low-Activity Learners
U02989,11,11,968.91,88.08272727272727,3.4227272727272724,8,2025-02-04,2025-12-30,27.87090909090909,Cybersecurity,Intermediate,2.0,0.18181818181818182,10.966666666666667,1.0030395136778116,13.0,1.375,25.003039513677813,1,Advanced / Deep Learners
U02990,2,2,472.28,236.14,3.165,2,2025-02-17,2025-09-25,8.68,Programming,Beginner,1.0,0.5,7.333333333333333,0.27272727272727276,3.0,1.0,5.272727272727273,0,Focused / Low-Activity Learners
U02991,1,1,0.0,0.0,1.28,1,2025-10-27,2025-10-27,28.68,Programming,Beginner,0.0,0.0,1.0,1.0,1.0,1.0,3.0,0,Focused / Low-Activity Learners
U02992,12,12,1913.78,159.48166666666665,3.1683333333333334,8,2025-01-16,2025-12-28,28.522499999999997,Data Science,Intermediate,1.0,0.08333333333333333,11.533333333333333,1.0404624277456647,13.0,1.5,26.040462427745666,1,Advanced / Deep Learners
U02993,1,1,0.0,0.0,1.59,1,2025-08-29,2025-08-29,6.36,Finance,Advanced,1.0,1.0,1.0,1.0,2.0,1.0,4.0,0,Focused / Low-Activity Learners
U02994,14,14,1069.44,76.38857142857144,2.682857142857143,9,2025-01-22,2025-12-12,27.370714285714286,Business,Beginner,4.0,0.2857142857142857,10.8,1.2962962962962963,18.0,1.5555555555555556,33.2962962962963,1,Advanced / Deep Learners
U02995,1,1,37.89,37.89,1.3,1,2025-08-21,2025-08-21,24.11,Web Development,Advanced,1.0,1.0,1.0,1.0,2.0,1.0,4.0,0,Focused / Low-Activity Learners
U02996,1,1,0.0,0.0,4.14,1,2025-11-21,2025-11-21,31.77,Finance,Beginner,0.0,0.0,1.0,1.0,1.0,1.0,3.0,0,Focused / Low-Activity Learners
U02997,1,1,0.0,0.0,1.81,1,2025-08-28,2025-08-28,9.3,Machine Learning,Advanced,1.0,1.0,1.0,1.0,2.0,1.0,4.0,0,Focused / Low-Activity Learners
U02998,1,1,37.89,37.89,1.3,1,2025-11-08,2025-11-08,24.11,Web Development,Advanced,1.0,1.0,1.0,1.0,2.0,1.0,4.0,0,Focused / Low-Activity Learners
U02999,1,1,37.89,37.89,1.3,1,2025-09-09,2025-09-09,24.11,Web Development,Advanced,1.0,1.0,1.0,1.0,2.0,1.0,4.0,0,Focused / Low-Activity Learners
U03000,1,1,394.26,394.26,1.35,1,2025-02-06,2025-02-06,47.44,Cybersecurity,Intermediate,0.0,0.0,1.0,1.0,1.0,1.0,3.0,0,Focused / Low-Activity Learners
