UserID,RecommendationRank,RecommendedCourseID
U00001,1,CR00021
U00001,2,CR00058
U00001,3,CR00025
U00001,4,CR00048
U00001,5,CR00023
U00002,1,CR00021
U00002,2,CR00058
U00002,3,CR00025
U00002,4,CR00048
U00002,5,CR00023
U00003,1,CR00021
U00003,2,CR00058
U00003,3,CR00025
U00003,4,CR00048
U00003,5,CR00023
U00004,1,CR00021
U00004,2,CR00058
U00004,3,CR00025
U00004,4,CR00048
U00004,5,CR00023
U00005,1,CR00021
U00005,2,CR00058
U00005,3,CR00025
U00005,4,CR00048
U00005,5,CR00023
U00006,1,CR00021
U00006,2,CR00058
U00006,3,CR00025
U00006,4,CR00048
U00006,5,CR00023
U00007,1,CR00021
U00007,2,CR00058
U00007,3,CR00025
U00007,4,CR00048
U00007,5,CR00023
U00008,1,CR00021
U00008,2,CR00058
U00008,3,CR00025
U00008,4,CR00048
U00008,5,CR00023
U00009,1,CR00021
U00009,2,CR00058
U00009,3,CR00025
U00009,4,CR00048
U00009,5,CR00023
U00010,1,CR00021
U00010,2,CR00058
U00010,3,CR00025
U00010,4,CR00048
U00010,5,CR00023
U00011,1,CR00021
U00011,2,CR00058
U00011,3,CR00025
U00011,4,CR00048
U00011,5,CR00023
U00012,1,CR00021
U00012,2,CR00058
U00012,3,CR00025
U00012,4,CR00048
U00012,5,CR00023
U00013,1,CR00021
U00013,2,CR00058
U00013,3,CR00025
U00013,4,CR00048
U00013,5,CR00023
U00014,1,CR00021
U00014,2,CR00058
U00014,3,CR00025
U00014,4,CR00048
U00014,5,CR00023
U00015,1,CR00021
U00015,2,CR00058
U00015,3,CR00025
U00015,4,CR00048
U00015,5,CR00023
U00016,1,CR00021
U00016,2,CR00058
U00016,3,CR00025
U00016,4,CR00048
U00016,5,CR00023
U00017,1,CR00021
U00017,2,CR00058
U00017,3,CR00025
U00017,4,CR00048
U00017,5,CR00023
U00018,1,CR00021
U00018,2,CR00058
U00018,3,CR00025
U00018,4,CR00048
U00018,5,CR00023
U00019,1,CR00021
U00019,2,CR00058
U00019,3,CR00025
U00019,4,CR00048
U00019,5,CR00023
U00020,1,CR00021
U00020,2,CR00058
U00020,3,CR00025
U00020,4,CR00048
U00020,5,CR00023
U00021,1,CR00021
U00021,2,CR00058
U00021,3,CR00025
U00021,4,CR00048
U00021,5,CR00023
U00022,1,CR00021
U00022,2,CR00058
U00022,3,CR00025
U00022,4,CR00048
U00022,5,CR00023
U00023,1,CR00021
U00023,2,CR00058
U00023,3,CR00025
U00023,4,CR00048
U00023,5,CR00023
U00024,1,CR00021
U00024,2,CR00058
U00024,3,CR00025
U00024,4,CR00048
U00024,5,CR00023
U00025,1,CR00021
U00025,2,CR00058
U00025,3,CR00025
U00025,4,CR00048
U00025,5,CR00023
U00026,1,CR00021
U00026,2,CR00058
U00026,3,CR00025
U00026,4,CR00048
U00026,5,CR00023
U00027,1,CR00021
U00027,2,CR00058
U00027,3,CR00025
U00027,4,CR00048
U00027,5,CR00023
U00028,1,CR00021
U00028,2,CR00058
U00028,3,CR00025
U00028,4,CR00048
U00028,5,CR00023
U00029,1,CR00021
U00029,2,CR00058
U00029,3,CR00025
U00029,4,CR00048
U00029,5,CR00023
U00030,1,CR00021
U00030,2,CR00058
U00030,3,CR00025
U00030,4,CR00048
U00030,5,CR00023
U00031,1,CR00021
U00031,2,CR00058
U00031,3,CR00025
U00031,4,CR00048
U00031,5,CR00023
U00032,1,CR00021
U00032,2,CR00058
U00032,3,CR00025
U00032,4,CR00048
U00032,5,CR00023
U00033,1,CR00021
U00033,2,CR00058
U00033,3,CR00025
U00033,4,CR00048
U00033,5,CR00023
U00034,1,CR00021
U00034,2,CR00058
U00034,3,CR00025
U00034,4,CR00048
U00034,5,CR00023
U00035,1,CR00021
U00035,2,CR00058
U00035,3,CR00025
U00035,4,CR00048
U00035,5,CR00023
U00036,1,CR00021
U00036,2,CR00058
U00036,3,CR00025
U00036,4,CR00048
U00036,5,CR00023
U00037,1,CR00021
U00037,2,CR00058
U00037,3,CR00025
U00037,4,CR00048
U00037,5,CR00023
U00038,1,CR00021
U00038,2,CR00058
U00038,3,CR00025
U00038,4,CR00048
U00038,5,CR00023
U00039,1,CR00021
U00039,2,CR00058
U00039,3,CR00025
U00039,4,CR00048
U00039,5,CR00023
U00040,1,CR00021
U00040,2,CR00058
U00040,3,CR00025
U00040,4,CR00048
U00040,5,CR00023
U00041,1,CR00021
U00041,2,CR00058
U00041,3,CR00025
U00041,4,CR00048
U00041,5,CR00023
U00042,1,CR00021
U00042,2,CR00058
U00042,3,CR00025
U00042,4,CR00048
U00042,5,CR00023
U00043,1,CR00021
U00043,2,CR00058
U00043,3,CR00025
U00043,4,CR00048
U00043,5,CR00023
U00044,1,CR00021
U00044,2,CR00058
U00044,3,CR00025
U00044,4,CR00048
U00044,5,CR00023
U00045,1,CR00021
U00045,2,CR00058
U00045,3,CR00025
U00045,4,CR00048
U00045,5,CR00023
U00046,1,CR00021
U00046,2,CR00058
U00046,3,CR00025
U00046,4,CR00048
U00046,5,CR00023
U00047,1,CR00021
U00047,2,CR00058
U00047,3,CR00025
U00047,4,CR00048
U00047,5,CR00023
U00048,1,CR00021
U00048,2,CR00058
U00048,3,CR00025
U00048,4,CR00048
U00048,5,CR00023
U00049,1,CR00021
U00049,2,CR00058
U00049,3,CR00025
U00049,4,CR00048
U00049,5,CR00023
U00050,1,CR00021
U00050,2,CR00058
U00050,3,CR00025
U00050,4,CR00048
U00050,5,CR00023
U00051,1,CR00021
U00051,2,CR00058
U00051,3,CR00025
U00051,4,CR00048
U00051,5,CR00023
U00052,1,CR00021
U00052,2,CR00058
U00052,3,CR00025
U00052,4,CR00048
U00052,5,CR00023
U00053,1,CR00021
U00053,2,CR00058
U00053,3,CR00025
U00053,4,CR00048
U00053,5,CR00023
U00054,1,CR00021
U00054,2,CR00058
U00054,3,CR00025
U00054,4,CR00048
U00054,5,CR00023
U00055,1,CR00021
U00055,2,CR00058
U00055,3,CR00025
U00055,4,CR00048
U00055,5,CR00023
U00056,1,CR00021
U00056,2,CR00058
U00056,3,CR00025
U00056,4,CR00048
U00056,5,CR00023
U00057,1,CR00021
U00057,2,CR00058
U00057,3,CR00025
U00057,4,CR00048
U00057,5,CR00023
U00058,1,CR00021
U00058,2,CR00058
U00058,3,CR00025
U00058,4,CR00048
U00058,5,CR00023
U00059,1,CR00021
U00059,2,CR00058
U00059,3,CR00025
U00059,4,CR00048
U00059,5,CR00023
U00060,1,CR00021
U00060,2,CR00058
U00060,3,CR00025
U00060,4,CR00048
U00060,5,CR00023
U00061,1,CR00021
U00061,2,CR00058
U00061,3,CR00025
U00061,4,CR00048
U00061,5,CR00023
U00062,1,CR00021
U00062,2,CR00058
U00062,3,CR00025
U00062,4,CR00048
U00062,5,CR00023
U00063,1,CR00021
U00063,2,CR00058
U00063,3,CR00025
U00063,4,CR00048
U00063,5,CR00023
U00064,1,CR00021
U00064,2,CR00058
U00064,3,CR00025
U00064,4,CR00048
U00064,5,CR00023
U00065,1,CR00021
U00065,2,CR00058
U00065,3,CR00025
U00065,4,CR00048
U00065,5,CR00023
U00066,1,CR00021
U00066,2,CR00058
U00066,3,CR00025
U00066,4,CR00048
U00066,5,CR00023
U00067,1,CR00021
U00067,2,CR00058
U00067,3,CR00025
U00067,4,CR00048
U00067,5,CR00023
U00068,1,CR00021
U00068,2,CR00058
U00068,3,CR00025
U00068,4,CR00048
U00068,5,CR00023
U00069,1,CR00021
U00069,2,CR00058
U00069,3,CR00025
U00069,4,CR00048
U00069,5,CR00023
U00070,1,CR00021
U00070,2,CR00058
U00070,3,CR00025
U00070,4,CR00048
U00070,5,CR00023
U00071,1,CR00021
U00071,2,CR00058
U00071,3,CR00025
U00071,4,CR00048
U00071,5,CR00023
U00072,1,CR00021
U00072,2,CR00058
U00072,3,CR00025
U00072,4,CR00048
U00072,5,CR00023
U00073,1,CR00021
U00073,2,CR00058
U00073,3,CR00025
U00073,4,CR00048
U00073,5,CR00023
U00074,1,CR00021
U00074,2,CR00058
U00074,3,CR00025
U00074,4,CR00048
U00074,5,CR00023
U00075,1,CR00021
U00075,2,CR00058
U00075,3,CR00025
U00075,4,CR00048
U00075,5,CR00023
U00076,1,CR00021
U00076,2,CR00058
U00076,3,CR00025
U00076,4,CR00048
U00076,5,CR00023
U00077,1,CR00021
U00077,2,CR00058
U00077,3,CR00025
U00077,4,CR00048
U00077,5,CR00023
U00078,1,CR00021
U00078,2,CR00058
U00078,3,CR00025
U00078,4,CR00048
U00078,5,CR00023
U00079,1,CR00021
U00079,2,CR00058
U00079,3,CR00025
U00079,4,CR00048
U00079,5,CR00023
U00080,1,CR00021
U00080,2,CR00058
U00080,3,CR00025
U00080,4,CR00048
U00080,5,CR00023
U00081,1,CR00021
U00081,2,CR00058
U00081,3,CR00025
U00081,4,CR00048
U00081,5,CR00023
U00082,1,CR00021
U00082,2,CR00058
U00082,3,CR00025
U00082,4,CR00048
U00082,5,CR00023
U00083,1,CR00021
U00083,2,CR00058
U00083,3,CR00025
U00083,4,CR00048
U00083,5,CR00023
U00084,1,CR00021
U00084,2,CR00058
U00084,3,CR00025
U00084,4,CR00048
U00084,5,CR00023
U00085,1,CR00021
U00085,2,CR00058
U00085,3,CR00025
U00085,4,CR00048
U00085,5,CR00023
U00086,1,CR00021
U00086,2,CR00058
U00086,3,CR00025
U00086,4,CR00048
U00086,5,CR00023
U00087,1,CR00021
U00087,2,CR00058
U00087,3,CR00025
U00087,4,CR00048
U00087,5,CR00023
U00088,1,CR00021
U00088,2,CR00058
U00088,3,CR00025
U00088,4,CR00048
U00088,5,CR00023
U00089,1,CR00021
U00089,2,CR00058
U00089,3,CR00025
U00089,4,CR00048
U00089,5,CR00023
U00090,1,CR00021
U00090,2,CR00058
U00090,3,CR00025
U00090,4,CR00048
U00090,5,CR00023
U00091,1,CR00021
U00091,2,CR00058
U00091,3,CR00025
U00091,4,CR00048
U00091,5,CR00023
U00092,1,CR00021
U00092,2,CR00058
U00092,3,CR00025
U00092,4,CR00048
U00092,5,CR00023
U00093,1,CR00021
U00093,2,CR00058
U00093,3,CR00025
U00093,4,CR00048
U00093,5,CR00023
U00094,1,CR00021
U00094,2,CR00058
U00094,3,CR00025
U00094,4,CR00048
U00094,5,CR00023
U00095,1,CR00021
U00095,2,CR00058
U00095,3,CR00025
U00095,4,CR00048
U00095,5,CR00023
U00096,1,CR00021
U00096,2,CR00058
U00096,3,CR00025
U00096,4,CR00048
U00096,5,CR00023
U00097,1,CR00021
U00097,2,CR00058
U00097,3,CR00025
U00097,4,CR00048
U00097,5,CR00023
U00098,1,CR00021
U00098,2,CR00058
U00098,3,CR00025
U00098,4,CR00048
U00098,5,CR00023
U00099,1,CR00021
U00099,2,CR00058
U00099,3,CR00025
U00099,4,CR00048
U00099,5,CR00023
U00100,1,CR00021
U00100,2,CR00058
U00100,3,CR00025
U00100,4,CR00048
U00100,5,CR00023
U00101,1,CR00021
U00101,2,CR00058
U00101,3,CR00025
U00101,4,CR00048
U00101,5,CR00023
U00102,1,CR00021
U00102,2,CR00058
U00102,3,CR00025
U00102,4,CR00048
U00102,5,CR00023
U00103,1,CR00021
U00103,2,CR00058
U00103,3,CR00025
U00103,4,CR00048
U00103,5,CR00023
U00104,1,CR00021
U00104,2,CR00058
U00104,3,CR00025
U00104,4,CR00048
U00104,5,CR00023
U00105,1,CR00021
U00105,2,CR00058
U00105,3,CR00025
U00105,4,CR00048
U00105,5,CR00023
U00106,1,CR00021
U00106,2,CR00058
U00106,3,CR00025
U00106,4,CR00048
U00106,5,CR00023
U00107,1,CR00021
U00107,2,CR00058
U00107,3,CR00025
U00107,4,CR00048
U00107,5,CR00023
U00108,1,CR00021
U00108,2,CR00058
U00108,3,CR00025
U00108,4,CR00048
U00108,5,CR00023
U00109,1,CR00021
U00109,2,CR00058
U00109,3,CR00025
U00109,4,CR00048
U00109,5,CR00023
U00110,1,CR00021
U00110,2,CR00058
U00110,3,CR00025
U00110,4,CR00048
U00110,5,CR00023
U00111,1,CR00021
U00111,2,CR00058
U00111,3,CR00025
U00111,4,CR00048
U00111,5,CR00023
U00112,1,CR00021
U00112,2,CR00058
U00112,3,CR00025
U00112,4,CR00048
U00112,5,CR00023
U00113,1,CR00021
U00113,2,CR00058
U00113,3,CR00025
U00113,4,CR00048
U00113,5,CR00023
U00114,1,CR00021
U00114,2,CR00058
U00114,3,CR00025
U00114,4,CR00048
U00114,5,CR00023
U00115,1,CR00021
U00115,2,CR00058
U00115,3,CR00025
U00115,4,CR00048
U00115,5,CR00023
U00116,1,CR00021
U00116,2,CR00058
U00116,3,CR00025
U00116,4,CR00048
U00116,5,CR00023
U00117,1,CR00021
U00117,2,CR00058
U00117,3,CR00025
U00117,4,CR00048
U00117,5,CR00023
U00118,1,CR00021
U00118,2,CR00058
U00118,3,CR00025
U00118,4,CR00048
U00118,5,CR00023
U00119,1,CR00021
U00119,2,CR00058
U00119,3,CR00025
U00119,4,CR00048
U00119,5,CR00023
U00120,1,CR00021
U00120,2,CR00058
U00120,3,CR00025
U00120,4,CR00048
U00120,5,CR00023
U00121,1,CR00021
U00121,2,CR00058
U00121,3,CR00025
U00121,4,CR00048
U00121,5,CR00023
U00122,1,CR00021
U00122,2,CR00058
U00122,3,CR00025
U00122,4,CR00048
U00122,5,CR00023
U00123,1,CR00021
U00123,2,CR00058
U00123,3,CR00025
U00123,4,CR00048
U00123,5,CR00023
U00124,1,CR00021
U00124,2,CR00058
U00124,3,CR00025
U00124,4,CR00048
U00124,5,CR00023
U00125,1,CR00021
U00125,2,CR00058
U00125,3,CR00025
U00125,4,CR00048
U00125,5,CR00023
U00126,1,CR00021
U00126,2,CR00058
U00126,3,CR00025
U00126,4,CR00048
U00126,5,CR00023
U00127,1,CR00021
U00127,2,CR00058
U00127,3,CR00025
U00127,4,CR00048
U00127,5,CR00023
U00128,1,CR00021
U00128,2,CR00058
U00128,3,CR00025
U00128,4,CR00048
U00128,5,CR00023
U00129,1,CR00021
U00129,2,CR00058
U00129,3,CR00025
U00129,4,CR00048
U00129,5,CR00023
U00130,1,CR00021
U00130,2,CR00058
U00130,3,CR00025
U00130,4,CR00048
U00130,5,CR00023
U00131,1,CR00021
U00131,2,CR00058
U00131,3,CR00025
U00131,4,CR00048
U00131,5,CR00023
U00132,1,CR00021
U00132,2,CR00058
U00132,3,CR00025
U00132,4,CR00048
U00132,5,CR00023
U00133,1,CR00021
U00133,2,CR00058
U00133,3,CR00025
U00133,4,CR00048
U00133,5,CR00023
U00134,1,CR00021
U00134,2,CR00058
U00134,3,CR00025
U00134,4,CR00048
U00134,5,CR00023
U00135,1,CR00021
U00135,2,CR00058
U00135,3,CR00025
U00135,4,CR00048
U00135,5,CR00023
U00136,1,CR00021
U00136,2,CR00058
U00136,3,CR00025
U00136,4,CR00048
U00136,5,CR00023
U00137,1,CR00021
U00137,2,CR00058
U00137,3,CR00025
U00137,4,CR00048
U00137,5,CR00023
U00138,1,CR00021
U00138,2,CR00058
U00138,3,CR00025
U00138,4,CR00048
U00138,5,CR00023
U00139,1,CR00021
U00139,2,CR00058
U00139,3,CR00025
U00139,4,CR00048
U00139,5,CR00023
U00140,1,CR00021
U00140,2,CR00058
U00140,3,CR00025
U00140,4,CR00048
U00140,5,CR00023
U00141,1,CR00021
U00141,2,CR00058
U00141,3,CR00025
U00141,4,CR00048
U00141,5,CR00023
U00142,1,CR00021
U00142,2,CR00058
U00142,3,CR00025
U00142,4,CR00048
U00142,5,CR00023
U00143,1,CR00021
U00143,2,CR00058
U00143,3,CR00025
U00143,4,CR00048
U00143,5,CR00023
U00144,1,CR00021
U00144,2,CR00058
U00144,3,CR00025
U00144,4,CR00048
U00144,5,CR00023
U00145,1,CR00021
U00145,2,CR00058
U00145,3,CR00025
U00145,4,CR00048
U00145,5,CR00023
U00146,1,CR00021
U00146,2,CR00058
U00146,3,CR00025
U00146,4,CR00048
U00146,5,CR00023
U00147,1,CR00021
U00147,2,CR00058
U00147,3,CR00025
U00147,4,CR00048
U00147,5,CR00023
U00148,1,CR00021
U00148,2,CR00058
U00148,3,CR00025
U00148,4,CR00048
U00148,5,CR00023
U00149,1,CR00021
U00149,2,CR00058
U00149,3,CR00025
U00149,4,CR00048
U00149,5,CR00023
U00150,1,CR00021
U00150,2,CR00058
U00150,3,CR00025
U00150,4,CR00048
U00150,5,CR00023
U00151,1,CR00021
U00151,2,CR00058
U00151,3,CR00025
U00151,4,CR00048
U00151,5,CR00023
U00152,1,CR00021
U00152,2,CR00058
U00152,3,CR00025
U00152,4,CR00048
U00152,5,CR00023
U00153,1,CR00021
U00153,2,CR00058
U00153,3,CR00025
U00153,4,CR00048
U00153,5,CR00023
U00154,1,CR00021
U00154,2,CR00058
U00154,3,CR00025
U00154,4,CR00048
U00154,5,CR00023
U00155,1,CR00021
U00155,2,CR00058
U00155,3,CR00025
U00155,4,CR00048
U00155,5,CR00023
U00156,1,CR00021
U00156,2,CR00058
U00156,3,CR00025
U00156,4,CR00048
U00156,5,CR00023
U00157,1,CR00021
U00157,2,CR00058
U00157,3,CR00025
U00157,4,CR00048
U00157,5,CR00023
U00158,1,CR00021
U00158,2,CR00058
U00158,3,CR00025
U00158,4,CR00048
U00158,5,CR00023
U00159,1,CR00021
U00159,2,CR00058
U00159,3,CR00025
U00159,4,CR00048
U00159,5,CR00023
U00160,1,CR00021
U00160,2,CR00058
U00160,3,CR00025
U00160,4,CR00048
U00160,5,CR00023
U00161,1,CR00021
U00161,2,CR00058
U00161,3,CR00025
U00161,4,CR00048
U00161,5,CR00023
U00162,1,CR00021
U00162,2,CR00058
U00162,3,CR00025
U00162,4,CR00048
U00162,5,CR00023
U00163,1,CR00021
U00163,2,CR00058
U00163,3,CR00025
U00163,4,CR00048
U00163,5,CR00023
U00164,1,CR00021
U00164,2,CR00058
U00164,3,CR00025
U00164,4,CR00048
U00164,5,CR00023
U00165,1,CR00021
U00165,2,CR00058
U00165,3,CR00025
U00165,4,CR00048
U00165,5,CR00023
U00166,1,CR00021
U00166,2,CR00058
U00166,3,CR00025
U00166,4,CR00048
U00166,5,CR00023
U00167,1,CR00021
U00167,2,CR00058
U00167,3,CR00025
U00167,4,CR00048
U00167,5,CR00023
U00168,1,CR00021
U00168,2,CR00058
U00168,3,CR00025
U00168,4,CR00048
U00168,5,CR00023
U00169,1,CR00021
U00169,2,CR00058
U00169,3,CR00025
U00169,4,CR00048
U00169,5,CR00023
U00170,1,CR00021
U00170,2,CR00058
U00170,3,CR00025
U00170,4,CR00048
U00170,5,CR00023
U00171,1,CR00021
U00171,2,CR00058
U00171,3,CR00025
U00171,4,CR00048
U00171,5,CR00023
U00172,1,CR00021
U00172,2,CR00058
U00172,3,CR00025
U00172,4,CR00048
U00172,5,CR00023
U00173,1,CR00021
U00173,2,CR00058
U00173,3,CR00025
U00173,4,CR00048
U00173,5,CR00023
U00174,1,CR00021
U00174,2,CR00058
U00174,3,CR00025
U00174,4,CR00048
U00174,5,CR00023
U00175,1,CR00021
U00175,2,CR00058
U00175,3,CR00025
U00175,4,CR00048
U00175,5,CR00023
U00176,1,CR00021
U00176,2,CR00058
U00176,3,CR00025
U00176,4,CR00048
U00176,5,CR00023
U00177,1,CR00021
U00177,2,CR00058
U00177,3,CR00025
U00177,4,CR00048
U00177,5,CR00023
U00178,1,CR00021
U00178,2,CR00058
U00178,3,CR00025
U00178,4,CR00048
U00178,5,CR00023
U00179,1,CR00021
U00179,2,CR00058
U00179,3,CR00025
U00179,4,CR00048
U00179,5,CR00023
U00180,1,CR00021
U00180,2,CR00058
U00180,3,CR00025
U00180,4,CR00048
U00180,5,CR00023
U00181,1,CR00021
U00181,2,CR00058
U00181,3,CR00025
U00181,4,CR00048
U00181,5,CR00023
U00182,1,CR00021
U00182,2,CR00058
U00182,3,CR00025
U00182,4,CR00048
U00182,5,CR00023
U00183,1,CR00021
U00183,2,CR00058
U00183,3,CR00025
U00183,4,CR00048
U00183,5,CR00023
U00184,1,CR00021
U00184,2,CR00058
U00184,3,CR00025
U00184,4,CR00048
U00184,5,CR00023
U00185,1,CR00021
U00185,2,CR00058
U00185,3,CR00025
U00185,4,CR00048
U00185,5,CR00023
U00186,1,CR00021
U00186,2,CR00058
U00186,3,CR00025
U00186,4,CR00048
U00186,5,CR00023
U00187,1,CR00021
U00187,2,CR00058
U00187,3,CR00025
U00187,4,CR00048
U00187,5,CR00023
U00188,1,CR00021
U00188,2,CR00058
U00188,3,CR00025
U00188,4,CR00048
U00188,5,CR00023
U00189,1,CR00021
U00189,2,CR00058
U00189,3,CR00025
U00189,4,CR00048
U00189,5,CR00023
U00190,1,CR00021
U00190,2,CR00058
U00190,3,CR00025
U00190,4,CR00048
U00190,5,CR00023
U00191,1,CR00021
U00191,2,CR00058
U00191,3,CR00025
U00191,4,CR00048
U00191,5,CR00023
U00192,1,CR00021
U00192,2,CR00058
U00192,3,CR00025
U00192,4,CR00048
U00192,5,CR00023
U00193,1,CR00021
U00193,2,CR00058
U00193,3,CR00025
U00193,4,CR00048
U00193,5,CR00023
U00194,1,CR00021
U00194,2,CR00058
U00194,3,CR00025
U00194,4,CR00048
U00194,5,CR00023
U00195,1,CR00021
U00195,2,CR00058
U00195,3,CR00025
U00195,4,CR00048
U00195,5,CR00023
U00196,1,CR00021
U00196,2,CR00058
U00196,3,CR00025
U00196,4,CR00048
U00196,5,CR00023
U00197,1,CR00021
U00197,2,CR00058
U00197,3,CR00025
U00197,4,CR00048
U00197,5,CR00023
U00198,1,CR00021
U00198,2,CR00058
U00198,3,CR00025
U00198,4,CR00048
U00198,5,CR00023
U00199,1,CR00021
U00199,2,CR00058
U00199,3,CR00025
U00199,4,CR00048
U00199,5,CR00023
U00200,1,CR00021
U00200,2,CR00058
U00200,3,CR00025
U00200,4,CR00048
U00200,5,CR00023
U00201,1,CR00021
U00201,2,CR00058
U00201,3,CR00025
U00201,4,CR00048
U00201,5,CR00023
U00202,1,CR00021
U00202,2,CR00058
U00202,3,CR00025
U00202,4,CR00048
U00202,5,CR00023
U00203,1,CR00021
U00203,2,CR00058
U00203,3,CR00025
U00203,4,CR00048
U00203,5,CR00023
U00204,1,CR00021
U00204,2,CR00058
U00204,3,CR00025
U00204,4,CR00048
U00204,5,CR00023
U00205,1,CR00021
U00205,2,CR00058
U00205,3,CR00025
U00205,4,CR00048
U00205,5,CR00023
U00206,1,CR00021
U00206,2,CR00058
U00206,3,CR00025
U00206,4,CR00048
U00206,5,CR00023
U00207,1,CR00021
U00207,2,CR00058
U00207,3,CR00025
U00207,4,CR00048
U00207,5,CR00023
U00208,1,CR00021
U00208,2,CR00058
U00208,3,CR00025
U00208,4,CR00048
U00208,5,CR00023
U00209,1,CR00021
U00209,2,CR00058
U00209,3,CR00025
U00209,4,CR00048
U00209,5,CR00023
U00210,1,CR00021
U00210,2,CR00058
U00210,3,CR00025
U00210,4,CR00048
U00210,5,CR00023
U00211,1,CR00021
U00211,2,CR00058
U00211,3,CR00025
U00211,4,CR00048
U00211,5,CR00023
U00212,1,CR00021
U00212,2,CR00058
U00212,3,CR00025
U00212,4,CR00048
U00212,5,CR00023
U00213,1,CR00021
U00213,2,CR00058
U00213,3,CR00025
U00213,4,CR00048
U00213,5,CR00023
U00214,1,CR00021
U00214,2,CR00058
U00214,3,CR00025
U00214,4,CR00048
U00214,5,CR00023
U00215,1,CR00021
U00215,2,CR00058
U00215,3,CR00025
U00215,4,CR00048
U00215,5,CR00023
U00216,1,CR00021
U00216,2,CR00058
U00216,3,CR00025
U00216,4,CR00048
U00216,5,CR00023
U00217,1,CR00021
U00217,2,CR00058
U00217,3,CR00025
U00217,4,CR00048
U00217,5,CR00023
U00218,1,CR00021
U00218,2,CR00058
U00218,3,CR00025
U00218,4,CR00048
U00218,5,CR00023
U00219,1,CR00021
U00219,2,CR00058
U00219,3,CR00025
U00219,4,CR00048
U00219,5,CR00023
U00220,1,CR00021
U00220,2,CR00058
U00220,3,CR00025
U00220,4,CR00048
U00220,5,CR00023
U00221,1,CR00021
U00221,2,CR00058
U00221,3,CR00025
U00221,4,CR00048
U00221,5,CR00023
U00222,1,CR00021
U00222,2,CR00058
U00222,3,CR00025
U00222,4,CR00048
U00222,5,CR00023
U00223,1,CR00021
U00223,2,CR00058
U00223,3,CR00025
U00223,4,CR00048
U00223,5,CR00023
U00224,1,CR00021
U00224,2,CR00058
U00224,3,CR00025
U00224,4,CR00048
U00224,5,CR00023
U00225,1,CR00021
U00225,2,CR00058
U00225,3,CR00025
U00225,4,CR00048
U00225,5,CR00023
U00226,1,CR00021
U00226,2,CR00058
U00226,3,CR00025
U00226,4,CR00048
U00226,5,CR00023
U00227,1,CR00021
U00227,2,CR00058
U00227,3,CR00025
U00227,4,CR00048
U00227,5,CR00023
U00228,1,CR00021
U00228,2,CR00058
U00228,3,CR00025
U00228,4,CR00048
U00228,5,CR00023
U00229,1,CR00021
U00229,2,CR00058
U00229,3,CR00025
U00229,4,CR00048
U00229,5,CR00023
U00230,1,CR00021
U00230,2,CR00058
U00230,3,CR00025
U00230,4,CR00048
U00230,5,CR00023
U00231,1,CR00021
U00231,2,CR00058
U00231,3,CR00025
U00231,4,CR00048
U00231,5,CR00023
U00232,1,CR00021
U00232,2,CR00058
U00232,3,CR00025
U00232,4,CR00048
U00232,5,CR00023
U00233,1,CR00021
U00233,2,CR00058
U00233,3,CR00025
U00233,4,CR00048
U00233,5,CR00023
U00234,1,CR00021
U00234,2,CR00058
U00234,3,CR00025
U00234,4,CR00048
U00234,5,CR00023
U00235,1,CR00021
U00235,2,CR00058
U00235,3,CR00025
U00235,4,CR00048
U00235,5,CR00023
U00236,1,CR00021
U00236,2,CR00058
U00236,3,CR00025
U00236,4,CR00048
U00236,5,CR00023
U00237,1,CR00021
U00237,2,CR00058
U00237,3,CR00025
U00237,4,CR00048
U00237,5,CR00023
U00238,1,CR00021
U00238,2,CR00058
U00238,3,CR00025
U00238,4,CR00048
U00238,5,CR00023
U00239,1,CR00021
U00239,2,CR00058
U00239,3,CR00025
U00239,4,CR00048
U00239,5,CR00023
U00240,1,CR00021
U00240,2,CR00058
U00240,3,CR00025
U00240,4,CR00048
U00240,5,CR00023
U00241,1,CR00021
U00241,2,CR00058
U00241,3,CR00025
U00241,4,CR00048
U00241,5,CR00023
U00242,1,CR00021
U00242,2,CR00058
U00242,3,CR00025
U00242,4,CR00048
U00242,5,CR00023
U00243,1,CR00021
U00243,2,CR00058
U00243,3,CR00025
U00243,4,CR00048
U00243,5,CR00023
U00244,1,CR00021
U00244,2,CR00058
U00244,3,CR00025
U00244,4,CR00048
U00244,5,CR00023
U00245,1,CR00021
U00245,2,CR00058
U00245,3,CR00025
U00245,4,CR00048
U00245,5,CR00023
U00246,1,CR00021
U00246,2,CR00058
U00246,3,CR00025
U00246,4,CR00048
U00246,5,CR00023
U00247,1,CR00021
U00247,2,CR00058
U00247,3,CR00025
U00247,4,CR00048
U00247,5,CR00023
U00248,1,CR00021
U00248,2,CR00058
U00248,3,CR00025
U00248,4,CR00048
U00248,5,CR00023
U00249,1,CR00021
U00249,2,CR00058
U00249,3,CR00025
U00249,4,CR00048
U00249,5,CR00023
U00250,1,CR00021
U00250,2,CR00058
U00250,3,CR00025
U00250,4,CR00048
U00250,5,CR00023
U00251,1,CR00021
U00251,2,CR00058
U00251,3,CR00025
U00251,4,CR00048
U00251,5,CR00023
U00252,1,CR00021
U00252,2,CR00058
U00252,3,CR00025
U00252,4,CR00048
U00252,5,CR00023
U00253,1,CR00021
U00253,2,CR00058
U00253,3,CR00025
U00253,4,CR00048
U00253,5,CR00023
U00254,1,CR00021
U00254,2,CR00058
U00254,3,CR00025
U00254,4,CR00048
U00254,5,CR00023
U00255,1,CR00021
U00255,2,CR00058
U00255,3,CR00025
U00255,4,CR00048
U00255,5,CR00023
U00256,1,CR00021
U00256,2,CR00058
U00256,3,CR00025
U00256,4,CR00048
U00256,5,CR00023
U00257,1,CR00021
U00257,2,CR00058
U00257,3,CR00025
U00257,4,CR00048
U00257,5,CR00023
U00258,1,CR00021
U00258,2,CR00058
U00258,3,CR00025
U00258,4,CR00048
U00258,5,CR00023
U00259,1,CR00021
U00259,2,CR00058
U00259,3,CR00025
U00259,4,CR00048
U00259,5,CR00023
U00260,1,CR00021
U00260,2,CR00058
U00260,3,CR00025
U00260,4,CR00048
U00260,5,CR00023
U00261,1,CR00021
U00261,2,CR00058
U00261,3,CR00025
U00261,4,CR00048
U00261,5,CR00023
U00262,1,CR00021
U00262,2,CR00058
U00262,3,CR00025
U00262,4,CR00048
U00262,5,CR00023
U00263,1,CR00021
U00263,2,CR00058
U00263,3,CR00025
U00263,4,CR00048
U00263,5,CR00023
U00264,1,CR00021
U00264,2,CR00058
U00264,3,CR00025
U00264,4,CR00048
U00264,5,CR00023
U00265,1,CR00021
U00265,2,CR00058
U00265,3,CR00025
U00265,4,CR00048
U00265,5,CR00023
U00266,1,CR00021
U00266,2,CR00058
U00266,3,CR00025
U00266,4,CR00048
U00266,5,CR00023
U00267,1,CR00021
U00267,2,CR00058
U00267,3,CR00025
U00267,4,CR00048
U00267,5,CR00023
U00268,1,CR00021
U00268,2,CR00058
U00268,3,CR00025
U00268,4,CR00048
U00268,5,CR00023
U00269,1,CR00021
U00269,2,CR00058
U00269,3,CR00025
U00269,4,CR00048
U00269,5,CR00023
U00270,1,CR00021
U00270,2,CR00058
U00270,3,CR00025
U00270,4,CR00048
U00270,5,CR00023
U00271,1,CR00021
U00271,2,CR00058
U00271,3,CR00025
U00271,4,CR00048
U00271,5,CR00023
U00272,1,CR00021
U00272,2,CR00058
U00272,3,CR00025
U00272,4,CR00048
U00272,5,CR00023
U00273,1,CR00021
U00273,2,CR00058
U00273,3,CR00025
U00273,4,CR00048
U00273,5,CR00023
U00274,1,CR00021
U00274,2,CR00058
U00274,3,CR00025
U00274,4,CR00048
U00274,5,CR00023
U00275,1,CR00021
U00275,2,CR00058
U00275,3,CR00025
U00275,4,CR00048
U00275,5,CR00023
U00276,1,CR00021
U00276,2,CR00058
U00276,3,CR00025
U00276,4,CR00048
U00276,5,CR00023
U00277,1,CR00021
U00277,2,CR00058
U00277,3,CR00025
U00277,4,CR00048
U00277,5,CR00023
U00278,1,CR00021
U00278,2,CR00058
U00278,3,CR00025
U00278,4,CR00048
U00278,5,CR00023
U00279,1,CR00021
U00279,2,CR00058
U00279,3,CR00025
U00279,4,CR00048
U00279,5,CR00023
U00280,1,CR00021
U00280,2,CR00058
U00280,3,CR00025
U00280,4,CR00048
U00280,5,CR00023
U00281,1,CR00021
U00281,2,CR00058
U00281,3,CR00025
U00281,4,CR00048
U00281,5,CR00023
U00282,1,CR00021
U00282,2,CR00058
U00282,3,CR00025
U00282,4,CR00048
U00282,5,CR00023
U00283,1,CR00021
U00283,2,CR00058
U00283,3,CR00025
U00283,4,CR00048
U00283,5,CR00023
U00284,1,CR00021
U00284,2,CR00058
U00284,3,CR00025
U00284,4,CR00048
U00284,5,CR00023
U00285,1,CR00021
U00285,2,CR00058
U00285,3,CR00025
U00285,4,CR00048
U00285,5,CR00023
U00286,1,CR00021
U00286,2,CR00058
U00286,3,CR00025
U00286,4,CR00048
U00286,5,CR00023
U00287,1,CR00021
U00287,2,CR00058
U00287,3,CR00025
U00287,4,CR00048
U00287,5,CR00023
U00288,1,CR00021
U00288,2,CR00058
U00288,3,CR00025
U00288,4,CR00048
U00288,5,CR00023
U00289,1,CR00021
U00289,2,CR00058
U00289,3,CR00025
U00289,4,CR00048
U00289,5,CR00023
U00290,1,CR00021
U00290,2,CR00058
U00290,3,CR00025
U00290,4,CR00048
U00290,5,CR00023
U00291,1,CR00021
U00291,2,CR00058
U00291,3,CR00025
U00291,4,CR00048
U00291,5,CR00023
U00292,1,CR00021
U00292,2,CR00058
U00292,3,CR00025
U00292,4,CR00048
U00292,5,CR00023
U00293,1,CR00021
U00293,2,CR00058
U00293,3,CR00025
U00293,4,CR00048
U00293,5,CR00023
U00294,1,CR00021
U00294,2,CR00058
U00294,3,CR00025
U00294,4,CR00048
U00294,5,CR00023
U00295,1,CR00021
U00295,2,CR00058
U00295,3,CR00025
U00295,4,CR00048
U00295,5,CR00023
U00296,1,CR00021
U00296,2,CR00058
U00296,3,CR00025
U00296,4,CR00048
U00296,5,CR00023
U00297,1,CR00021
U00297,2,CR00058
U00297,3,CR00025
U00297,4,CR00048
U00297,5,CR00023
U00298,1,CR00021
U00298,2,CR00058
U00298,3,CR00025
U00298,4,CR00048
U00298,5,CR00023
U00299,1,CR00021
U00299,2,CR00058
U00299,3,CR00025
U00299,4,CR00048
U00299,5,CR00023
U00300,1,CR00021
U00300,2,CR00058
U00300,3,CR00025
U00300,4,CR00048
U00300,5,CR00023
U00301,1,CR00021
U00301,2,CR00058
U00301,3,CR00025
U00301,4,CR00048
U00301,5,CR00023
U00302,1,CR00021
U00302,2,CR00058
U00302,3,CR00025
U00302,4,CR00048
U00302,5,CR00023
U00303,1,CR00021
U00303,2,CR00058
U00303,3,CR00025
U00303,4,CR00048
U00303,5,CR00023
U00304,1,CR00021
U00304,2,CR00058
U00304,3,CR00025
U00304,4,CR00048
U00304,5,CR00023
U00305,1,CR00021
U00305,2,CR00058
U00305,3,CR00025
U00305,4,CR00048
U00305,5,CR00023
U00306,1,CR00021
U00306,2,CR00058
U00306,3,CR00025
U00306,4,CR00048
U00306,5,CR00023
U00307,1,CR00021
U00307,2,CR00058
U00307,3,CR00025
U00307,4,CR00048
U00307,5,CR00023
U00308,1,CR00021
U00308,2,CR00058
U00308,3,CR00025
U00308,4,CR00048
U00308,5,CR00023
U00309,1,CR00021
U00309,2,CR00058
U00309,3,CR00025
U00309,4,CR00048
U00309,5,CR00023
U00310,1,CR00021
U00310,2,CR00058
U00310,3,CR00025
U00310,4,CR00048
U00310,5,CR00023
U00311,1,CR00021
U00311,2,CR00058
U00311,3,CR00025
U00311,4,CR00048
U00311,5,CR00023
U00312,1,CR00021
U00312,2,CR00058
U00312,3,CR00025
U00312,4,CR00048
U00312,5,CR00023
U00313,1,CR00021
U00313,2,CR00058
U00313,3,CR00025
U00313,4,CR00048
U00313,5,CR00023
U00314,1,CR00021
U00314,2,CR00058
U00314,3,CR00025
U00314,4,CR00048
U00314,5,CR00023
U00315,1,CR00021
U00315,2,CR00058
U00315,3,CR00025
U00315,4,CR00048
U00315,5,CR00023
U00316,1,CR00021
U00316,2,CR00058
U00316,3,CR00025
U00316,4,CR00048
U00316,5,CR00023
U00317,1,CR00021
U00317,2,CR00058
U00317,3,CR00025
U00317,4,CR00048
U00317,5,CR00023
U00318,1,CR00021
U00318,2,CR00058
U00318,3,CR00025
U00318,4,CR00048
U00318,5,CR00023
U00319,1,CR00021
U00319,2,CR00058
U00319,3,CR00025
U00319,4,CR00048
U00319,5,CR00023
U00320,1,CR00021
U00320,2,CR00058
U00320,3,CR00025
U00320,4,CR00048
U00320,5,CR00023
U00321,1,CR00021
U00321,2,CR00058
U00321,3,CR00025
U00321,4,CR00048
U00321,5,CR00023
U00322,1,CR00021
U00322,2,CR00058
U00322,3,CR00025
U00322,4,CR00048
U00322,5,CR00023
U00323,1,CR00021
U00323,2,CR00058
U00323,3,CR00025
U00323,4,CR00048
U00323,5,CR00023
U00324,1,CR00021
U00324,2,CR00058
U00324,3,CR00025
U00324,4,CR00048
U00324,5,CR00023
U00325,1,CR00021
U00325,2,CR00058
U00325,3,CR00025
U00325,4,CR00048
U00325,5,CR00023
U00326,1,CR00021
U00326,2,CR00058
U00326,3,CR00025
U00326,4,CR00048
U00326,5,CR00023
U00327,1,CR00021
U00327,2,CR00058
U00327,3,CR00025
U00327,4,CR00048
U00327,5,CR00023
U00328,1,CR00021
U00328,2,CR00058
U00328,3,CR00025
U00328,4,CR00048
U00328,5,CR00023
U00329,1,CR00021
U00329,2,CR00058
U00329,3,CR00025
U00329,4,CR00048
U00329,5,CR00023
U00330,1,CR00021
U00330,2,CR00058
U00330,3,CR00025
U00330,4,CR00048
U00330,5,CR00023
U00331,1,CR00021
U00331,2,CR00058
U00331,3,CR00025
U00331,4,CR00048
U00331,5,CR00023
U00332,1,CR00021
U00332,2,CR00058
U00332,3,CR00025
U00332,4,CR00048
U00332,5,CR00023
U00333,1,CR00021
U00333,2,CR00058
U00333,3,CR00025
U00333,4,CR00048
U00333,5,CR00023
U00334,1,CR00021
U00334,2,CR00058
U00334,3,CR00025
U00334,4,CR00048
U00334,5,CR00023
U00335,1,CR00021
U00335,2,CR00058
U00335,3,CR00025
U00335,4,CR00048
U00335,5,CR00023
U00336,1,CR00021
U00336,2,CR00058
U00336,3,CR00025
U00336,4,CR00048
U00336,5,CR00023
U00337,1,CR00021
U00337,2,CR00058
U00337,3,CR00025
U00337,4,CR00048
U00337,5,CR00023
U00338,1,CR00021
U00338,2,CR00058
U00338,3,CR00025
U00338,4,CR00048
U00338,5,CR00023
U00339,1,CR00021
U00339,2,CR00058
U00339,3,CR00025
U00339,4,CR00048
U00339,5,CR00023
U00340,1,CR00021
U00340,2,CR00058
U00340,3,CR00025
U00340,4,CR00048
U00340,5,CR00023
U00341,1,CR00021
U00341,2,CR00058
U00341,3,CR00025
U00341,4,CR00048
U00341,5,CR00023
U00342,1,CR00021
U00342,2,CR00058
U00342,3,CR00025
U00342,4,CR00048
U00342,5,CR00023
U00343,1,CR00021
U00343,2,CR00058
U00343,3,CR00025
U00343,4,CR00048
U00343,5,CR00023
U00344,1,CR00021
U00344,2,CR00058
U00344,3,CR00025
U00344,4,CR00048
U00344,5,CR00023
U00345,1,CR00021
U00345,2,CR00058
U00345,3,CR00025
U00345,4,CR00048
U00345,5,CR00023
U00346,1,CR00021
U00346,2,CR00058
U00346,3,CR00025
U00346,4,CR00048
U00346,5,CR00023
U00347,1,CR00021
U00347,2,CR00058
U00347,3,CR00025
U00347,4,CR00048
U00347,5,CR00023
U00348,1,CR00021
U00348,2,CR00058
U00348,3,CR00025
U00348,4,CR00048
U00348,5,CR00023
U00349,1,CR00021
U00349,2,CR00058
U00349,3,CR00025
U00349,4,CR00048
U00349,5,CR00023
U00350,1,CR00021
U00350,2,CR00058
U00350,3,CR00025
U00350,4,CR00048
U00350,5,CR00023
U00351,1,CR00021
U00351,2,CR00058
U00351,3,CR00025
U00351,4,CR00048
U00351,5,CR00023
U00352,1,CR00021
U00352,2,CR00058
U00352,3,CR00025
U00352,4,CR00048
U00352,5,CR00023
U00353,1,CR00021
U00353,2,CR00058
U00353,3,CR00025
U00353,4,CR00048
U00353,5,CR00023
U00354,1,CR00021
U00354,2,CR00058
U00354,3,CR00025
U00354,4,CR00048
U00354,5,CR00023
U00355,1,CR00021
U00355,2,CR00058
U00355,3,CR00025
U00355,4,CR00048
U00355,5,CR00023
U00356,1,CR00021
U00356,2,CR00058
U00356,3,CR00025
U00356,4,CR00048
U00356,5,CR00023
U00357,1,CR00021
U00357,2,CR00058
U00357,3,CR00025
U00357,4,CR00048
U00357,5,CR00023
U00358,1,CR00021
U00358,2,CR00058
U00358,3,CR00025
U00358,4,CR00048
U00358,5,CR00023
U00359,1,CR00021
U00359,2,CR00058
U00359,3,CR00025
U00359,4,CR00048
U00359,5,CR00023
U00360,1,CR00021
U00360,2,CR00058
U00360,3,CR00025
U00360,4,CR00048
U00360,5,CR00023
U00361,1,CR00021
U00361,2,CR00058
U00361,3,CR00025
U00361,4,CR00048
U00361,5,CR00023
U00362,1,CR00021
U00362,2,CR00058
U00362,3,CR00025
U00362,4,CR00048
U00362,5,CR00023
U00363,1,CR00021
U00363,2,CR00058
U00363,3,CR00025
U00363,4,CR00048
U00363,5,CR00023
U00364,1,CR00021
U00364,2,CR00058
U00364,3,CR00025
U00364,4,CR00048
U00364,5,CR00023
U00365,1,CR00021
U00365,2,CR00058
U00365,3,CR00025
U00365,4,CR00048
U00365,5,CR00023
U00366,1,CR00021
U00366,2,CR00058
U00366,3,CR00025
U00366,4,CR00048
U00366,5,CR00023
U00367,1,CR00021
U00367,2,CR00058
U00367,3,CR00025
U00367,4,CR00048
U00367,5,CR00023
U00368,1,CR00021
U00368,2,CR00058
U00368,3,CR00025
U00368,4,CR00048
U00368,5,CR00023
U00369,1,CR00021
U00369,2,CR00058
U00369,3,CR00025
U00369,4,CR00048
U00369,5,CR00023
U00370,1,CR00021
U00370,2,CR00058
U00370,3,CR00025
U00370,4,CR00048
U00370,5,CR00023
U00371,1,CR00021
U00371,2,CR00058
U00371,3,CR00025
U00371,4,CR00048
U00371,5,CR00023
U00372,1,CR00021
U00372,2,CR00058
U00372,3,CR00025
U00372,4,CR00048
U00372,5,CR00023
U00373,1,CR00021
U00373,2,CR00058
U00373,3,CR00025
U00373,4,CR00048
U00373,5,CR00023
U00374,1,CR00021
U00374,2,CR00058
U00374,3,CR00025
U00374,4,CR00048
U00374,5,CR00023
U00375,1,CR00021
U00375,2,CR00058
U00375,3,CR00025
U00375,4,CR00048
U00375,5,CR00023
U00376,1,CR00021
U00376,2,CR00058
U00376,3,CR00025
U00376,4,CR00048
U00376,5,CR00023
U00377,1,CR00021
U00377,2,CR00058
U00377,3,CR00025
U00377,4,CR00048
U00377,5,CR00023
U00378,1,CR00021
U00378,2,CR00058
U00378,3,CR00025
U00378,4,CR00048
U00378,5,CR00023
U00379,1,CR00021
U00379,2,CR00058
U00379,3,CR00025
U00379,4,CR00048
U00379,5,CR00023
U00380,1,CR00021
U00380,2,CR00058
U00380,3,CR00025
U00380,4,CR00048
U00380,5,CR00023
U00381,1,CR00021
U00381,2,CR00058
U00381,3,CR00025
U00381,4,CR00048
U00381,5,CR00023
U00382,1,CR00021
U00382,2,CR00058
U00382,3,CR00025
U00382,4,CR00048
U00382,5,CR00023
U00383,1,CR00021
U00383,2,CR00058
U00383,3,CR00025
U00383,4,CR00048
U00383,5,CR00023
U00384,1,CR00021
U00384,2,CR00058
U00384,3,CR00025
U00384,4,CR00048
U00384,5,CR00023
U00385,1,CR00021
U00385,2,CR00058
U00385,3,CR00025
U00385,4,CR00048
U00385,5,CR00023
U00386,1,CR00021
U00386,2,CR00058
U00386,3,CR00025
U00386,4,CR00048
U00386,5,CR00023
U00387,1,CR00021
U00387,2,CR00058
U00387,3,CR00025
U00387,4,CR00048
U00387,5,CR00023
U00388,1,CR00021
U00388,2,CR00058
U00388,3,CR00025
U00388,4,CR00048
U00388,5,CR00023
U00389,1,CR00021
U00389,2,CR00058
U00389,3,CR00025
U00389,4,CR00048
U00389,5,CR00023
U00390,1,CR00021
U00390,2,CR00058
U00390,3,CR00025
U00390,4,CR00048
U00390,5,CR00023
U00391,1,CR00021
U00391,2,CR00058
U00391,3,CR00025
U00391,4,CR00048
U00391,5,CR00023
U00392,1,CR00021
U00392,2,CR00058
U00392,3,CR00025
U00392,4,CR00048
U00392,5,CR00023
U00393,1,CR00021
U00393,2,CR00058
U00393,3,CR00025
U00393,4,CR00048
U00393,5,CR00023
U00394,1,CR00021
U00394,2,CR00058
U00394,3,CR00025
U00394,4,CR00048
U00394,5,CR00023
U00395,1,CR00021
U00395,2,CR00058
U00395,3,CR00025
U00395,4,CR00048
U00395,5,CR00023
U00396,1,CR00021
U00396,2,CR00058
U00396,3,CR00025
U00396,4,CR00048
U00396,5,CR00023
U00397,1,CR00021
U00397,2,CR00058
U00397,3,CR00025
U00397,4,CR00048
U00397,5,CR00023
U00398,1,CR00021
U00398,2,CR00058
U00398,3,CR00025
U00398,4,CR00048
U00398,5,CR00023
U00399,1,CR00021
U00399,2,CR00058
U00399,3,CR00025
U00399,4,CR00048
U00399,5,CR00023
U00400,1,CR00021
U00400,2,CR00058
U00400,3,CR00025
U00400,4,CR00048
U00400,5,CR00023
U00401,1,CR00021
U00401,2,CR00058
U00401,3,CR00025
U00401,4,CR00048
U00401,5,CR00023
U00402,1,CR00021
U00402,2,CR00058
U00402,3,CR00025
U00402,4,CR00048
U00402,5,CR00023
U00403,1,CR00021
U00403,2,CR00058
U00403,3,CR00025
U00403,4,CR00048
U00403,5,CR00023
U00404,1,CR00021
U00404,2,CR00058
U00404,3,CR00025
U00404,4,CR00048
U00404,5,CR00023
U00405,1,CR00021
U00405,2,CR00058
U00405,3,CR00025
U00405,4,CR00048
U00405,5,CR00023
U00406,1,CR00021
U00406,2,CR00058
U00406,3,CR00025
U00406,4,CR00048
U00406,5,CR00023
U00407,1,CR00021
U00407,2,CR00058
U00407,3,CR00025
U00407,4,CR00048
U00407,5,CR00023
U00408,1,CR00021
U00408,2,CR00058
U00408,3,CR00025
U00408,4,CR00048
U00408,5,CR00023
U00409,1,CR00021
U00409,2,CR00058
U00409,3,CR00025
U00409,4,CR00048
U00409,5,CR00023
U00410,1,CR00021
U00410,2,CR00058
U00410,3,CR00025
U00410,4,CR00048
U00410,5,CR00023
U00411,1,CR00021
U00411,2,CR00058
U00411,3,CR00025
U00411,4,CR00048
U00411,5,CR00023
U00412,1,CR00021
U00412,2,CR00058
U00412,3,CR00025
U00412,4,CR00048
U00412,5,CR00023
U00413,1,CR00021
U00413,2,CR00058
U00413,3,CR00025
U00413,4,CR00048
U00413,5,CR00023
U00414,1,CR00021
U00414,2,CR00058
U00414,3,CR00025
U00414,4,CR00048
U00414,5,CR00023
U00415,1,CR00021
U00415,2,CR00058
U00415,3,CR00025
U00415,4,CR00048
U00415,5,CR00023
U00416,1,CR00021
U00416,2,CR00058
U00416,3,CR00025
U00416,4,CR00048
U00416,5,CR00023
U00417,1,CR00021
U00417,2,CR00058
U00417,3,CR00025
U00417,4,CR00048
U00417,5,CR00023
U00418,1,CR00021
U00418,2,CR00058
U00418,3,CR00025
U00418,4,CR00048
U00418,5,CR00023
U00419,1,CR00021
U00419,2,CR00058
U00419,3,CR00025
U00419,4,CR00048
U00419,5,CR00023
U00420,1,CR00021
U00420,2,CR00058
U00420,3,CR00025
U00420,4,CR00048
U00420,5,CR00023
U00421,1,CR00021
U00421,2,CR00058
U00421,3,CR00025
U00421,4,CR00048
U00421,5,CR00023
U00422,1,CR00021
U00422,2,CR00058
U00422,3,CR00025
U00422,4,CR00048
U00422,5,CR00023
U00423,1,CR00021
U00423,2,CR00058
U00423,3,CR00025
U00423,4,CR00048
U00423,5,CR00023
U00424,1,CR00021
U00424,2,CR00058
U00424,3,CR00025
U00424,4,CR00048
U00424,5,CR00023
U00425,1,CR00021
U00425,2,CR00058
U00425,3,CR00025
U00425,4,CR00048
U00425,5,CR00023
U00426,1,CR00021
U00426,2,CR00058
U00426,3,CR00025
U00426,4,CR00048
U00426,5,CR00023
U00427,1,CR00021
U00427,2,CR00058
U00427,3,CR00025
U00427,4,CR00048
U00427,5,CR00023
U00428,1,CR00021
U00428,2,CR00058
U00428,3,CR00025
U00428,4,CR00048
U00428,5,CR00023
U00429,1,CR00021
U00429,2,CR00058
U00429,3,CR00025
U00429,4,CR00048
U00429,5,CR00023
U00430,1,CR00021
U00430,2,CR00058
U00430,3,CR00025
U00430,4,CR00048
U00430,5,CR00023
U00431,1,CR00021
U00431,2,CR00058
U00431,3,CR00025
U00431,4,CR00048
U00431,5,CR00023
U00432,1,CR00021
U00432,2,CR00058
U00432,3,CR00025
U00432,4,CR00048
U00432,5,CR00023
U00433,1,CR00021
U00433,2,CR00058
U00433,3,CR00025
U00433,4,CR00048
U00433,5,CR00023
U00434,1,CR00021
U00434,2,CR00058
U00434,3,CR00025
U00434,4,CR00048
U00434,5,CR00023
U00435,1,CR00021
U00435,2,CR00058
U00435,3,CR00025
U00435,4,CR00048
U00435,5,CR00023
U00436,1,CR00021
U00436,2,CR00058
U00436,3,CR00025
U00436,4,CR00048
U00436,5,CR00023
U00437,1,CR00021
U00437,2,CR00058
U00437,3,CR00025
U00437,4,CR00048
U00437,5,CR00023
U00438,1,CR00021
U00438,2,CR00058
U00438,3,CR00025
U00438,4,CR00048
U00438,5,CR00023
U00439,1,CR00021
U00439,2,CR00058
U00439,3,CR00025
U00439,4,CR00048
U00439,5,CR00023
U00440,1,CR00021
U00440,2,CR00058
U00440,3,CR00025
U00440,4,CR00048
U00440,5,CR00023
U00441,1,CR00021
U00441,2,CR00058
U00441,3,CR00025
U00441,4,CR00048
U00441,5,CR00023
U00442,1,CR00021
U00442,2,CR00058
U00442,3,CR00025
U00442,4,CR00048
U00442,5,CR00023
U00443,1,CR00021
U00443,2,CR00058
U00443,3,CR00025
U00443,4,CR00048
U00443,5,CR00023
U00444,1,CR00021
U00444,2,CR00058
U00444,3,CR00025
U00444,4,CR00048
U00444,5,CR00023
U00445,1,CR00021
U00445,2,CR00058
U00445,3,CR00025
U00445,4,CR00048
U00445,5,CR00023
U00446,1,CR00021
U00446,2,CR00058
U00446,3,CR00025
U00446,4,CR00048
U00446,5,CR00023
U00447,1,CR00021
U00447,2,CR00058
U00447,3,CR00025
U00447,4,CR00048
U00447,5,CR00023
U00448,1,CR00021
U00448,2,CR00058
U00448,3,CR00025
U00448,4,CR00048
U00448,5,CR00023
U00449,1,CR00021
U00449,2,CR00058
U00449,3,CR00025
U00449,4,CR00048
U00449,5,CR00023
U00450,1,CR00021
U00450,2,CR00058
U00450,3,CR00025
U00450,4,CR00048
U00450,5,CR00023
U00451,1,CR00021
U00451,2,CR00058
U00451,3,CR00025
U00451,4,CR00048
U00451,5,CR00023
U00452,1,CR00021
U00452,2,CR00058
U00452,3,CR00025
U00452,4,CR00048
U00452,5,CR00023
U00453,1,CR00021
U00453,2,CR00058
U00453,3,CR00025
U00453,4,CR00048
U00453,5,CR00023
U00454,1,CR00021
U00454,2,CR00058
U00454,3,CR00025
U00454,4,CR00048
U00454,5,CR00023
U00455,1,CR00021
U00455,2,CR00058
U00455,3,CR00025
U00455,4,CR00048
U00455,5,CR00023
U00456,1,CR00021
U00456,2,CR00058
U00456,3,CR00025
U00456,4,CR00048
U00456,5,CR00023
U00457,1,CR00021
U00457,2,CR00058
U00457,3,CR00025
U00457,4,CR00048
U00457,5,CR00023
U00458,1,CR00021
U00458,2,CR00058
U00458,3,CR00025
U00458,4,CR00048
U00458,5,CR00023
U00459,1,CR00021
U00459,2,CR00058
U00459,3,CR00025
U00459,4,CR00048
U00459,5,CR00023
U00460,1,CR00021
U00460,2,CR00058
U00460,3,CR00025
U00460,4,CR00048
U00460,5,CR00023
U00461,1,CR00021
U00461,2,CR00058
U00461,3,CR00025
U00461,4,CR00048
U00461,5,CR00023
U00462,1,CR00021
U00462,2,CR00058
U00462,3,CR00025
U00462,4,CR00048
U00462,5,CR00023
U00463,1,CR00021
U00463,2,CR00058
U00463,3,CR00025
U00463,4,CR00048
U00463,5,CR00023
U00464,1,CR00021
U00464,2,CR00058
U00464,3,CR00025
U00464,4,CR00048
U00464,5,CR00023
U00465,1,CR00021
U00465,2,CR00058
U00465,3,CR00025
U00465,4,CR00048
U00465,5,CR00023
U00466,1,CR00021
U00466,2,CR00058
U00466,3,CR00025
U00466,4,CR00048
U00466,5,CR00023
U00467,1,CR00021
U00467,2,CR00058
U00467,3,CR00025
U00467,4,CR00048
U00467,5,CR00023
U00468,1,CR00021
U00468,2,CR00058
U00468,3,CR00025
U00468,4,CR00048
U00468,5,CR00023
U00469,1,CR00021
U00469,2,CR00058
U00469,3,CR00025
U00469,4,CR00048
U00469,5,CR00023
U00470,1,CR00021
U00470,2,CR00058
U00470,3,CR00025
U00470,4,CR00048
U00470,5,CR00023
U00471,1,CR00021
U00471,2,CR00058
U00471,3,CR00025
U00471,4,CR00048
U00471,5,CR00023
U00472,1,CR00021
U00472,2,CR00058
U00472,3,CR00025
U00472,4,CR00048
U00472,5,CR00023
U00473,1,CR00021
U00473,2,CR00058
U00473,3,CR00025
U00473,4,CR00048
U00473,5,CR00023
U00474,1,CR00021
U00474,2,CR00058
U00474,3,CR00025
U00474,4,CR00048
U00474,5,CR00023
U00475,1,CR00021
U00475,2,CR00058
U00475,3,CR00025
U00475,4,CR00048
U00475,5,CR00023
U00476,1,CR00021
U00476,2,CR00058
U00476,3,CR00025
U00476,4,CR00048
U00476,5,CR00023
U00477,1,CR00021
U00477,2,CR00058
U00477,3,CR00025
U00477,4,CR00048
U00477,5,CR00023
U00478,1,CR00021
U00478,2,CR00058
U00478,3,CR00025
U00478,4,CR00048
U00478,5,CR00023
U00479,1,CR00021
U00479,2,CR00058
U00479,3,CR00025
U00479,4,CR00048
U00479,5,CR00023
U00480,1,CR00021
U00480,2,CR00058
U00480,3,CR00025
U00480,4,CR00048
U00480,5,CR00023
U00481,1,CR00021
U00481,2,CR00058
U00481,3,CR00025
U00481,4,CR00048
U00481,5,CR00023
U00482,1,CR00021
U00482,2,CR00058
U00482,3,CR00025
U00482,4,CR00048
U00482,5,CR00023
U00483,1,CR00021
U00483,2,CR00058
U00483,3,CR00025
U00483,4,CR00048
U00483,5,CR00023
U00484,1,CR00021
U00484,2,CR00058
U00484,3,CR00025
U00484,4,CR00048
U00484,5,CR00023
U00485,1,CR00021
U00485,2,CR00058
U00485,3,CR00025
U00485,4,CR00048
U00485,5,CR00023
U00486,1,CR00021
U00486,2,CR00058
U00486,3,CR00025
U00486,4,CR00048
U00486,5,CR00023
U00487,1,CR00021
U00487,2,CR00058
U00487,3,CR00025
U00487,4,CR00048
U00487,5,CR00023
U00488,1,CR00021
U00488,2,CR00058
U00488,3,CR00025
U00488,4,CR00048
U00488,5,CR00023
U00489,1,CR00021
U00489,2,CR00058
U00489,3,CR00025
U00489,4,CR00048
U00489,5,CR00023
U00490,1,CR00021
U00490,2,CR00058
U00490,3,CR00025
U00490,4,CR00048
U00490,5,CR00023
U00491,1,CR00021
U00491,2,CR00058
U00491,3,CR00025
U00491,4,CR00048
U00491,5,CR00023
U00492,1,CR00021
U00492,2,CR00058
U00492,3,CR00025
U00492,4,CR00048
U00492,5,CR00023
U00493,1,CR00021
U00493,2,CR00058
U00493,3,CR00025
U00493,4,CR00048
U00493,5,CR00023
U00494,1,CR00021
U00494,2,CR00058
U00494,3,CR00025
U00494,4,CR00048
U00494,5,CR00023
U00495,1,CR00021
U00495,2,CR00058
U00495,3,CR00025
U00495,4,CR00048
U00495,5,CR00023
U00496,1,CR00021
U00496,2,CR00058
U00496,3,CR00025
U00496,4,CR00048
U00496,5,CR00023
U00497,1,CR00021
U00497,2,CR00058
U00497,3,CR00025
U00497,4,CR00048
U00497,5,CR00023
U00498,1,CR00021
U00498,2,CR00058
U00498,3,CR00025
U00498,4,CR00048
U00498,5,CR00023
U00499,1,CR00021
U00499,2,CR00058
U00499,3,CR00025
U00499,4,CR00048
U00499,5,CR00023
U00500,1,CR00021
U00500,2,CR00058
U00500,3,CR00025
U00500,4,CR00048
U00500,5,CR00023
U00501,1,CR00021
U00501,2,CR00058
U00501,3,CR00025
U00501,4,CR00048
U00501,5,CR00023
U00502,1,CR00021
U00502,2,CR00058
U00502,3,CR00025
U00502,4,CR00048
U00502,5,CR00023
U00503,1,CR00021
U00503,2,CR00058
U00503,3,CR00025
U00503,4,CR00048
U00503,5,CR00023
U00504,1,CR00021
U00504,2,CR00058
U00504,3,CR00025
U00504,4,CR00048
U00504,5,CR00023
U00505,1,CR00021
U00505,2,CR00058
U00505,3,CR00025
U00505,4,CR00048
U00505,5,CR00023
U00506,1,CR00021
U00506,2,CR00058
U00506,3,CR00025
U00506,4,CR00048
U00506,5,CR00023
U00507,1,CR00021
U00507,2,CR00058
U00507,3,CR00025
U00507,4,CR00048
U00507,5,CR00023
U00508,1,CR00021
U00508,2,CR00058
U00508,3,CR00025
U00508,4,CR00048
U00508,5,CR00023
U00509,1,CR00021
U00509,2,CR00058
U00509,3,CR00025
U00509,4,CR00048
U00509,5,CR00023
U00510,1,CR00021
U00510,2,CR00058
U00510,3,CR00025
U00510,4,CR00048
U00510,5,CR00023
U00511,1,CR00021
U00511,2,CR00058
U00511,3,CR00025
U00511,4,CR00048
U00511,5,CR00023
U00512,1,CR00021
U00512,2,CR00058
U00512,3,CR00025
U00512,4,CR00048
U00512,5,CR00023
U00513,1,CR00021
U00513,2,CR00058
U00513,3,CR00025
U00513,4,CR00048
U00513,5,CR00023
U00514,1,CR00021
U00514,2,CR00058
U00514,3,CR00025
U00514,4,CR00048
U00514,5,CR00023
U00515,1,CR00021
U00515,2,CR00058
U00515,3,CR00025
U00515,4,CR00048
U00515,5,CR00023
U00516,1,CR00021
U00516,2,CR00058
U00516,3,CR00025
U00516,4,CR00048
U00516,5,CR00023
U00517,1,CR00021
U00517,2,CR00058
U00517,3,CR00025
U00517,4,CR00048
U00517,5,CR00023
U00518,1,CR00021
U00518,2,CR00058
U00518,3,CR00025
U00518,4,CR00048
U00518,5,CR00023
U00519,1,CR00021
U00519,2,CR00058
U00519,3,CR00025
U00519,4,CR00048
U00519,5,CR00023
U00520,1,CR00021
U00520,2,CR00058
U00520,3,CR00025
U00520,4,CR00048
U00520,5,CR00023
U00521,1,CR00021
U00521,2,CR00058
U00521,3,CR00025
U00521,4,CR00048
U00521,5,CR00023
U00522,1,CR00021
U00522,2,CR00058
U00522,3,CR00025
U00522,4,CR00048
U00522,5,CR00023
U00523,1,CR00021
U00523,2,CR00058
U00523,3,CR00025
U00523,4,CR00048
U00523,5,CR00023
U00524,1,CR00021
U00524,2,CR00058
U00524,3,CR00025
U00524,4,CR00048
U00524,5,CR00023
U00525,1,CR00021
U00525,2,CR00058
U00525,3,CR00025
U00525,4,CR00048
U00525,5,CR00023
U00526,1,CR00021
U00526,2,CR00058
U00526,3,CR00025
U00526,4,CR00048
U00526,5,CR00023
U00527,1,CR00021
U00527,2,CR00058
U00527,3,CR00025
U00527,4,CR00048
U00527,5,CR00023
U00528,1,CR00021
U00528,2,CR00058
U00528,3,CR00025
U00528,4,CR00048
U00528,5,CR00023
U00529,1,CR00021
U00529,2,CR00058
U00529,3,CR00025
U00529,4,CR00048
U00529,5,CR00023
U00530,1,CR00021
U00530,2,CR00058
U00530,3,CR00025
U00530,4,CR00048
U00530,5,CR00023
U00531,1,CR00021
U00531,2,CR00058
U00531,3,CR00025
U00531,4,CR00048
U00531,5,CR00023
U00532,1,CR00021
U00532,2,CR00058
U00532,3,CR00025
U00532,4,CR00048
U00532,5,CR00023
U00533,1,CR00021
U00533,2,CR00058
U00533,3,CR00025
U00533,4,CR00048
U00533,5,CR00023
U00534,1,CR00021
U00534,2,CR00058
U00534,3,CR00025
U00534,4,CR00048
U00534,5,CR00023
U00535,1,CR00021
U00535,2,CR00058
U00535,3,CR00025
U00535,4,CR00048
U00535,5,CR00023
U00536,1,CR00021
U00536,2,CR00058
U00536,3,CR00025
U00536,4,CR00048
U00536,5,CR00023
U00537,1,CR00021
U00537,2,CR00058
U00537,3,CR00025
U00537,4,CR00048
U00537,5,CR00023
U00538,1,CR00021
U00538,2,CR00058
U00538,3,CR00025
U00538,4,CR00048
U00538,5,CR00023
U00539,1,CR00021
U00539,2,CR00058
U00539,3,CR00025
U00539,4,CR00048
U00539,5,CR00023
U00540,1,CR00021
U00540,2,CR00058
U00540,3,CR00025
U00540,4,CR00048
U00540,5,CR00023
U00541,1,CR00021
U00541,2,CR00058
U00541,3,CR00025
U00541,4,CR00048
U00541,5,CR00023
U00542,1,CR00021
U00542,2,CR00058
U00542,3,CR00025
U00542,4,CR00048
U00542,5,CR00023
U00543,1,CR00021
U00543,2,CR00058
U00543,3,CR00025
U00543,4,CR00048
U00543,5,CR00023
U00544,1,CR00021
U00544,2,CR00058
U00544,3,CR00025
U00544,4,CR00048
U00544,5,CR00023
U00545,1,CR00021
U00545,2,CR00058
U00545,3,CR00025
U00545,4,CR00048
U00545,5,CR00023
U00546,1,CR00021
U00546,2,CR00058
U00546,3,CR00025
U00546,4,CR00048
U00546,5,CR00023
U00547,1,CR00021
U00547,2,CR00058
U00547,3,CR00025
U00547,4,CR00048
U00547,5,CR00023
U00548,1,CR00021
U00548,2,CR00058
U00548,3,CR00025
U00548,4,CR00048
U00548,5,CR00023
U00549,1,CR00021
U00549,2,CR00058
U00549,3,CR00025
U00549,4,CR00048
U00549,5,CR00023
U00550,1,CR00021
U00550,2,CR00058
U00550,3,CR00025
U00550,4,CR00048
U00550,5,CR00023
U00551,1,CR00021
U00551,2,CR00058
U00551,3,CR00025
U00551,4,CR00048
U00551,5,CR00023
U00552,1,CR00021
U00552,2,CR00058
U00552,3,CR00025
U00552,4,CR00048
U00552,5,CR00023
U00553,1,CR00021
U00553,2,CR00058
U00553,3,CR00025
U00553,4,CR00048
U00553,5,CR00023
U00554,1,CR00021
U00554,2,CR00058
U00554,3,CR00025
U00554,4,CR00048
U00554,5,CR00023
U00555,1,CR00021
U00555,2,CR00058
U00555,3,CR00025
U00555,4,CR00048
U00555,5,CR00023
U00556,1,CR00021
U00556,2,CR00058
U00556,3,CR00025
U00556,4,CR00048
U00556,5,CR00023
U00557,1,CR00021
U00557,2,CR00058
U00557,3,CR00025
U00557,4,CR00048
U00557,5,CR00023
U00558,1,CR00021
U00558,2,CR00058
U00558,3,CR00025
U00558,4,CR00048
U00558,5,CR00023
U00559,1,CR00021
U00559,2,CR00058
U00559,3,CR00025
U00559,4,CR00048
U00559,5,CR00023
U00560,1,CR00021
U00560,2,CR00058
U00560,3,CR00025
U00560,4,CR00048
U00560,5,CR00023
U00561,1,CR00021
U00561,2,CR00058
U00561,3,CR00025
U00561,4,CR00048
U00561,5,CR00023
U00562,1,CR00021
U00562,2,CR00058
U00562,3,CR00025
U00562,4,CR00048
U00562,5,CR00023
U00563,1,CR00021
U00563,2,CR00058
U00563,3,CR00025
U00563,4,CR00048
U00563,5,CR00023
U00564,1,CR00021
U00564,2,CR00058
U00564,3,CR00025
U00564,4,CR00048
U00564,5,CR00023
U00565,1,CR00021
U00565,2,CR00058
U00565,3,CR00025
U00565,4,CR00048
U00565,5,CR00023
U00566,1,CR00021
U00566,2,CR00058
U00566,3,CR00025
U00566,4,CR00048
U00566,5,CR00023
U00567,1,CR00021
U00567,2,CR00058
U00567,3,CR00025
U00567,4,CR00048
U00567,5,CR00023
U00568,1,CR00021
U00568,2,CR00058
U00568,3,CR00025
U00568,4,CR00048
U00568,5,CR00023
U00569,1,CR00021
U00569,2,CR00058
U00569,3,CR00025
U00569,4,CR00048
U00569,5,CR00023
U00570,1,CR00021
U00570,2,CR00058
U00570,3,CR00025
U00570,4,CR00048
U00570,5,CR00023
U00571,1,CR00021
U00571,2,CR00058
U00571,3,CR00025
U00571,4,CR00048
U00571,5,CR00023
U00572,1,CR00021
U00572,2,CR00058
U00572,3,CR00025
U00572,4,CR00048
U00572,5,CR00023
U00573,1,CR00021
U00573,2,CR00058
U00573,3,CR00025
U00573,4,CR00048
U00573,5,CR00023
U00574,1,CR00021
U00574,2,CR00058
U00574,3,CR00025
U00574,4,CR00048
U00574,5,CR00023
U00575,1,CR00021
U00575,2,CR00058
U00575,3,CR00025
U00575,4,CR00048
U00575,5,CR00023
U00576,1,CR00021
U00576,2,CR00058
U00576,3,CR00025
U00576,4,CR00048
U00576,5,CR00023
U00577,1,CR00021
U00577,2,CR00058
U00577,3,CR00025
U00577,4,CR00048
U00577,5,CR00023
U00578,1,CR00021
U00578,2,CR00058
U00578,3,CR00025
U00578,4,CR00048
U00578,5,CR00023
U00579,1,CR00021
U00579,2,CR00058
U00579,3,CR00025
U00579,4,CR00048
U00579,5,CR00023
U00580,1,CR00021
U00580,2,CR00058
U00580,3,CR00025
U00580,4,CR00048
U00580,5,CR00023
U00581,1,CR00021
U00581,2,CR00058
U00581,3,CR00025
U00581,4,CR00048
U00581,5,CR00023
U00582,1,CR00021
U00582,2,CR00058
U00582,3,CR00025
U00582,4,CR00048
U00582,5,CR00023
U00583,1,CR00021
U00583,2,CR00058
U00583,3,CR00025
U00583,4,CR00048
U00583,5,CR00023
U00584,1,CR00021
U00584,2,CR00058
U00584,3,CR00025
U00584,4,CR00048
U00584,5,CR00023
U00585,1,CR00021
U00585,2,CR00058
U00585,3,CR00025
U00585,4,CR00048
U00585,5,CR00023
U00586,1,CR00021
U00586,2,CR00058
U00586,3,CR00025
U00586,4,CR00048
U00586,5,CR00023
U00587,1,CR00021
U00587,2,CR00058
U00587,3,CR00025
U00587,4,CR00048
U00587,5,CR00023
U00588,1,CR00021
U00588,2,CR00058
U00588,3,CR00025
U00588,4,CR00048
U00588,5,CR00023
U00589,1,CR00021
U00589,2,CR00058
U00589,3,CR00025
U00589,4,CR00048
U00589,5,CR00023
U00590,1,CR00021
U00590,2,CR00058
U00590,3,CR00025
U00590,4,CR00048
U00590,5,CR00023
U00591,1,CR00021
U00591,2,CR00058
U00591,3,CR00025
U00591,4,CR00048
U00591,5,CR00023
U00592,1,CR00021
U00592,2,CR00058
U00592,3,CR00025
U00592,4,CR00048
U00592,5,CR00023
U00593,1,CR00021
U00593,2,CR00058
U00593,3,CR00025
U00593,4,CR00048
U00593,5,CR00023
U00594,1,CR00021
U00594,2,CR00058
U00594,3,CR00025
U00594,4,CR00048
U00594,5,CR00023
U00595,1,CR00021
U00595,2,CR00058
U00595,3,CR00025
U00595,4,CR00048
U00595,5,CR00023
U00596,1,CR00021
U00596,2,CR00058
U00596,3,CR00025
U00596,4,CR00048
U00596,5,CR00023
U00597,1,CR00021
U00597,2,CR00058
U00597,3,CR00025
U00597,4,CR00048
U00597,5,CR00023
U00598,1,CR00021
U00598,2,CR00058
U00598,3,CR00025
U00598,4,CR00048
U00598,5,CR00023
U00599,1,CR00021
U00599,2,CR00058
U00599,3,CR00025
U00599,4,CR00048
U00599,5,CR00023
U00600,1,CR00021
U00600,2,CR00058
U00600,3,CR00025
U00600,4,CR00048
U00600,5,CR00023
U00601,1,CR00021
U00601,2,CR00058
U00601,3,CR00025
U00601,4,CR00048
U00601,5,CR00023
U00602,1,CR00021
U00602,2,CR00058
U00602,3,CR00025
U00602,4,CR00048
U00602,5,CR00023
U00603,1,CR00021
U00603,2,CR00058
U00603,3,CR00025
U00603,4,CR00048
U00603,5,CR00023
U00604,1,CR00021
U00604,2,CR00058
U00604,3,CR00025
U00604,4,CR00048
U00604,5,CR00023
U00605,1,CR00021
U00605,2,CR00058
U00605,3,CR00025
U00605,4,CR00048
U00605,5,CR00023
U00606,1,CR00021
U00606,2,CR00058
U00606,3,CR00025
U00606,4,CR00048
U00606,5,CR00023
U00607,1,CR00021
U00607,2,CR00058
U00607,3,CR00025
U00607,4,CR00048
U00607,5,CR00023
U00608,1,CR00021
U00608,2,CR00058
U00608,3,CR00025
U00608,4,CR00048
U00608,5,CR00023
U00609,1,CR00021
U00609,2,CR00058
U00609,3,CR00025
U00609,4,CR00048
U00609,5,CR00023
U00610,1,CR00021
U00610,2,CR00058
U00610,3,CR00025
U00610,4,CR00048
U00610,5,CR00023
U00611,1,CR00021
U00611,2,CR00058
U00611,3,CR00025
U00611,4,CR00048
U00611,5,CR00023
U00612,1,CR00021
U00612,2,CR00058
U00612,3,CR00025
U00612,4,CR00048
U00612,5,CR00023
U00613,1,CR00021
U00613,2,CR00058
U00613,3,CR00025
U00613,4,CR00048
U00613,5,CR00023
U00614,1,CR00021
U00614,2,CR00058
U00614,3,CR00025
U00614,4,CR00048
U00614,5,CR00023
U00615,1,CR00021
U00615,2,CR00058
U00615,3,CR00025
U00615,4,CR00048
U00615,5,CR00023
U00616,1,CR00021
U00616,2,CR00058
U00616,3,CR00025
U00616,4,CR00048
U00616,5,CR00023
U00617,1,CR00021
U00617,2,CR00058
U00617,3,CR00025
U00617,4,CR00048
U00617,5,CR00023
U00618,1,CR00021
U00618,2,CR00058
U00618,3,CR00025
U00618,4,CR00048
U00618,5,CR00023
U00619,1,CR00021
U00619,2,CR00058
U00619,3,CR00025
U00619,4,CR00048
U00619,5,CR00023
U00620,1,CR00021
U00620,2,CR00058
U00620,3,CR00025
U00620,4,CR00048
U00620,5,CR00023
U00621,1,CR00021
U00621,2,CR00058
U00621,3,CR00025
U00621,4,CR00048
U00621,5,CR00023
U00622,1,CR00021
U00622,2,CR00058
U00622,3,CR00025
U00622,4,CR00048
U00622,5,CR00023
U00623,1,CR00021
U00623,2,CR00058
U00623,3,CR00025
U00623,4,CR00048
U00623,5,CR00023
U00624,1,CR00021
U00624,2,CR00058
U00624,3,CR00025
U00624,4,CR00048
U00624,5,CR00023
U00625,1,CR00021
U00625,2,CR00058
U00625,3,CR00025
U00625,4,CR00048
U00625,5,CR00023
U00626,1,CR00021
U00626,2,CR00058
U00626,3,CR00025
U00626,4,CR00048
U00626,5,CR00023
U00627,1,CR00021
U00627,2,CR00058
U00627,3,CR00025
U00627,4,CR00048
U00627,5,CR00023
U00628,1,CR00021
U00628,2,CR00058
U00628,3,CR00025
U00628,4,CR00048
U00628,5,CR00023
U00629,1,CR00021
U00629,2,CR00058
U00629,3,CR00025
U00629,4,CR00048
U00629,5,CR00023
U00630,1,CR00021
U00630,2,CR00058
U00630,3,CR00025
U00630,4,CR00048
U00630,5,CR00023
U00631,1,CR00021
U00631,2,CR00058
U00631,3,CR00025
U00631,4,CR00048
U00631,5,CR00023
U00632,1,CR00021
U00632,2,CR00058
U00632,3,CR00025
U00632,4,CR00048
U00632,5,CR00023
U00633,1,CR00021
U00633,2,CR00058
U00633,3,CR00025
U00633,4,CR00048
U00633,5,CR00023
U00634,1,CR00021
U00634,2,CR00058
U00634,3,CR00025
U00634,4,CR00048
U00634,5,CR00023
U00635,1,CR00021
U00635,2,CR00058
U00635,3,CR00025
U00635,4,CR00048
U00635,5,CR00023
U00636,1,CR00021
U00636,2,CR00058
U00636,3,CR00025
U00636,4,CR00048
U00636,5,CR00023
U00637,1,CR00021
U00637,2,CR00058
U00637,3,CR00025
U00637,4,CR00048
U00637,5,CR00023
U00638,1,CR00021
U00638,2,CR00058
U00638,3,CR00025
U00638,4,CR00048
U00638,5,CR00023
U00639,1,CR00021
U00639,2,CR00058
U00639,3,CR00025
U00639,4,CR00048
U00639,5,CR00023
U00640,1,CR00021
U00640,2,CR00058
U00640,3,CR00025
U00640,4,CR00048
U00640,5,CR00023
U00641,1,CR00021
U00641,2,CR00058
U00641,3,CR00025
U00641,4,CR00048
U00641,5,CR00023
U00642,1,CR00021
U00642,2,CR00058
U00642,3,CR00025
U00642,4,CR00048
U00642,5,CR00023
U00643,1,CR00021
U00643,2,CR00058
U00643,3,CR00025
U00643,4,CR00048
U00643,5,CR00023
U00644,1,CR00021
U00644,2,CR00058
U00644,3,CR00025
U00644,4,CR00048
U00644,5,CR00023
U00645,1,CR00021
U00645,2,CR00058
U00645,3,CR00025
U00645,4,CR00048
U00645,5,CR00023
U00646,1,CR00021
U00646,2,CR00058
U00646,3,CR00025
U00646,4,CR00048
U00646,5,CR00023
U00647,1,CR00021
U00647,2,CR00058
U00647,3,CR00025
U00647,4,CR00048
U00647,5,CR00023
U00648,1,CR00021
U00648,2,CR00058
U00648,3,CR00025
U00648,4,CR00048
U00648,5,CR00023
U00649,1,CR00021
U00649,2,CR00058
U00649,3,CR00025
U00649,4,CR00048
U00649,5,CR00023
U00650,1,CR00021
U00650,2,CR00058
U00650,3,CR00025
U00650,4,CR00048
U00650,5,CR00023
U00651,1,CR00021
U00651,2,CR00058
U00651,3,CR00025
U00651,4,CR00048
U00651,5,CR00023
U00652,1,CR00021
U00652,2,CR00058
U00652,3,CR00025
U00652,4,CR00048
U00652,5,CR00023
U00653,1,CR00021
U00653,2,CR00058
U00653,3,CR00025
U00653,4,CR00048
U00653,5,CR00023
U00654,1,CR00021
U00654,2,CR00058
U00654,3,CR00025
U00654,4,CR00048
U00654,5,CR00023
U00655,1,CR00021
U00655,2,CR00058
U00655,3,CR00025
U00655,4,CR00048
U00655,5,CR00023
U00656,1,CR00021
U00656,2,CR00058
U00656,3,CR00025
U00656,4,CR00048
U00656,5,CR00023
U00657,1,CR00021
U00657,2,CR00058
U00657,3,CR00025
U00657,4,CR00048
U00657,5,CR00023
U00658,1,CR00021
U00658,2,CR00058
U00658,3,CR00025
U00658,4,CR00048
U00658,5,CR00023
U00659,1,CR00021
U00659,2,CR00058
U00659,3,CR00025
U00659,4,CR00048
U00659,5,CR00023
U00660,1,CR00021
U00660,2,CR00058
U00660,3,CR00025
U00660,4,CR00048
U00660,5,CR00023
U00661,1,CR00021
U00661,2,CR00058
U00661,3,CR00025
U00661,4,CR00048
U00661,5,CR00023
U00662,1,CR00021
U00662,2,CR00058
U00662,3,CR00025
U00662,4,CR00048
U00662,5,CR00023
U00663,1,CR00021
U00663,2,CR00058
U00663,3,CR00025
U00663,4,CR00048
U00663,5,CR00023
U00664,1,CR00021
U00664,2,CR00058
U00664,3,CR00025
U00664,4,CR00048
U00664,5,CR00023
U00665,1,CR00021
U00665,2,CR00058
U00665,3,CR00025
U00665,4,CR00048
U00665,5,CR00023
U00666,1,CR00021
U00666,2,CR00058
U00666,3,CR00025
U00666,4,CR00048
U00666,5,CR00023
U00667,1,CR00021
U00667,2,CR00058
U00667,3,CR00025
U00667,4,CR00048
U00667,5,CR00023
U00668,1,CR00021
U00668,2,CR00058
U00668,3,CR00025
U00668,4,CR00048
U00668,5,CR00023
U00669,1,CR00021
U00669,2,CR00058
U00669,3,CR00025
U00669,4,CR00048
U00669,5,CR00023
U00670,1,CR00021
U00670,2,CR00058
U00670,3,CR00025
U00670,4,CR00048
U00670,5,CR00023
U00671,1,CR00021
U00671,2,CR00058
U00671,3,CR00025
U00671,4,CR00048
U00671,5,CR00023
U00672,1,CR00021
U00672,2,CR00058
U00672,3,CR00025
U00672,4,CR00048
U00672,5,CR00023
U00673,1,CR00021
U00673,2,CR00058
U00673,3,CR00025
U00673,4,CR00048
U00673,5,CR00023
U00674,1,CR00021
U00674,2,CR00058
U00674,3,CR00025
U00674,4,CR00048
U00674,5,CR00023
U00675,1,CR00021
U00675,2,CR00058
U00675,3,CR00025
U00675,4,CR00048
U00675,5,CR00023
U00676,1,CR00021
U00676,2,CR00058
U00676,3,CR00025
U00676,4,CR00048
U00676,5,CR00023
U00677,1,CR00021
U00677,2,CR00058
U00677,3,CR00025
U00677,4,CR00048
U00677,5,CR00023
U00678,1,CR00021
U00678,2,CR00058
U00678,3,CR00025
U00678,4,CR00048
U00678,5,CR00023
U00679,1,CR00021
U00679,2,CR00058
U00679,3,CR00025
U00679,4,CR00048
U00679,5,CR00023
U00680,1,CR00021
U00680,2,CR00058
U00680,3,CR00025
U00680,4,CR00048
U00680,5,CR00023
U00681,1,CR00021
U00681,2,CR00058
U00681,3,CR00025
U00681,4,CR00048
U00681,5,CR00023
U00682,1,CR00021
U00682,2,CR00058
U00682,3,CR00025
U00682,4,CR00048
U00682,5,CR00023
U00683,1,CR00021
U00683,2,CR00058
U00683,3,CR00025
U00683,4,CR00048
U00683,5,CR00023
U00684,1,CR00021
U00684,2,CR00058
U00684,3,CR00025
U00684,4,CR00048
U00684,5,CR00023
U00685,1,CR00021
U00685,2,CR00058
U00685,3,CR00025
U00685,4,CR00048
U00685,5,CR00023
U00686,1,CR00021
U00686,2,CR00058
U00686,3,CR00025
U00686,4,CR00048
U00686,5,CR00023
U00687,1,CR00021
U00687,2,CR00058
U00687,3,CR00025
U00687,4,CR00048
U00687,5,CR00023
U00688,1,CR00021
U00688,2,CR00058
U00688,3,CR00025
U00688,4,CR00048
U00688,5,CR00023
U00689,1,CR00021
U00689,2,CR00058
U00689,3,CR00025
U00689,4,CR00048
U00689,5,CR00023
U00690,1,CR00021
U00690,2,CR00058
U00690,3,CR00025
U00690,4,CR00048
U00690,5,CR00023
U00691,1,CR00021
U00691,2,CR00058
U00691,3,CR00025
U00691,4,CR00048
U00691,5,CR00023
U00692,1,CR00021
U00692,2,CR00058
U00692,3,CR00025
U00692,4,CR00048
U00692,5,CR00023
U00693,1,CR00021
U00693,2,CR00058
U00693,3,CR00025
U00693,4,CR00048
U00693,5,CR00023
U00694,1,CR00021
U00694,2,CR00058
U00694,3,CR00025
U00694,4,CR00048
U00694,5,CR00023
U00695,1,CR00021
U00695,2,CR00058
U00695,3,CR00025
U00695,4,CR00048
U00695,5,CR00023
U00696,1,CR00021
U00696,2,CR00058
U00696,3,CR00025
U00696,4,CR00048
U00696,5,CR00023
U00697,1,CR00021
U00697,2,CR00058
U00697,3,CR00025
U00697,4,CR00048
U00697,5,CR00023
U00698,1,CR00021
U00698,2,CR00058
U00698,3,CR00025
U00698,4,CR00048
U00698,5,CR00023
U00699,1,CR00021
U00699,2,CR00058
U00699,3,CR00025
U00699,4,CR00048
U00699,5,CR00023
U00700,1,CR00021
U00700,2,CR00058
U00700,3,CR00025
U00700,4,CR00048
U00700,5,CR00023
U00701,1,CR00021
U00701,2,CR00058
U00701,3,CR00025
U00701,4,CR00048
U00701,5,CR00023
U00702,1,CR00021
U00702,2,CR00058
U00702,3,CR00025
U00702,4,CR00048
U00702,5,CR00023
U00703,1,CR00021
U00703,2,CR00058
U00703,3,CR00025
U00703,4,CR00048
U00703,5,CR00023
U00704,1,CR00021
U00704,2,CR00058
U00704,3,CR00025
U00704,4,CR00048
U00704,5,CR00023
U00705,1,CR00021
U00705,2,CR00058
U00705,3,CR00025
U00705,4,CR00048
U00705,5,CR00023
U00706,1,CR00021
U00706,2,CR00058
U00706,3,CR00025
U00706,4,CR00048
U00706,5,CR00023
U00707,1,CR00021
U00707,2,CR00058
U00707,3,CR00025
U00707,4,CR00048
U00707,5,CR00023
U00708,1,CR00021
U00708,2,CR00058
U00708,3,CR00025
U00708,4,CR00048
U00708,5,CR00023
U00709,1,CR00021
U00709,2,CR00058
U00709,3,CR00025
U00709,4,CR00048
U00709,5,CR00023
U00710,1,CR00021
U00710,2,CR00058
U00710,3,CR00025
U00710,4,CR00048
U00710,5,CR00023
U00711,1,CR00021
U00711,2,CR00058
U00711,3,CR00025
U00711,4,CR00048
U00711,5,CR00023
U00712,1,CR00021
U00712,2,CR00058
U00712,3,CR00025
U00712,4,CR00048
U00712,5,CR00023
U00713,1,CR00021
U00713,2,CR00058
U00713,3,CR00025
U00713,4,CR00048
U00713,5,CR00023
U00714,1,CR00021
U00714,2,CR00058
U00714,3,CR00025
U00714,4,CR00048
U00714,5,CR00023
U00715,1,CR00021
U00715,2,CR00058
U00715,3,CR00025
U00715,4,CR00048
U00715,5,CR00023
U00716,1,CR00021
U00716,2,CR00058
U00716,3,CR00025
U00716,4,CR00048
U00716,5,CR00023
U00717,1,CR00021
U00717,2,CR00058
U00717,3,CR00025
U00717,4,CR00048
U00717,5,CR00023
U00718,1,CR00021
U00718,2,CR00058
U00718,3,CR00025
U00718,4,CR00048
U00718,5,CR00023
U00719,1,CR00021
U00719,2,CR00058
U00719,3,CR00025
U00719,4,CR00048
U00719,5,CR00023
U00720,1,CR00021
U00720,2,CR00058
U00720,3,CR00025
U00720,4,CR00048
U00720,5,CR00023
U00721,1,CR00021
U00721,2,CR00058
U00721,3,CR00025
U00721,4,CR00048
U00721,5,CR00023
U00722,1,CR00021
U00722,2,CR00058
U00722,3,CR00025
U00722,4,CR00048
U00722,5,CR00023
U00723,1,CR00021
U00723,2,CR00058
U00723,3,CR00025
U00723,4,CR00048
U00723,5,CR00023
U00724,1,CR00021
U00724,2,CR00058
U00724,3,CR00025
U00724,4,CR00048
U00724,5,CR00023
U00725,1,CR00021
U00725,2,CR00058
U00725,3,CR00025
U00725,4,CR00048
U00725,5,CR00023
U00726,1,CR00021
U00726,2,CR00058
U00726,3,CR00025
U00726,4,CR00048
U00726,5,CR00023
U00727,1,CR00021
U00727,2,CR00058
U00727,3,CR00025
U00727,4,CR00048
U00727,5,CR00023
U00728,1,CR00021
U00728,2,CR00058
U00728,3,CR00025
U00728,4,CR00048
U00728,5,CR00023
U00729,1,CR00021
U00729,2,CR00058
U00729,3,CR00025
U00729,4,CR00048
U00729,5,CR00023
U00730,1,CR00021
U00730,2,CR00058
U00730,3,CR00025
U00730,4,CR00048
U00730,5,CR00023
U00731,1,CR00021
U00731,2,CR00058
U00731,3,CR00025
U00731,4,CR00048
U00731,5,CR00023
U00732,1,CR00021
U00732,2,CR00058
U00732,3,CR00025
U00732,4,CR00048
U00732,5,CR00023
U00733,1,CR00021
U00733,2,CR00058
U00733,3,CR00025
U00733,4,CR00048
U00733,5,CR00023
U00734,1,CR00021
U00734,2,CR00058
U00734,3,CR00025
U00734,4,CR00048
U00734,5,CR00023
U00735,1,CR00021
U00735,2,CR00058
U00735,3,CR00025
U00735,4,CR00048
U00735,5,CR00023
U00736,1,CR00021
U00736,2,CR00058
U00736,3,CR00025
U00736,4,CR00048
U00736,5,CR00023
U00737,1,CR00021
U00737,2,CR00058
U00737,3,CR00025
U00737,4,CR00048
U00737,5,CR00023
U00738,1,CR00021
U00738,2,CR00058
U00738,3,CR00025
U00738,4,CR00048
U00738,5,CR00023
U00739,1,CR00021
U00739,2,CR00058
U00739,3,CR00025
U00739,4,CR00048
U00739,5,CR00023
U00740,1,CR00021
U00740,2,CR00058
U00740,3,CR00025
U00740,4,CR00048
U00740,5,CR00023
U00741,1,CR00021
U00741,2,CR00058
U00741,3,CR00025
U00741,4,CR00048
U00741,5,CR00023
U00742,1,CR00021
U00742,2,CR00058
U00742,3,CR00025
U00742,4,CR00048
U00742,5,CR00023
U00743,1,CR00021
U00743,2,CR00058
U00743,3,CR00025
U00743,4,CR00048
U00743,5,CR00023
U00744,1,CR00021
U00744,2,CR00058
U00744,3,CR00025
U00744,4,CR00048
U00744,5,CR00023
U00745,1,CR00021
U00745,2,CR00058
U00745,3,CR00025
U00745,4,CR00048
U00745,5,CR00023
U00746,1,CR00021
U00746,2,CR00058
U00746,3,CR00025
U00746,4,CR00048
U00746,5,CR00023
U00747,1,CR00021
U00747,2,CR00058
U00747,3,CR00025
U00747,4,CR00048
U00747,5,CR00023
U00748,1,CR00021
U00748,2,CR00058
U00748,3,CR00025
U00748,4,CR00048
U00748,5,CR00023
U00749,1,CR00021
U00749,2,CR00058
U00749,3,CR00025
U00749,4,CR00048
U00749,5,CR00023
U00750,1,CR00021
U00750,2,CR00058
U00750,3,CR00025
U00750,4,CR00048
U00750,5,CR00023
U00751,1,CR00021
U00751,2,CR00058
U00751,3,CR00025
U00751,4,CR00048
U00751,5,CR00023
U00752,1,CR00021
U00752,2,CR00058
U00752,3,CR00025
U00752,4,CR00048
U00752,5,CR00023
U00753,1,CR00021
U00753,2,CR00058
U00753,3,CR00025
U00753,4,CR00048
U00753,5,CR00023
U00754,1,CR00021
U00754,2,CR00058
U00754,3,CR00025
U00754,4,CR00048
U00754,5,CR00023
U00755,1,CR00021
U00755,2,CR00058
U00755,3,CR00025
U00755,4,CR00048
U00755,5,CR00023
U00756,1,CR00021
U00756,2,CR00058
U00756,3,CR00025
U00756,4,CR00048
U00756,5,CR00023
U00757,1,CR00021
U00757,2,CR00058
U00757,3,CR00025
U00757,4,CR00048
U00757,5,CR00023
U00758,1,CR00021
U00758,2,CR00058
U00758,3,CR00025
U00758,4,CR00048
U00758,5,CR00023
U00759,1,CR00021
U00759,2,CR00058
U00759,3,CR00025
U00759,4,CR00048
U00759,5,CR00023
U00760,1,CR00021
U00760,2,CR00058
U00760,3,CR00025
U00760,4,CR00048
U00760,5,CR00023
U00761,1,CR00021
U00761,2,CR00058
U00761,3,CR00025
U00761,4,CR00048
U00761,5,CR00023
U00762,1,CR00021
U00762,2,CR00058
U00762,3,CR00025
U00762,4,CR00048
U00762,5,CR00023
U00763,1,CR00021
U00763,2,CR00058
U00763,3,CR00025
U00763,4,CR00048
U00763,5,CR00023
U00764,1,CR00021
U00764,2,CR00058
U00764,3,CR00025
U00764,4,CR00048
U00764,5,CR00023
U00765,1,CR00021
U00765,2,CR00058
U00765,3,CR00025
U00765,4,CR00048
U00765,5,CR00023
U00766,1,CR00021
U00766,2,CR00058
U00766,3,CR00025
U00766,4,CR00048
U00766,5,CR00023
U00767,1,CR00021
U00767,2,CR00058
U00767,3,CR00025
U00767,4,CR00048
U00767,5,CR00023
U00768,1,CR00021
U00768,2,CR00058
U00768,3,CR00025
U00768,4,CR00048
U00768,5,CR00023
U00769,1,CR00021
U00769,2,CR00058
U00769,3,CR00025
U00769,4,CR00048
U00769,5,CR00023
U00770,1,CR00021
U00770,2,CR00058
U00770,3,CR00025
U00770,4,CR00048
U00770,5,CR00023
U00771,1,CR00021
U00771,2,CR00058
U00771,3,CR00025
U00771,4,CR00048
U00771,5,CR00023
U00772,1,CR00021
U00772,2,CR00058
U00772,3,CR00025
U00772,4,CR00048
U00772,5,CR00023
U00773,1,CR00021
U00773,2,CR00058
U00773,3,CR00025
U00773,4,CR00048
U00773,5,CR00023
U00774,1,CR00021
U00774,2,CR00058
U00774,3,CR00025
U00774,4,CR00048
U00774,5,CR00023
U00775,1,CR00021
U00775,2,CR00058
U00775,3,CR00025
U00775,4,CR00048
U00775,5,CR00023
U00776,1,CR00021
U00776,2,CR00058
U00776,3,CR00025
U00776,4,CR00048
U00776,5,CR00023
U00777,1,CR00021
U00777,2,CR00058
U00777,3,CR00025
U00777,4,CR00048
U00777,5,CR00023
U00778,1,CR00021
U00778,2,CR00058
U00778,3,CR00025
U00778,4,CR00048
U00778,5,CR00023
U00779,1,CR00021
U00779,2,CR00058
U00779,3,CR00025
U00779,4,CR00048
U00779,5,CR00023
U00780,1,CR00021
U00780,2,CR00058
U00780,3,CR00025
U00780,4,CR00048
U00780,5,CR00023
U00781,1,CR00021
U00781,2,CR00058
U00781,3,CR00025
U00781,4,CR00048
U00781,5,CR00023
U00782,1,CR00021
U00782,2,CR00058
U00782,3,CR00025
U00782,4,CR00048
U00782,5,CR00023
U00783,1,CR00021
U00783,2,CR00058
U00783,3,CR00025
U00783,4,CR00048
U00783,5,CR00023
U00784,1,CR00021
U00784,2,CR00058
U00784,3,CR00025
U00784,4,CR00048
U00784,5,CR00023
U00785,1,CR00021
U00785,2,CR00058
U00785,3,CR00025
U00785,4,CR00048
U00785,5,CR00023
U00786,1,CR00021
U00786,2,CR00058
U00786,3,CR00025
U00786,4,CR00048
U00786,5,CR00023
U00787,1,CR00021
U00787,2,CR00058
U00787,3,CR00025
U00787,4,CR00048
U00787,5,CR00023
U00788,1,CR00021
U00788,2,CR00058
U00788,3,CR00025
U00788,4,CR00048
U00788,5,CR00023
U00789,1,CR00021
U00789,2,CR00058
U00789,3,CR00025
U00789,4,CR00048
U00789,5,CR00023
U00790,1,CR00021
U00790,2,CR00058
U00790,3,CR00025
U00790,4,CR00048
U00790,5,CR00023
U00791,1,CR00021
U00791,2,CR00058
U00791,3,CR00025
U00791,4,CR00048
U00791,5,CR00023
U00792,1,CR00021
U00792,2,CR00058
U00792,3,CR00025
U00792,4,CR00048
U00792,5,CR00023
U00793,1,CR00021
U00793,2,CR00058
U00793,3,CR00025
U00793,4,CR00048
U00793,5,CR00023
U00794,1,CR00021
U00794,2,CR00058
U00794,3,CR00025
U00794,4,CR00048
U00794,5,CR00023
U00795,1,CR00021
U00795,2,CR00058
U00795,3,CR00025
U00795,4,CR00048
U00795,5,CR00023
U00796,1,CR00021
U00796,2,CR00058
U00796,3,CR00025
U00796,4,CR00048
U00796,5,CR00023
U00797,1,CR00021
U00797,2,CR00058
U00797,3,CR00025
U00797,4,CR00048
U00797,5,CR00023
U00798,1,CR00021
U00798,2,CR00058
U00798,3,CR00025
U00798,4,CR00048
U00798,5,CR00023
U00799,1,CR00021
U00799,2,CR00058
U00799,3,CR00025
U00799,4,CR00048
U00799,5,CR00023
U00800,1,CR00021
U00800,2,CR00058
U00800,3,CR00025
U00800,4,CR00048
U00800,5,CR00023
U00801,1,CR00021
U00801,2,CR00058
U00801,3,CR00025
U00801,4,CR00048
U00801,5,CR00023
U00802,1,CR00021
U00802,2,CR00058
U00802,3,CR00025
U00802,4,CR00048
U00802,5,CR00023
U00803,1,CR00021
U00803,2,CR00058
U00803,3,CR00025
U00803,4,CR00048
U00803,5,CR00023
U00804,1,CR00021
U00804,2,CR00058
U00804,3,CR00025
U00804,4,CR00048
U00804,5,CR00023
U00805,1,CR00021
U00805,2,CR00058
U00805,3,CR00025
U00805,4,CR00048
U00805,5,CR00023
U00806,1,CR00021
U00806,2,CR00058
U00806,3,CR00025
U00806,4,CR00048
U00806,5,CR00023
U00807,1,CR00021
U00807,2,CR00058
U00807,3,CR00025
U00807,4,CR00048
U00807,5,CR00023
U00808,1,CR00021
U00808,2,CR00058
U00808,3,CR00025
U00808,4,CR00048
U00808,5,CR00023
U00809,1,CR00021
U00809,2,CR00058
U00809,3,CR00025
U00809,4,CR00048
U00809,5,CR00023
U00810,1,CR00021
U00810,2,CR00058
U00810,3,CR00025
U00810,4,CR00048
U00810,5,CR00023
U00811,1,CR00021
U00811,2,CR00058
U00811,3,CR00025
U00811,4,CR00048
U00811,5,CR00023
U00812,1,CR00021
U00812,2,CR00058
U00812,3,CR00025
U00812,4,CR00048
U00812,5,CR00023
U00813,1,CR00021
U00813,2,CR00058
U00813,3,CR00025
U00813,4,CR00048
U00813,5,CR00023
U00814,1,CR00021
U00814,2,CR00058
U00814,3,CR00025
U00814,4,CR00048
U00814,5,CR00023
U00815,1,CR00021
U00815,2,CR00058
U00815,3,CR00025
U00815,4,CR00048
U00815,5,CR00023
U00816,1,CR00021
U00816,2,CR00058
U00816,3,CR00025
U00816,4,CR00048
U00816,5,CR00023
U00817,1,CR00021
U00817,2,CR00058
U00817,3,CR00025
U00817,4,CR00048
U00817,5,CR00023
U00818,1,CR00021
U00818,2,CR00058
U00818,3,CR00025
U00818,4,CR00048
U00818,5,CR00023
U00819,1,CR00021
U00819,2,CR00058
U00819,3,CR00025
U00819,4,CR00048
U00819,5,CR00023
U00820,1,CR00021
U00820,2,CR00058
U00820,3,CR00025
U00820,4,CR00048
U00820,5,CR00023
U00821,1,CR00021
U00821,2,CR00058
U00821,3,CR00025
U00821,4,CR00048
U00821,5,CR00023
U00822,1,CR00021
U00822,2,CR00058
U00822,3,CR00025
U00822,4,CR00048
U00822,5,CR00023
U00823,1,CR00021
U00823,2,CR00058
U00823,3,CR00025
U00823,4,CR00048
U00823,5,CR00023
U00824,1,CR00021
U00824,2,CR00058
U00824,3,CR00025
U00824,4,CR00048
U00824,5,CR00023
U00825,1,CR00021
U00825,2,CR00058
U00825,3,CR00025
U00825,4,CR00048
U00825,5,CR00023
U00826,1,CR00021
U00826,2,CR00058
U00826,3,CR00025
U00826,4,CR00048
U00826,5,CR00023
U00827,1,CR00021
U00827,2,CR00058
U00827,3,CR00025
U00827,4,CR00048
U00827,5,CR00023
U00828,1,CR00021
U00828,2,CR00058
U00828,3,CR00025
U00828,4,CR00048
U00828,5,CR00023
U00829,1,CR00021
U00829,2,CR00058
U00829,3,CR00025
U00829,4,CR00048
U00829,5,CR00023
U00830,1,CR00021
U00830,2,CR00058
U00830,3,CR00025
U00830,4,CR00048
U00830,5,CR00023
U00831,1,CR00021
U00831,2,CR00058
U00831,3,CR00025
U00831,4,CR00048
U00831,5,CR00023
U00832,1,CR00021
U00832,2,CR00058
U00832,3,CR00025
U00832,4,CR00048
U00832,5,CR00023
U00833,1,CR00021
U00833,2,CR00058
U00833,3,CR00025
U00833,4,CR00048
U00833,5,CR00023
U00834,1,CR00021
U00834,2,CR00058
U00834,3,CR00025
U00834,4,CR00048
U00834,5,CR00023
U00835,1,CR00021
U00835,2,CR00058
U00835,3,CR00025
U00835,4,CR00048
U00835,5,CR00023
U00836,1,CR00021
U00836,2,CR00058
U00836,3,CR00025
U00836,4,CR00048
U00836,5,CR00023
U00837,1,CR00021
U00837,2,CR00058
U00837,3,CR00025
U00837,4,CR00048
U00837,5,CR00023
U00838,1,CR00021
U00838,2,CR00058
U00838,3,CR00025
U00838,4,CR00048
U00838,5,CR00023
U00839,1,CR00021
U00839,2,CR00058
U00839,3,CR00025
U00839,4,CR00048
U00839,5,CR00023
U00840,1,CR00021
U00840,2,CR00058
U00840,3,CR00025
U00840,4,CR00048
U00840,5,CR00023
U00841,1,CR00021
U00841,2,CR00058
U00841,3,CR00025
U00841,4,CR00048
U00841,5,CR00023
U00842,1,CR00021
U00842,2,CR00058
U00842,3,CR00025
U00842,4,CR00048
U00842,5,CR00023
U00843,1,CR00021
U00843,2,CR00058
U00843,3,CR00025
U00843,4,CR00048
U00843,5,CR00023
U00844,1,CR00021
U00844,2,CR00058
U00844,3,CR00025
U00844,4,CR00048
U00844,5,CR00023
U00845,1,CR00021
U00845,2,CR00058
U00845,3,CR00025
U00845,4,CR00048
U00845,5,CR00023
U00846,1,CR00021
U00846,2,CR00058
U00846,3,CR00025
U00846,4,CR00048
U00846,5,CR00023
U00847,1,CR00021
U00847,2,CR00058
U00847,3,CR00025
U00847,4,CR00048
U00847,5,CR00023
U00848,1,CR00021
U00848,2,CR00058
U00848,3,CR00025
U00848,4,CR00048
U00848,5,CR00023
U00849,1,CR00021
U00849,2,CR00058
U00849,3,CR00025
U00849,4,CR00048
U00849,5,CR00023
U00850,1,CR00021
U00850,2,CR00058
U00850,3,CR00025
U00850,4,CR00048
U00850,5,CR00023
U00851,1,CR00021
U00851,2,CR00058
U00851,3,CR00025
U00851,4,CR00048
U00851,5,CR00023
U00852,1,CR00021
U00852,2,CR00058
U00852,3,CR00025
U00852,4,CR00048
U00852,5,CR00023
U00853,1,CR00021
U00853,2,CR00058
U00853,3,CR00025
U00853,4,CR00048
U00853,5,CR00023
U00854,1,CR00021
U00854,2,CR00058
U00854,3,CR00025
U00854,4,CR00048
U00854,5,CR00023
U00855,1,CR00021
U00855,2,CR00058
U00855,3,CR00025
U00855,4,CR00048
U00855,5,CR00023
U00856,1,CR00021
U00856,2,CR00058
U00856,3,CR00025
U00856,4,CR00048
U00856,5,CR00023
U00857,1,CR00021
U00857,2,CR00058
U00857,3,CR00025
U00857,4,CR00048
U00857,5,CR00023
U00858,1,CR00021
U00858,2,CR00058
U00858,3,CR00025
U00858,4,CR00048
U00858,5,CR00023
U00859,1,CR00021
U00859,2,CR00058
U00859,3,CR00025
U00859,4,CR00048
U00859,5,CR00023
U00860,1,CR00021
U00860,2,CR00058
U00860,3,CR00025
U00860,4,CR00048
U00860,5,CR00023
U00861,1,CR00021
U00861,2,CR00058
U00861,3,CR00025
U00861,4,CR00048
U00861,5,CR00023
U00862,1,CR00021
U00862,2,CR00058
U00862,3,CR00025
U00862,4,CR00048
U00862,5,CR00023
U00863,1,CR00021
U00863,2,CR00058
U00863,3,CR00025
U00863,4,CR00048
U00863,5,CR00023
U00864,1,CR00021
U00864,2,CR00058
U00864,3,CR00025
U00864,4,CR00048
U00864,5,CR00023
U00865,1,CR00021
U00865,2,CR00058
U00865,3,CR00025
U00865,4,CR00048
U00865,5,CR00023
U00866,1,CR00021
U00866,2,CR00058
U00866,3,CR00025
U00866,4,CR00048
U00866,5,CR00023
U00867,1,CR00021
U00867,2,CR00058
U00867,3,CR00025
U00867,4,CR00048
U00867,5,CR00023
U00868,1,CR00021
U00868,2,CR00058
U00868,3,CR00025
U00868,4,CR00048
U00868,5,CR00023
U00869,1,CR00021
U00869,2,CR00058
U00869,3,CR00025
U00869,4,CR00048
U00869,5,CR00023
U00870,1,CR00021
U00870,2,CR00058
U00870,3,CR00025
U00870,4,CR00048
U00870,5,CR00023
U00871,1,CR00021
U00871,2,CR00058
U00871,3,CR00025
U00871,4,CR00048
U00871,5,CR00023
U00872,1,CR00021
U00872,2,CR00058
U00872,3,CR00025
U00872,4,CR00048
U00872,5,CR00023
U00873,1,CR00021
U00873,2,CR00058
U00873,3,CR00025
U00873,4,CR00048
U00873,5,CR00023
U00874,1,CR00021
U00874,2,CR00058
U00874,3,CR00025
U00874,4,CR00048
U00874,5,CR00023
U00875,1,CR00021
U00875,2,CR00058
U00875,3,CR00025
U00875,4,CR00048
U00875,5,CR00023
U00876,1,CR00021
U00876,2,CR00058
U00876,3,CR00025
U00876,4,CR00048
U00876,5,CR00023
U00877,1,CR00021
U00877,2,CR00058
U00877,3,CR00025
U00877,4,CR00048
U00877,5,CR00023
U00878,1,CR00021
U00878,2,CR00058
U00878,3,CR00025
U00878,4,CR00048
U00878,5,CR00023
U00879,1,CR00021
U00879,2,CR00058
U00879,3,CR00025
U00879,4,CR00048
U00879,5,CR00023
U00880,1,CR00021
U00880,2,CR00058
U00880,3,CR00025
U00880,4,CR00048
U00880,5,CR00023
U00881,1,CR00021
U00881,2,CR00058
U00881,3,CR00025
U00881,4,CR00048
U00881,5,CR00023
U00882,1,CR00021
U00882,2,CR00058
U00882,3,CR00025
U00882,4,CR00048
U00882,5,CR00023
U00883,1,CR00021
U00883,2,CR00058
U00883,3,CR00025
U00883,4,CR00048
U00883,5,CR00023
U00884,1,CR00021
U00884,2,CR00058
U00884,3,CR00025
U00884,4,CR00048
U00884,5,CR00023
U00885,1,CR00021
U00885,2,CR00058
U00885,3,CR00025
U00885,4,CR00048
U00885,5,CR00023
U00886,1,CR00021
U00886,2,CR00058
U00886,3,CR00025
U00886,4,CR00048
U00886,5,CR00023
U00887,1,CR00021
U00887,2,CR00058
U00887,3,CR00025
U00887,4,CR00048
U00887,5,CR00023
U00888,1,CR00021
U00888,2,CR00058
U00888,3,CR00025
U00888,4,CR00048
U00888,5,CR00023
U00889,1,CR00021
U00889,2,CR00058
U00889,3,CR00025
U00889,4,CR00048
U00889,5,CR00023
U00890,1,CR00021
U00890,2,CR00058
U00890,3,CR00025
U00890,4,CR00048
U00890,5,CR00023
U00891,1,CR00021
U00891,2,CR00058
U00891,3,CR00025
U00891,4,CR00048
U00891,5,CR00023
U00892,1,CR00021
U00892,2,CR00058
U00892,3,CR00025
U00892,4,CR00048
U00892,5,CR00023
U00893,1,CR00021
U00893,2,CR00058
U00893,3,CR00025
U00893,4,CR00048
U00893,5,CR00023
U00894,1,CR00021
U00894,2,CR00058
U00894,3,CR00025
U00894,4,CR00048
U00894,5,CR00023
U00895,1,CR00021
U00895,2,CR00058
U00895,3,CR00025
U00895,4,CR00048
U00895,5,CR00023
U00896,1,CR00021
U00896,2,CR00058
U00896,3,CR00025
U00896,4,CR00048
U00896,5,CR00023
U00897,1,CR00021
U00897,2,CR00058
U00897,3,CR00025
U00897,4,CR00048
U00897,5,CR00023
U00898,1,CR00021
U00898,2,CR00058
U00898,3,CR00025
U00898,4,CR00048
U00898,5,CR00023
U00899,1,CR00021
U00899,2,CR00058
U00899,3,CR00025
U00899,4,CR00048
U00899,5,CR00023
U00900,1,CR00021
U00900,2,CR00058
U00900,3,CR00025
U00900,4,CR00048
U00900,5,CR00023
U00901,1,CR00021
U00901,2,CR00058
U00901,3,CR00025
U00901,4,CR00048
U00901,5,CR00023
U00902,1,CR00021
U00902,2,CR00058
U00902,3,CR00025
U00902,4,CR00048
U00902,5,CR00023
U00903,1,CR00021
U00903,2,CR00058
U00903,3,CR00025
U00903,4,CR00048
U00903,5,CR00023
U00904,1,CR00021
U00904,2,CR00058
U00904,3,CR00025
U00904,4,CR00048
U00904,5,CR00023
U00905,1,CR00021
U00905,2,CR00058
U00905,3,CR00025
U00905,4,CR00048
U00905,5,CR00023
U00906,1,CR00021
U00906,2,CR00058
U00906,3,CR00025
U00906,4,CR00048
U00906,5,CR00023
U00907,1,CR00021
U00907,2,CR00058
U00907,3,CR00025
U00907,4,CR00048
U00907,5,CR00023
U00908,1,CR00021
U00908,2,CR00058
U00908,3,CR00025
U00908,4,CR00048
U00908,5,CR00023
U00909,1,CR00021
U00909,2,CR00058
U00909,3,CR00025
U00909,4,CR00048
U00909,5,CR00023
U00910,1,CR00021
U00910,2,CR00058
U00910,3,CR00025
U00910,4,CR00048
U00910,5,CR00023
U00911,1,CR00021
U00911,2,CR00058
U00911,3,CR00025
U00911,4,CR00048
U00911,5,CR00023
U00912,1,CR00021
U00912,2,CR00058
U00912,3,CR00025
U00912,4,CR00048
U00912,5,CR00023
U00913,1,CR00021
U00913,2,CR00058
U00913,3,CR00025
U00913,4,CR00048
U00913,5,CR00023
U00914,1,CR00021
U00914,2,CR00058
U00914,3,CR00025
U00914,4,CR00048
U00914,5,CR00023
U00915,1,CR00021
U00915,2,CR00058
U00915,3,CR00025
U00915,4,CR00048
U00915,5,CR00023
U00916,1,CR00021
U00916,2,CR00058
U00916,3,CR00025
U00916,4,CR00048
U00916,5,CR00023
U00917,1,CR00021
U00917,2,CR00058
U00917,3,CR00025
U00917,4,CR00048
U00917,5,CR00023
U00918,1,CR00021
U00918,2,CR00058
U00918,3,CR00025
U00918,4,CR00048
U00918,5,CR00023
U00919,1,CR00021
U00919,2,CR00058
U00919,3,CR00025
U00919,4,CR00048
U00919,5,CR00023
U00920,1,CR00021
U00920,2,CR00058
U00920,3,CR00025
U00920,4,CR00048
U00920,5,CR00023
U00921,1,CR00021
U00921,2,CR00058
U00921,3,CR00025
U00921,4,CR00048
U00921,5,CR00023
U00922,1,CR00021
U00922,2,CR00058
U00922,3,CR00025
U00922,4,CR00048
U00922,5,CR00023
U00923,1,CR00021
U00923,2,CR00058
U00923,3,CR00025
U00923,4,CR00048
U00923,5,CR00023
U00924,1,CR00021
U00924,2,CR00058
U00924,3,CR00025
U00924,4,CR00048
U00924,5,CR00023
U00925,1,CR00021
U00925,2,CR00058
U00925,3,CR00025
U00925,4,CR00048
U00925,5,CR00023
U00926,1,CR00021
U00926,2,CR00058
U00926,3,CR00025
U00926,4,CR00048
U00926,5,CR00023
U00927,1,CR00021
U00927,2,CR00058
U00927,3,CR00025
U00927,4,CR00048
U00927,5,CR00023
U00928,1,CR00021
U00928,2,CR00058
U00928,3,CR00025
U00928,4,CR00048
U00928,5,CR00023
U00929,1,CR00021
U00929,2,CR00058
U00929,3,CR00025
U00929,4,CR00048
U00929,5,CR00023
U00930,1,CR00021
U00930,2,CR00058
U00930,3,CR00025
U00930,4,CR00048
U00930,5,CR00023
U00931,1,CR00021
U00931,2,CR00058
U00931,3,CR00025
U00931,4,CR00048
U00931,5,CR00023
U00932,1,CR00021
U00932,2,CR00058
U00932,3,CR00025
U00932,4,CR00048
U00932,5,CR00023
U00933,1,CR00021
U00933,2,CR00058
U00933,3,CR00025
U00933,4,CR00048
U00933,5,CR00023
U00934,1,CR00021
U00934,2,CR00058
U00934,3,CR00025
U00934,4,CR00048
U00934,5,CR00023
U00935,1,CR00021
U00935,2,CR00058
U00935,3,CR00025
U00935,4,CR00048
U00935,5,CR00023
U00936,1,CR00021
U00936,2,CR00058
U00936,3,CR00025
U00936,4,CR00048
U00936,5,CR00023
U00937,1,CR00021
U00937,2,CR00058
U00937,3,CR00025
U00937,4,CR00048
U00937,5,CR00023
U00938,1,CR00021
U00938,2,CR00058
U00938,3,CR00025
U00938,4,CR00048
U00938,5,CR00023
U00939,1,CR00021
U00939,2,CR00058
U00939,3,CR00025
U00939,4,CR00048
U00939,5,CR00023
U00940,1,CR00021
U00940,2,CR00058
U00940,3,CR00025
U00940,4,CR00048
U00940,5,CR00023
U00941,1,CR00021
U00941,2,CR00058
U00941,3,CR00025
U00941,4,CR00048
U00941,5,CR00023
U00942,1,CR00021
U00942,2,CR00058
U00942,3,CR00025
U00942,4,CR00048
U00942,5,CR00023
U00943,1,CR00021
U00943,2,CR00058
U00943,3,CR00025
U00943,4,CR00048
U00943,5,CR00023
U00944,1,CR00021
U00944,2,CR00058
U00944,3,CR00025
U00944,4,CR00048
U00944,5,CR00023
U00945,1,CR00021
U00945,2,CR00058
U00945,3,CR00025
U00945,4,CR00048
U00945,5,CR00023
U00946,1,CR00021
U00946,2,CR00058
U00946,3,CR00025
U00946,4,CR00048
U00946,5,CR00023
U00947,1,CR00021
U00947,2,CR00058
U00947,3,CR00025
U00947,4,CR00048
U00947,5,CR00023
U00948,1,CR00021
U00948,2,CR00058
U00948,3,CR00025
U00948,4,CR00048
U00948,5,CR00023
U00949,1,CR00021
U00949,2,CR00058
U00949,3,CR00025
U00949,4,CR00048
U00949,5,CR00023
U00950,1,CR00021
U00950,2,CR00058
U00950,3,CR00025
U00950,4,CR00048
U00950,5,CR00023
U00951,1,CR00021
U00951,2,CR00058
U00951,3,CR00025
U00951,4,CR00048
U00951,5,CR00023
U00952,1,CR00021
U00952,2,CR00058
U00952,3,CR00025
U00952,4,CR00048
U00952,5,CR00023
U00953,1,CR00021
U00953,2,CR00058
U00953,3,CR00025
U00953,4,CR00048
U00953,5,CR00023
U00954,1,CR00021
U00954,2,CR00058
U00954,3,CR00025
U00954,4,CR00048
U00954,5,CR00023
U00955,1,CR00021
U00955,2,CR00058
U00955,3,CR00025
U00955,4,CR00048
U00955,5,CR00023
U00956,1,CR00021
U00956,2,CR00058
U00956,3,CR00025
U00956,4,CR00048
U00956,5,CR00023
U00957,1,CR00021
U00957,2,CR00058
U00957,3,CR00025
U00957,4,CR00048
U00957,5,CR00023
U00958,1,CR00021
U00958,2,CR00058
U00958,3,CR00025
U00958,4,CR00048
U00958,5,CR00023
U00959,1,CR00021
U00959,2,CR00058
U00959,3,CR00025
U00959,4,CR00048
U00959,5,CR00023
U00960,1,CR00021
U00960,2,CR00058
U00960,3,CR00025
U00960,4,CR00048
U00960,5,CR00023
U00961,1,CR00021
U00961,2,CR00058
U00961,3,CR00025
U00961,4,CR00048
U00961,5,CR00023
U00962,1,CR00021
U00962,2,CR00058
U00962,3,CR00025
U00962,4,CR00048
U00962,5,CR00023
U00963,1,CR00021
U00963,2,CR00058
U00963,3,CR00025
U00963,4,CR00048
U00963,5,CR00023
U00964,1,CR00021
U00964,2,CR00058
U00964,3,CR00025
U00964,4,CR00048
U00964,5,CR00023
U00965,1,CR00021
U00965,2,CR00058
U00965,3,CR00025
U00965,4,CR00048
U00965,5,CR00023
U00966,1,CR00021
U00966,2,CR00058
U00966,3,CR00025
U00966,4,CR00048
U00966,5,CR00023
U00967,1,CR00021
U00967,2,CR00058
U00967,3,CR00025
U00967,4,CR00048
U00967,5,CR00023
U00968,1,CR00021
U00968,2,CR00058
U00968,3,CR00025
U00968,4,CR00048
U00968,5,CR00023
U00969,1,CR00021
U00969,2,CR00058
U00969,3,CR00025
U00969,4,CR00048
U00969,5,CR00023
U00970,1,CR00021
U00970,2,CR00058
U00970,3,CR00025
U00970,4,CR00048
U00970,5,CR00023
U00971,1,CR00021
U00971,2,CR00058
U00971,3,CR00025
U00971,4,CR00048
U00971,5,CR00023
U00972,1,CR00021
U00972,2,CR00058
U00972,3,CR00025
U00972,4,CR00048
U00972,5,CR00023
U00973,1,CR00021
U00973,2,CR00058
U00973,3,CR00025
U00973,4,CR00048
U00973,5,CR00023
U00974,1,CR00021
U00974,2,CR00058
U00974,3,CR00025
U00974,4,CR00048
U00974,5,CR00023
U00975,1,CR00021
U00975,2,CR00058
U00975,3,CR00025
U00975,4,CR00048
U00975,5,CR00023
U00976,1,CR00021
U00976,2,CR00058
U00976,3,CR00025
U00976,4,CR00048
U00976,5,CR00023
U00977,1,CR00021
U00977,2,CR00058
U00977,3,CR00025
U00977,4,CR00048
U00977,5,CR00023
U00978,1,CR00021
U00978,2,CR00058
U00978,3,CR00025
U00978,4,CR00048
U00978,5,CR00023
U00979,1,CR00021
U00979,2,CR00058
U00979,3,CR00025
U00979,4,CR00048
U00979,5,CR00023
U00980,1,CR00021
U00980,2,CR00058
U00980,3,CR00025
U00980,4,CR00048
U00980,5,CR00023
U00981,1,CR00021
U00981,2,CR00058
U00981,3,CR00025
U00981,4,CR00048
U00981,5,CR00023
U00982,1,CR00021
U00982,2,CR00058
U00982,3,CR00025
U00982,4,CR00048
U00982,5,CR00023
U00983,1,CR00021
U00983,2,CR00058
U00983,3,CR00025
U00983,4,CR00048
U00983,5,CR00023
U00984,1,CR00021
U00984,2,CR00058
U00984,3,CR00025
U00984,4,CR00048
U00984,5,CR00023
U00985,1,CR00021
U00985,2,CR00058
U00985,3,CR00025
U00985,4,CR00048
U00985,5,CR00023
U00986,1,CR00021
U00986,2,CR00058
U00986,3,CR00025
U00986,4,CR00048
U00986,5,CR00023
U00987,1,CR00021
U00987,2,CR00058
U00987,3,CR00025
U00987,4,CR00048
U00987,5,CR00023
U00988,1,CR00021
U00988,2,CR00058
U00988,3,CR00025
U00988,4,CR00048
U00988,5,CR00023
U00989,1,CR00021
U00989,2,CR00058
U00989,3,CR00025
U00989,4,CR00048
U00989,5,CR00023
U00990,1,CR00021
U00990,2,CR00058
U00990,3,CR00025
U00990,4,CR00048
U00990,5,CR00023
U00991,1,CR00021
U00991,2,CR00058
U00991,3,CR00025
U00991,4,CR00048
U00991,5,CR00023
U00992,1,CR00021
U00992,2,CR00058
U00992,3,CR00025
U00992,4,CR00048
U00992,5,CR00023
U00993,1,CR00021
U00993,2,CR00058
U00993,3,CR00025
U00993,4,CR00048
U00993,5,CR00023
U00994,1,CR00021
U00994,2,CR00058
U00994,3,CR00025
U00994,4,CR00048
U00994,5,CR00023
U00995,1,CR00021
U00995,2,CR00058
U00995,3,CR00025
U00995,4,CR00048
U00995,5,CR00023
U00996,1,CR00021
U00996,2,CR00058
U00996,3,CR00025
U00996,4,CR00048
U00996,5,CR00023
U00997,1,CR00021
U00997,2,CR00058
U00997,3,CR00025
U00997,4,CR00048
U00997,5,CR00023
U00998,1,CR00021
U00998,2,CR00058
U00998,3,CR00025
U00998,4,CR00048
U00998,5,CR00023
U00999,1,CR00021
U00999,2,CR00058
U00999,3,CR00025
U00999,4,CR00048
U00999,5,CR00023
U01000,1,CR00021
U01000,2,CR00058
U01000,3,CR00025
U01000,4,CR00048
U01000,5,CR00023
U01001,1,CR00021
U01001,2,CR00058
U01001,3,CR00025
U01001,4,CR00048
U01001,5,CR00023
U01002,1,CR00021
U01002,2,CR00058
U01002,3,CR00025
U01002,4,CR00048
U01002,5,CR00023
U01003,1,CR00021
U01003,2,CR00058
U01003,3,CR00025
U01003,4,CR00048
U01003,5,CR00023
U01004,1,CR00021
U01004,2,CR00058
U01004,3,CR00025
U01004,4,CR00048
U01004,5,CR00023
U01005,1,CR00021
U01005,2,CR00058
U01005,3,CR00025
U01005,4,CR00048
U01005,5,CR00023
U01006,1,CR00021
U01006,2,CR00058
U01006,3,CR00025
U01006,4,CR00048
U01006,5,CR00023
U01007,1,CR00021
U01007,2,CR00058
U01007,3,CR00025
U01007,4,CR00048
U01007,5,CR00023
U01008,1,CR00021
U01008,2,CR00058
U01008,3,CR00025
U01008,4,CR00048
U01008,5,CR00023
U01009,1,CR00021
U01009,2,CR00058
U01009,3,CR00025
U01009,4,CR00048
U01009,5,CR00023
U01010,1,CR00021
U01010,2,CR00058
U01010,3,CR00025
U01010,4,CR00048
U01010,5,CR00023
U01011,1,CR00021
U01011,2,CR00058
U01011,3,CR00025
U01011,4,CR00048
U01011,5,CR00023
U01012,1,CR00021
U01012,2,CR00058
U01012,3,CR00025
U01012,4,CR00048
U01012,5,CR00023
U01013,1,CR00021
U01013,2,CR00058
U01013,3,CR00025
U01013,4,CR00048
U01013,5,CR00023
U01014,1,CR00021
U01014,2,CR00058
U01014,3,CR00025
U01014,4,CR00048
U01014,5,CR00023
U01015,1,CR00021
U01015,2,CR00058
U01015,3,CR00025
U01015,4,CR00048
U01015,5,CR00023
U01016,1,CR00021
U01016,2,CR00058
U01016,3,CR00025
U01016,4,CR00048
U01016,5,CR00023
U01017,1,CR00021
U01017,2,CR00058
U01017,3,CR00025
U01017,4,CR00048
U01017,5,CR00023
U01018,1,CR00021
U01018,2,CR00058
U01018,3,CR00025
U01018,4,CR00048
U01018,5,CR00023
U01019,1,CR00021
U01019,2,CR00058
U01019,3,CR00025
U01019,4,CR00048
U01019,5,CR00023
U01020,1,CR00021
U01020,2,CR00058
U01020,3,CR00025
U01020,4,CR00048
U01020,5,CR00023
U01021,1,CR00021
U01021,2,CR00058
U01021,3,CR00025
U01021,4,CR00048
U01021,5,CR00023
U01022,1,CR00021
U01022,2,CR00058
U01022,3,CR00025
U01022,4,CR00048
U01022,5,CR00023
U01023,1,CR00021
U01023,2,CR00058
U01023,3,CR00025
U01023,4,CR00048
U01023,5,CR00023
U01024,1,CR00021
U01024,2,CR00058
U01024,3,CR00025
U01024,4,CR00048
U01024,5,CR00023
U01025,1,CR00021
U01025,2,CR00058
U01025,3,CR00025
U01025,4,CR00048
U01025,5,CR00023
U01026,1,CR00021
U01026,2,CR00058
U01026,3,CR00025
U01026,4,CR00048
U01026,5,CR00023
U01027,1,CR00021
U01027,2,CR00058
U01027,3,CR00025
U01027,4,CR00048
U01027,5,CR00023
U01028,1,CR00021
U01028,2,CR00058
U01028,3,CR00025
U01028,4,CR00048
U01028,5,CR00023
U01029,1,CR00021
U01029,2,CR00058
U01029,3,CR00025
U01029,4,CR00048
U01029,5,CR00023
U01030,1,CR00021
U01030,2,CR00058
U01030,3,CR00025
U01030,4,CR00048
U01030,5,CR00023
U01031,1,CR00021
U01031,2,CR00058
U01031,3,CR00025
U01031,4,CR00048
U01031,5,CR00023
U01032,1,CR00021
U01032,2,CR00058
U01032,3,CR00025
U01032,4,CR00048
U01032,5,CR00023
U01033,1,CR00021
U01033,2,CR00058
U01033,3,CR00025
U01033,4,CR00048
U01033,5,CR00023
U01034,1,CR00021
U01034,2,CR00058
U01034,3,CR00025
U01034,4,CR00048
U01034,5,CR00023
U01035,1,CR00021
U01035,2,CR00058
U01035,3,CR00025
U01035,4,CR00048
U01035,5,CR00023
U01036,1,CR00021
U01036,2,CR00058
U01036,3,CR00025
U01036,4,CR00048
U01036,5,CR00023
U01037,1,CR00021
U01037,2,CR00058
U01037,3,CR00025
U01037,4,CR00048
U01037,5,CR00023
U01038,1,CR00021
U01038,2,CR00058
U01038,3,CR00025
U01038,4,CR00048
U01038,5,CR00023
U01039,1,CR00021
U01039,2,CR00058
U01039,3,CR00025
U01039,4,CR00048
U01039,5,CR00023
U01040,1,CR00021
U01040,2,CR00058
U01040,3,CR00025
U01040,4,CR00048
U01040,5,CR00023
U01041,1,CR00021
U01041,2,CR00058
U01041,3,CR00025
U01041,4,CR00048
U01041,5,CR00023
U01042,1,CR00021
U01042,2,CR00058
U01042,3,CR00025
U01042,4,CR00048
U01042,5,CR00023
U01043,1,CR00021
U01043,2,CR00058
U01043,3,CR00025
U01043,4,CR00048
U01043,5,CR00023
U01044,1,CR00021
U01044,2,CR00058
U01044,3,CR00025
U01044,4,CR00048
U01044,5,CR00023
U01045,1,CR00021
U01045,2,CR00058
U01045,3,CR00025
U01045,4,CR00048
U01045,5,CR00023
U01046,1,CR00021
U01046,2,CR00058
U01046,3,CR00025
U01046,4,CR00048
U01046,5,CR00023
U01047,1,CR00021
U01047,2,CR00058
U01047,3,CR00025
U01047,4,CR00048
U01047,5,CR00023
U01048,1,CR00021
U01048,2,CR00058
U01048,3,CR00025
U01048,4,CR00048
U01048,5,CR00023
U01049,1,CR00021
U01049,2,CR00058
U01049,3,CR00025
U01049,4,CR00048
U01049,5,CR00023
U01050,1,CR00021
U01050,2,CR00058
U01050,3,CR00025
U01050,4,CR00048
U01050,5,CR00023
U01051,1,CR00021
U01051,2,CR00058
U01051,3,CR00025
U01051,4,CR00048
U01051,5,CR00023
U01052,1,CR00021
U01052,2,CR00058
U01052,3,CR00025
U01052,4,CR00048
U01052,5,CR00023
U01053,1,CR00021
U01053,2,CR00058
U01053,3,CR00025
U01053,4,CR00048
U01053,5,CR00023
U01054,1,CR00021
U01054,2,CR00058
U01054,3,CR00025
U01054,4,CR00048
U01054,5,CR00023
U01055,1,CR00021
U01055,2,CR00058
U01055,3,CR00025
U01055,4,CR00048
U01055,5,CR00023
U01056,1,CR00021
U01056,2,CR00058
U01056,3,CR00025
U01056,4,CR00048
U01056,5,CR00023
U01057,1,CR00021
U01057,2,CR00058
U01057,3,CR00025
U01057,4,CR00048
U01057,5,CR00023
U01058,1,CR00021
U01058,2,CR00058
U01058,3,CR00025
U01058,4,CR00048
U01058,5,CR00023
U01059,1,CR00021
U01059,2,CR00058
U01059,3,CR00025
U01059,4,CR00048
U01059,5,CR00023
U01060,1,CR00021
U01060,2,CR00058
U01060,3,CR00025
U01060,4,CR00048
U01060,5,CR00023
U01061,1,CR00021
U01061,2,CR00058
U01061,3,CR00025
U01061,4,CR00048
U01061,5,CR00023
U01062,1,CR00021
U01062,2,CR00058
U01062,3,CR00025
U01062,4,CR00048
U01062,5,CR00023
U01063,1,CR00021
U01063,2,CR00058
U01063,3,CR00025
U01063,4,CR00048
U01063,5,CR00023
U01064,1,CR00021
U01064,2,CR00058
U01064,3,CR00025
U01064,4,CR00048
U01064,5,CR00023
U01065,1,CR00021
U01065,2,CR00058
U01065,3,CR00025
U01065,4,CR00048
U01065,5,CR00023
U01066,1,CR00021
U01066,2,CR00058
U01066,3,CR00025
U01066,4,CR00048
U01066,5,CR00023
U01067,1,CR00021
U01067,2,CR00058
U01067,3,CR00025
U01067,4,CR00048
U01067,5,CR00023
U01068,1,CR00021
U01068,2,CR00058
U01068,3,CR00025
U01068,4,CR00048
U01068,5,CR00023
U01069,1,CR00021
U01069,2,CR00058
U01069,3,CR00025
U01069,4,CR00048
U01069,5,CR00023
U01070,1,CR00021
U01070,2,CR00058
U01070,3,CR00025
U01070,4,CR00048
U01070,5,CR00023
U01071,1,CR00021
U01071,2,CR00058
U01071,3,CR00025
U01071,4,CR00048
U01071,5,CR00023
U01072,1,CR00021
U01072,2,CR00058
U01072,3,CR00025
U01072,4,CR00048
U01072,5,CR00023
U01073,1,CR00021
U01073,2,CR00058
U01073,3,CR00025
U01073,4,CR00048
U01073,5,CR00023
U01074,1,CR00021
U01074,2,CR00058
U01074,3,CR00025
U01074,4,CR00048
U01074,5,CR00023
U01075,1,CR00021
U01075,2,CR00058
U01075,3,CR00025
U01075,4,CR00048
U01075,5,CR00023
U01076,1,CR00021
U01076,2,CR00058
U01076,3,CR00025
U01076,4,CR00048
U01076,5,CR00023
U01077,1,CR00021
U01077,2,CR00058
U01077,3,CR00025
U01077,4,CR00048
U01077,5,CR00023
U01078,1,CR00021
U01078,2,CR00058
U01078,3,CR00025
U01078,4,CR00048
U01078,5,CR00023
U01079,1,CR00021
U01079,2,CR00058
U01079,3,CR00025
U01079,4,CR00048
U01079,5,CR00023
U01080,1,CR00021
U01080,2,CR00058
U01080,3,CR00025
U01080,4,CR00048
U01080,5,CR00023
U01081,1,CR00021
U01081,2,CR00058
U01081,3,CR00025
U01081,4,CR00048
U01081,5,CR00023
U01082,1,CR00021
U01082,2,CR00058
U01082,3,CR00025
U01082,4,CR00048
U01082,5,CR00023
U01083,1,CR00021
U01083,2,CR00058
U01083,3,CR00025
U01083,4,CR00048
U01083,5,CR00023
U01084,1,CR00021
U01084,2,CR00058
U01084,3,CR00025
U01084,4,CR00048
U01084,5,CR00023
U01085,1,CR00021
U01085,2,CR00058
U01085,3,CR00025
U01085,4,CR00048
U01085,5,CR00023
U01086,1,CR00021
U01086,2,CR00058
U01086,3,CR00025
U01086,4,CR00048
U01086,5,CR00023
U01087,1,CR00021
U01087,2,CR00058
U01087,3,CR00025
U01087,4,CR00048
U01087,5,CR00023
U01088,1,CR00021
U01088,2,CR00058
U01088,3,CR00025
U01088,4,CR00048
U01088,5,CR00023
U01089,1,CR00021
U01089,2,CR00058
U01089,3,CR00025
U01089,4,CR00048
U01089,5,CR00023
U01090,1,CR00021
U01090,2,CR00058
U01090,3,CR00025
U01090,4,CR00048
U01090,5,CR00023
U01091,1,CR00021
U01091,2,CR00058
U01091,3,CR00025
U01091,4,CR00048
U01091,5,CR00023
U01092,1,CR00021
U01092,2,CR00058
U01092,3,CR00025
U01092,4,CR00048
U01092,5,CR00023
U01093,1,CR00021
U01093,2,CR00058
U01093,3,CR00025
U01093,4,CR00048
U01093,5,CR00023
U01094,1,CR00021
U01094,2,CR00058
U01094,3,CR00025
U01094,4,CR00048
U01094,5,CR00023
U01095,1,CR00021
U01095,2,CR00058
U01095,3,CR00025
U01095,4,CR00048
U01095,5,CR00023
U01096,1,CR00021
U01096,2,CR00058
U01096,3,CR00025
U01096,4,CR00048
U01096,5,CR00023
U01097,1,CR00021
U01097,2,CR00058
U01097,3,CR00025
U01097,4,CR00048
U01097,5,CR00023
U01098,1,CR00021
U01098,2,CR00058
U01098,3,CR00025
U01098,4,CR00048
U01098,5,CR00023
U01099,1,CR00021
U01099,2,CR00058
U01099,3,CR00025
U01099,4,CR00048
U01099,5,CR00023
U01100,1,CR00021
U01100,2,CR00058
U01100,3,CR00025
U01100,4,CR00048
U01100,5,CR00023
U01101,1,CR00021
U01101,2,CR00058
U01101,3,CR00025
U01101,4,CR00048
U01101,5,CR00023
U01102,1,CR00021
U01102,2,CR00058
U01102,3,CR00025
U01102,4,CR00048
U01102,5,CR00023
U01103,1,CR00021
U01103,2,CR00058
U01103,3,CR00025
U01103,4,CR00048
U01103,5,CR00023
U01104,1,CR00021
U01104,2,CR00058
U01104,3,CR00025
U01104,4,CR00048
U01104,5,CR00023
U01105,1,CR00021
U01105,2,CR00058
U01105,3,CR00025
U01105,4,CR00048
U01105,5,CR00023
U01106,1,CR00021
U01106,2,CR00058
U01106,3,CR00025
U01106,4,CR00048
U01106,5,CR00023
U01107,1,CR00021
U01107,2,CR00058
U01107,3,CR00025
U01107,4,CR00048
U01107,5,CR00023
U01108,1,CR00021
U01108,2,CR00058
U01108,3,CR00025
U01108,4,CR00048
U01108,5,CR00023
U01109,1,CR00021
U01109,2,CR00058
U01109,3,CR00025
U01109,4,CR00048
U01109,5,CR00023
U01110,1,CR00021
U01110,2,CR00058
U01110,3,CR00025
U01110,4,CR00048
U01110,5,CR00023
U01111,1,CR00021
U01111,2,CR00058
U01111,3,CR00025
U01111,4,CR00048
U01111,5,CR00023
U01112,1,CR00021
U01112,2,CR00058
U01112,3,CR00025
U01112,4,CR00048
U01112,5,CR00023
U01113,1,CR00021
U01113,2,CR00058
U01113,3,CR00025
U01113,4,CR00048
U01113,5,CR00023
U01114,1,CR00021
U01114,2,CR00058
U01114,3,CR00025
U01114,4,CR00048
U01114,5,CR00023
U01115,1,CR00021
U01115,2,CR00058
U01115,3,CR00025
U01115,4,CR00048
U01115,5,CR00023
U01116,1,CR00021
U01116,2,CR00058
U01116,3,CR00025
U01116,4,CR00048
U01116,5,CR00023
U01117,1,CR00021
U01117,2,CR00058
U01117,3,CR00025
U01117,4,CR00048
U01117,5,CR00023
U01118,1,CR00021
U01118,2,CR00058
U01118,3,CR00025
U01118,4,CR00048
U01118,5,CR00023
U01119,1,CR00021
U01119,2,CR00058
U01119,3,CR00025
U01119,4,CR00048
U01119,5,CR00023
U01120,1,CR00021
U01120,2,CR00058
U01120,3,CR00025
U01120,4,CR00048
U01120,5,CR00023
U01121,1,CR00021
U01121,2,CR00058
U01121,3,CR00025
U01121,4,CR00048
U01121,5,CR00023
U01122,1,CR00021
U01122,2,CR00058
U01122,3,CR00025
U01122,4,CR00048
U01122,5,CR00023
U01123,1,CR00021
U01123,2,CR00058
U01123,3,CR00025
U01123,4,CR00048
U01123,5,CR00023
U01124,1,CR00021
U01124,2,CR00058
U01124,3,CR00025
U01124,4,CR00048
U01124,5,CR00023
U01125,1,CR00021
U01125,2,CR00058
U01125,3,CR00025
U01125,4,CR00048
U01125,5,CR00023
U01126,1,CR00021
U01126,2,CR00058
U01126,3,CR00025
U01126,4,CR00048
U01126,5,CR00023
U01127,1,CR00021
U01127,2,CR00058
U01127,3,CR00025
U01127,4,CR00048
U01127,5,CR00023
U01128,1,CR00021
U01128,2,CR00058
U01128,3,CR00025
U01128,4,CR00048
U01128,5,CR00023
U01129,1,CR00021
U01129,2,CR00058
U01129,3,CR00025
U01129,4,CR00048
U01129,5,CR00023
U01130,1,CR00021
U01130,2,CR00058
U01130,3,CR00025
U01130,4,CR00048
U01130,5,CR00023
U01131,1,CR00021
U01131,2,CR00058
U01131,3,CR00025
U01131,4,CR00048
U01131,5,CR00023
U01132,1,CR00021
U01132,2,CR00058
U01132,3,CR00025
U01132,4,CR00048
U01132,5,CR00023
U01133,1,CR00021
U01133,2,CR00058
U01133,3,CR00025
U01133,4,CR00048
U01133,5,CR00023
U01134,1,CR00021
U01134,2,CR00058
U01134,3,CR00025
U01134,4,CR00048
U01134,5,CR00023
U01135,1,CR00021
U01135,2,CR00058
U01135,3,CR00025
U01135,4,CR00048
U01135,5,CR00023
U01136,1,CR00021
U01136,2,CR00058
U01136,3,CR00025
U01136,4,CR00048
U01136,5,CR00023
U01137,1,CR00021
U01137,2,CR00058
U01137,3,CR00025
U01137,4,CR00048
U01137,5,CR00023
U01138,1,CR00021
U01138,2,CR00058
U01138,3,CR00025
U01138,4,CR00048
U01138,5,CR00023
U01139,1,CR00021
U01139,2,CR00058
U01139,3,CR00025
U01139,4,CR00048
U01139,5,CR00023
U01140,1,CR00021
U01140,2,CR00058
U01140,3,CR00025
U01140,4,CR00048
U01140,5,CR00023
U01141,1,CR00021
U01141,2,CR00058
U01141,3,CR00025
U01141,4,CR00048
U01141,5,CR00023
U01142,1,CR00021
U01142,2,CR00058
U01142,3,CR00025
U01142,4,CR00048
U01142,5,CR00023
U01143,1,CR00021
U01143,2,CR00058
U01143,3,CR00025
U01143,4,CR00048
U01143,5,CR00023
U01144,1,CR00021
U01144,2,CR00058
U01144,3,CR00025
U01144,4,CR00048
U01144,5,CR00023
U01145,1,CR00021
U01145,2,CR00058
U01145,3,CR00025
U01145,4,CR00048
U01145,5,CR00023
U01146,1,CR00021
U01146,2,CR00058
U01146,3,CR00025
U01146,4,CR00048
U01146,5,CR00023
U01147,1,CR00021
U01147,2,CR00058
U01147,3,CR00025
U01147,4,CR00048
U01147,5,CR00023
U01148,1,CR00021
U01148,2,CR00058
U01148,3,CR00025
U01148,4,CR00048
U01148,5,CR00023
U01149,1,CR00021
U01149,2,CR00058
U01149,3,CR00025
U01149,4,CR00048
U01149,5,CR00023
U01150,1,CR00021
U01150,2,CR00058
U01150,3,CR00025
U01150,4,CR00048
U01150,5,CR00023
U01151,1,CR00021
U01151,2,CR00058
U01151,3,CR00025
U01151,4,CR00048
U01151,5,CR00023
U01152,1,CR00021
U01152,2,CR00058
U01152,3,CR00025
U01152,4,CR00048
U01152,5,CR00023
U01153,1,CR00021
U01153,2,CR00058
U01153,3,CR00025
U01153,4,CR00048
U01153,5,CR00023
U01154,1,CR00021
U01154,2,CR00058
U01154,3,CR00025
U01154,4,CR00048
U01154,5,CR00023
U01155,1,CR00021
U01155,2,CR00058
U01155,3,CR00025
U01155,4,CR00048
U01155,5,CR00023
U01156,1,CR00021
U01156,2,CR00058
U01156,3,CR00025
U01156,4,CR00048
U01156,5,CR00023
U01157,1,CR00021
U01157,2,CR00058
U01157,3,CR00025
U01157,4,CR00048
U01157,5,CR00023
U01158,1,CR00021
U01158,2,CR00058
U01158,3,CR00025
U01158,4,CR00048
U01158,5,CR00023
U01159,1,CR00021
U01159,2,CR00058
U01159,3,CR00025
U01159,4,CR00048
U01159,5,CR00023
U01160,1,CR00021
U01160,2,CR00058
U01160,3,CR00025
U01160,4,CR00048
U01160,5,CR00023
U01161,1,CR00021
U01161,2,CR00058
U01161,3,CR00025
U01161,4,CR00048
U01161,5,CR00023
U01162,1,CR00021
U01162,2,CR00058
U01162,3,CR00025
U01162,4,CR00048
U01162,5,CR00023
U01163,1,CR00021
U01163,2,CR00058
U01163,3,CR00025
U01163,4,CR00048
U01163,5,CR00023
U01164,1,CR00021
U01164,2,CR00058
U01164,3,CR00025
U01164,4,CR00048
U01164,5,CR00023
U01165,1,CR00021
U01165,2,CR00058
U01165,3,CR00025
U01165,4,CR00048
U01165,5,CR00023
U01166,1,CR00021
U01166,2,CR00058
U01166,3,CR00025
U01166,4,CR00048
U01166,5,CR00023
U01167,1,CR00021
U01167,2,CR00058
U01167,3,CR00025
U01167,4,CR00048
U01167,5,CR00023
U01168,1,CR00021
U01168,2,CR00058
U01168,3,CR00025
U01168,4,CR00048
U01168,5,CR00023
U01169,1,CR00021
U01169,2,CR00058
U01169,3,CR00025
U01169,4,CR00048
U01169,5,CR00023
U01170,1,CR00021
U01170,2,CR00058
U01170,3,CR00025
U01170,4,CR00048
U01170,5,CR00023
U01171,1,CR00021
U01171,2,CR00058
U01171,3,CR00025
U01171,4,CR00048
U01171,5,CR00023
U01172,1,CR00021
U01172,2,CR00058
U01172,3,CR00025
U01172,4,CR00048
U01172,5,CR00023
U01173,1,CR00021
U01173,2,CR00058
U01173,3,CR00025
U01173,4,CR00048
U01173,5,CR00023
U01174,1,CR00021
U01174,2,CR00058
U01174,3,CR00025
U01174,4,CR00048
U01174,5,CR00023
U01175,1,CR00021
U01175,2,CR00058
U01175,3,CR00025
U01175,4,CR00048
U01175,5,CR00023
U01176,1,CR00021
U01176,2,CR00058
U01176,3,CR00025
U01176,4,CR00048
U01176,5,CR00023
U01177,1,CR00021
U01177,2,CR00058
U01177,3,CR00025
U01177,4,CR00048
U01177,5,CR00023
U01178,1,CR00021
U01178,2,CR00058
U01178,3,CR00025
U01178,4,CR00048
U01178,5,CR00023
U01179,1,CR00021
U01179,2,CR00058
U01179,3,CR00025
U01179,4,CR00048
U01179,5,CR00023
U01180,1,CR00021
U01180,2,CR00058
U01180,3,CR00025
U01180,4,CR00048
U01180,5,CR00023
U01181,1,CR00021
U01181,2,CR00058
U01181,3,CR00025
U01181,4,CR00048
U01181,5,CR00023
U01182,1,CR00021
U01182,2,CR00058
U01182,3,CR00025
U01182,4,CR00048
U01182,5,CR00023
U01183,1,CR00021
U01183,2,CR00058
U01183,3,CR00025
U01183,4,CR00048
U01183,5,CR00023
U01184,1,CR00021
U01184,2,CR00058
U01184,3,CR00025
U01184,4,CR00048
U01184,5,CR00023
U01185,1,CR00021
U01185,2,CR00058
U01185,3,CR00025
U01185,4,CR00048
U01185,5,CR00023
U01186,1,CR00021
U01186,2,CR00058
U01186,3,CR00025
U01186,4,CR00048
U01186,5,CR00023
U01187,1,CR00021
U01187,2,CR00058
U01187,3,CR00025
U01187,4,CR00048
U01187,5,CR00023
U01188,1,CR00021
U01188,2,CR00058
U01188,3,CR00025
U01188,4,CR00048
U01188,5,CR00023
U01189,1,CR00021
U01189,2,CR00058
U01189,3,CR00025
U01189,4,CR00048
U01189,5,CR00023
U01190,1,CR00021
U01190,2,CR00058
U01190,3,CR00025
U01190,4,CR00048
U01190,5,CR00023
U01191,1,CR00021
U01191,2,CR00058
U01191,3,CR00025
U01191,4,CR00048
U01191,5,CR00023
U01192,1,CR00021
U01192,2,CR00058
U01192,3,CR00025
U01192,4,CR00048
U01192,5,CR00023
U01193,1,CR00021
U01193,2,CR00058
U01193,3,CR00025
U01193,4,CR00048
U01193,5,CR00023
U01194,1,CR00021
U01194,2,CR00058
U01194,3,CR00025
U01194,4,CR00048
U01194,5,CR00023
U01195,1,CR00021
U01195,2,CR00058
U01195,3,CR00025
U01195,4,CR00048
U01195,5,CR00023
U01196,1,CR00021
U01196,2,CR00058
U01196,3,CR00025
U01196,4,CR00048
U01196,5,CR00023
U01197,1,CR00021
U01197,2,CR00058
U01197,3,CR00025
U01197,4,CR00048
U01197,5,CR00023
U01198,1,CR00021
U01198,2,CR00058
U01198,3,CR00025
U01198,4,CR00048
U01198,5,CR00023
U01199,1,CR00021
U01199,2,CR00058
U01199,3,CR00025
U01199,4,CR00048
U01199,5,CR00023
U01200,1,CR00021
U01200,2,CR00058
U01200,3,CR00025
U01200,4,CR00048
U01200,5,CR00023
U01201,1,CR00021
U01201,2,CR00058
U01201,3,CR00025
U01201,4,CR00048
U01201,5,CR00023
U01202,1,CR00021
U01202,2,CR00058
U01202,3,CR00025
U01202,4,CR00048
U01202,5,CR00023
U01203,1,CR00021
U01203,2,CR00058
U01203,3,CR00025
U01203,4,CR00048
U01203,5,CR00023
U01204,1,CR00021
U01204,2,CR00058
U01204,3,CR00025
U01204,4,CR00048
U01204,5,CR00023
U01205,1,CR00021
U01205,2,CR00058
U01205,3,CR00025
U01205,4,CR00048
U01205,5,CR00023
U01206,1,CR00021
U01206,2,CR00058
U01206,3,CR00025
U01206,4,CR00048
U01206,5,CR00023
U01207,1,CR00021
U01207,2,CR00058
U01207,3,CR00025
U01207,4,CR00048
U01207,5,CR00023
U01208,1,CR00021
U01208,2,CR00058
U01208,3,CR00025
U01208,4,CR00048
U01208,5,CR00023
U01209,1,CR00021
U01209,2,CR00058
U01209,3,CR00025
U01209,4,CR00048
U01209,5,CR00023
U01210,1,CR00021
U01210,2,CR00058
U01210,3,CR00025
U01210,4,CR00048
U01210,5,CR00023
U01211,1,CR00021
U01211,2,CR00058
U01211,3,CR00025
U01211,4,CR00048
U01211,5,CR00023
U01212,1,CR00021
U01212,2,CR00058
U01212,3,CR00025
U01212,4,CR00048
U01212,5,CR00023
U01213,1,CR00021
U01213,2,CR00058
U01213,3,CR00025
U01213,4,CR00048
U01213,5,CR00023
U01214,1,CR00021
U01214,2,CR00058
U01214,3,CR00025
U01214,4,CR00048
U01214,5,CR00023
U01215,1,CR00021
U01215,2,CR00058
U01215,3,CR00025
U01215,4,CR00048
U01215,5,CR00023
U01216,1,CR00021
U01216,2,CR00058
U01216,3,CR00025
U01216,4,CR00048
U01216,5,CR00023
U01217,1,CR00021
U01217,2,CR00058
U01217,3,CR00025
U01217,4,CR00048
U01217,5,CR00023
U01218,1,CR00021
U01218,2,CR00058
U01218,3,CR00025
U01218,4,CR00048
U01218,5,CR00023
U01219,1,CR00021
U01219,2,CR00058
U01219,3,CR00025
U01219,4,CR00048
U01219,5,CR00023
U01220,1,CR00021
U01220,2,CR00058
U01220,3,CR00025
U01220,4,CR00048
U01220,5,CR00023
U01221,1,CR00021
U01221,2,CR00058
U01221,3,CR00025
U01221,4,CR00048
U01221,5,CR00023
U01222,1,CR00021
U01222,2,CR00058
U01222,3,CR00025
U01222,4,CR00048
U01222,5,CR00023
U01223,1,CR00021
U01223,2,CR00058
U01223,3,CR00025
U01223,4,CR00048
U01223,5,CR00023
U01224,1,CR00021
U01224,2,CR00058
U01224,3,CR00025
U01224,4,CR00048
U01224,5,CR00023
U01225,1,CR00021
U01225,2,CR00058
U01225,3,CR00025
U01225,4,CR00048
U01225,5,CR00023
U01226,1,CR00021
U01226,2,CR00058
U01226,3,CR00025
U01226,4,CR00048
U01226,5,CR00023
U01227,1,CR00021
U01227,2,CR00058
U01227,3,CR00025
U01227,4,CR00048
U01227,5,CR00023
U01228,1,CR00021
U01228,2,CR00058
U01228,3,CR00025
U01228,4,CR00048
U01228,5,CR00023
U01229,1,CR00021
U01229,2,CR00058
U01229,3,CR00025
U01229,4,CR00048
U01229,5,CR00023
U01230,1,CR00021
U01230,2,CR00058
U01230,3,CR00025
U01230,4,CR00048
U01230,5,CR00023
U01231,1,CR00021
U01231,2,CR00058
U01231,3,CR00025
U01231,4,CR00048
U01231,5,CR00023
U01232,1,CR00021
U01232,2,CR00058
U01232,3,CR00025
U01232,4,CR00048
U01232,5,CR00023
U01233,1,CR00021
U01233,2,CR00058
U01233,3,CR00025
U01233,4,CR00048
U01233,5,CR00023
U01234,1,CR00021
U01234,2,CR00058
U01234,3,CR00025
U01234,4,CR00048
U01234,5,CR00023
U01235,1,CR00021
U01235,2,CR00058
U01235,3,CR00025
U01235,4,CR00048
U01235,5,CR00023
U01236,1,CR00021
U01236,2,CR00058
U01236,3,CR00025
U01236,4,CR00048
U01236,5,CR00023
U01237,1,CR00021
U01237,2,CR00058
U01237,3,CR00025
U01237,4,CR00048
U01237,5,CR00023
U01238,1,CR00021
U01238,2,CR00058
U01238,3,CR00025
U01238,4,CR00048
U01238,5,CR00023
U01239,1,CR00021
U01239,2,CR00058
U01239,3,CR00025
U01239,4,CR00048
U01239,5,CR00023
U01240,1,CR00021
U01240,2,CR00058
U01240,3,CR00025
U01240,4,CR00048
U01240,5,CR00023
U01241,1,CR00021
U01241,2,CR00058
U01241,3,CR00025
U01241,4,CR00048
U01241,5,CR00023
U01242,1,CR00021
U01242,2,CR00058
U01242,3,CR00025
U01242,4,CR00048
U01242,5,CR00023
U01243,1,CR00021
U01243,2,CR00058
U01243,3,CR00025
U01243,4,CR00048
U01243,5,CR00023
U01244,1,CR00021
U01244,2,CR00058
U01244,3,CR00025
U01244,4,CR00048
U01244,5,CR00023
U01245,1,CR00021
U01245,2,CR00058
U01245,3,CR00025
U01245,4,CR00048
U01245,5,CR00023
U01246,1,CR00021
U01246,2,CR00058
U01246,3,CR00025
U01246,4,CR00048
U01246,5,CR00023
U01247,1,CR00021
U01247,2,CR00058
U01247,3,CR00025
U01247,4,CR00048
U01247,5,CR00023
U01248,1,CR00021
U01248,2,CR00058
U01248,3,CR00025
U01248,4,CR00048
U01248,5,CR00023
U01249,1,CR00021
U01249,2,CR00058
U01249,3,CR00025
U01249,4,CR00048
U01249,5,CR00023
U01250,1,CR00021
U01250,2,CR00058
U01250,3,CR00025
U01250,4,CR00048
U01250,5,CR00023
U01251,1,CR00021
U01251,2,CR00058
U01251,3,CR00025
U01251,4,CR00048
U01251,5,CR00023
U01252,1,CR00021
U01252,2,CR00058
U01252,3,CR00025
U01252,4,CR00048
U01252,5,CR00023
U01253,1,CR00021
U01253,2,CR00058
U01253,3,CR00025
U01253,4,CR00048
U01253,5,CR00023
U01254,1,CR00021
U01254,2,CR00058
U01254,3,CR00025
U01254,4,CR00048
U01254,5,CR00023
U01255,1,CR00021
U01255,2,CR00058
U01255,3,CR00025
U01255,4,CR00048
U01255,5,CR00023
U01256,1,CR00021
U01256,2,CR00058
U01256,3,CR00025
U01256,4,CR00048
U01256,5,CR00023
U01257,1,CR00021
U01257,2,CR00058
U01257,3,CR00025
U01257,4,CR00048
U01257,5,CR00023
U01258,1,CR00021
U01258,2,CR00058
U01258,3,CR00025
U01258,4,CR00048
U01258,5,CR00023
U01259,1,CR00021
U01259,2,CR00058
U01259,3,CR00025
U01259,4,CR00048
U01259,5,CR00023
U01260,1,CR00021
U01260,2,CR00058
U01260,3,CR00025
U01260,4,CR00048
U01260,5,CR00023
U01261,1,CR00021
U01261,2,CR00058
U01261,3,CR00025
U01261,4,CR00048
U01261,5,CR00023
U01262,1,CR00021
U01262,2,CR00058
U01262,3,CR00025
U01262,4,CR00048
U01262,5,CR00023
U01263,1,CR00021
U01263,2,CR00058
U01263,3,CR00025
U01263,4,CR00048
U01263,5,CR00023
U01264,1,CR00021
U01264,2,CR00058
U01264,3,CR00025
U01264,4,CR00048
U01264,5,CR00023
U01265,1,CR00021
U01265,2,CR00058
U01265,3,CR00025
U01265,4,CR00048
U01265,5,CR00023
U01266,1,CR00021
U01266,2,CR00058
U01266,3,CR00025
U01266,4,CR00048
U01266,5,CR00023
U01267,1,CR00021
U01267,2,CR00058
U01267,3,CR00025
U01267,4,CR00048
U01267,5,CR00023
U01268,1,CR00021
U01268,2,CR00058
U01268,3,CR00025
U01268,4,CR00048
U01268,5,CR00023
U01269,1,CR00021
U01269,2,CR00058
U01269,3,CR00025
U01269,4,CR00048
U01269,5,CR00023
U01270,1,CR00021
U01270,2,CR00058
U01270,3,CR00025
U01270,4,CR00048
U01270,5,CR00023
U01271,1,CR00021
U01271,2,CR00058
U01271,3,CR00025
U01271,4,CR00048
U01271,5,CR00023
U01272,1,CR00021
U01272,2,CR00058
U01272,3,CR00025
U01272,4,CR00048
U01272,5,CR00023
U01273,1,CR00021
U01273,2,CR00058
U01273,3,CR00025
U01273,4,CR00048
U01273,5,CR00023
U01274,1,CR00021
U01274,2,CR00058
U01274,3,CR00025
U01274,4,CR00048
U01274,5,CR00023
U01275,1,CR00021
U01275,2,CR00058
U01275,3,CR00025
U01275,4,CR00048
U01275,5,CR00023
U01276,1,CR00021
U01276,2,CR00058
U01276,3,CR00025
U01276,4,CR00048
U01276,5,CR00023
U01277,1,CR00021
U01277,2,CR00058
U01277,3,CR00025
U01277,4,CR00048
U01277,5,CR00023
U01278,1,CR00021
U01278,2,CR00058
U01278,3,CR00025
U01278,4,CR00048
U01278,5,CR00023
U01279,1,CR00021
U01279,2,CR00058
U01279,3,CR00025
U01279,4,CR00048
U01279,5,CR00023
U01280,1,CR00021
U01280,2,CR00058
U01280,3,CR00025
U01280,4,CR00048
U01280,5,CR00023
U01281,1,CR00021
U01281,2,CR00058
U01281,3,CR00025
U01281,4,CR00048
U01281,5,CR00023
U01282,1,CR00021
U01282,2,CR00058
U01282,3,CR00025
U01282,4,CR00048
U01282,5,CR00023
U01283,1,CR00021
U01283,2,CR00058
U01283,3,CR00025
U01283,4,CR00048
U01283,5,CR00023
U01284,1,CR00021
U01284,2,CR00058
U01284,3,CR00025
U01284,4,CR00048
U01284,5,CR00023
U01285,1,CR00021
U01285,2,CR00058
U01285,3,CR00025
U01285,4,CR00048
U01285,5,CR00023
U01286,1,CR00021
U01286,2,CR00058
U01286,3,CR00025
U01286,4,CR00048
U01286,5,CR00023
U01287,1,CR00021
U01287,2,CR00058
U01287,3,CR00025
U01287,4,CR00048
U01287,5,CR00023
U01288,1,CR00021
U01288,2,CR00058
U01288,3,CR00025
U01288,4,CR00048
U01288,5,CR00023
U01289,1,CR00021
U01289,2,CR00058
U01289,3,CR00025
U01289,4,CR00048
U01289,5,CR00023
U01290,1,CR00021
U01290,2,CR00058
U01290,3,CR00025
U01290,4,CR00048
U01290,5,CR00023
U01291,1,CR00021
U01291,2,CR00058
U01291,3,CR00025
U01291,4,CR00048
U01291,5,CR00023
U01292,1,CR00021
U01292,2,CR00058
U01292,3,CR00025
U01292,4,CR00048
U01292,5,CR00023
U01293,1,CR00021
U01293,2,CR00058
U01293,3,CR00025
U01293,4,CR00048
U01293,5,CR00023
U01294,1,CR00021
U01294,2,CR00058
U01294,3,CR00025
U01294,4,CR00048
U01294,5,CR00023
U01295,1,CR00021
U01295,2,CR00058
U01295,3,CR00025
U01295,4,CR00048
U01295,5,CR00023
U01296,1,CR00021
U01296,2,CR00058
U01296,3,CR00025
U01296,4,CR00048
U01296,5,CR00023
U01297,1,CR00021
U01297,2,CR00058
U01297,3,CR00025
U01297,4,CR00048
U01297,5,CR00023
U01298,1,CR00021
U01298,2,CR00058
U01298,3,CR00025
U01298,4,CR00048
U01298,5,CR00023
U01299,1,CR00021
U01299,2,CR00058
U01299,3,CR00025
U01299,4,CR00048
U01299,5,CR00023
U01300,1,CR00021
U01300,2,CR00058
U01300,3,CR00025
U01300,4,CR00048
U01300,5,CR00023
U01301,1,CR00021
U01301,2,CR00058
U01301,3,CR00025
U01301,4,CR00048
U01301,5,CR00023
U01302,1,CR00021
U01302,2,CR00058
U01302,3,CR00025
U01302,4,CR00048
U01302,5,CR00023
U01303,1,CR00021
U01303,2,CR00058
U01303,3,CR00025
U01303,4,CR00048
U01303,5,CR00023
U01304,1,CR00021
U01304,2,CR00058
U01304,3,CR00025
U01304,4,CR00048
U01304,5,CR00023
U01305,1,CR00021
U01305,2,CR00058
U01305,3,CR00025
U01305,4,CR00048
U01305,5,CR00023
U01306,1,CR00021
U01306,2,CR00058
U01306,3,CR00025
U01306,4,CR00048
U01306,5,CR00023
U01307,1,CR00021
U01307,2,CR00058
U01307,3,CR00025
U01307,4,CR00048
U01307,5,CR00023
U01308,1,CR00021
U01308,2,CR00058
U01308,3,CR00025
U01308,4,CR00048
U01308,5,CR00023
U01309,1,CR00021
U01309,2,CR00058
U01309,3,CR00025
U01309,4,CR00048
U01309,5,CR00023
U01310,1,CR00021
U01310,2,CR00058
U01310,3,CR00025
U01310,4,CR00048
U01310,5,CR00023
U01311,1,CR00021
U01311,2,CR00058
U01311,3,CR00025
U01311,4,CR00048
U01311,5,CR00023
U01312,1,CR00021
U01312,2,CR00058
U01312,3,CR00025
U01312,4,CR00048
U01312,5,CR00023
U01313,1,CR00021
U01313,2,CR00058
U01313,3,CR00025
U01313,4,CR00048
U01313,5,CR00023
U01314,1,CR00021
U01314,2,CR00058
U01314,3,CR00025
U01314,4,CR00048
U01314,5,CR00023
U01315,1,CR00021
U01315,2,CR00058
U01315,3,CR00025
U01315,4,CR00048
U01315,5,CR00023
U01316,1,CR00021
U01316,2,CR00058
U01316,3,CR00025
U01316,4,CR00048
U01316,5,CR00023
U01317,1,CR00021
U01317,2,CR00058
U01317,3,CR00025
U01317,4,CR00048
U01317,5,CR00023
U01318,1,CR00021
U01318,2,CR00058
U01318,3,CR00025
U01318,4,CR00048
U01318,5,CR00023
U01319,1,CR00021
U01319,2,CR00058
U01319,3,CR00025
U01319,4,CR00048
U01319,5,CR00023
U01320,1,CR00021
U01320,2,CR00058
U01320,3,CR00025
U01320,4,CR00048
U01320,5,CR00023
U01321,1,CR00021
U01321,2,CR00058
U01321,3,CR00025
U01321,4,CR00048
U01321,5,CR00023
U01322,1,CR00021
U01322,2,CR00058
U01322,3,CR00025
U01322,4,CR00048
U01322,5,CR00023
U01323,1,CR00021
U01323,2,CR00058
U01323,3,CR00025
U01323,4,CR00048
U01323,5,CR00023
U01324,1,CR00021
U01324,2,CR00058
U01324,3,CR00025
U01324,4,CR00048
U01324,5,CR00023
U01325,1,CR00021
U01325,2,CR00058
U01325,3,CR00025
U01325,4,CR00048
U01325,5,CR00023
U01326,1,CR00021
U01326,2,CR00058
U01326,3,CR00025
U01326,4,CR00048
U01326,5,CR00023
U01327,1,CR00021
U01327,2,CR00058
U01327,3,CR00025
U01327,4,CR00048
U01327,5,CR00023
U01328,1,CR00021
U01328,2,CR00058
U01328,3,CR00025
U01328,4,CR00048
U01328,5,CR00023
U01329,1,CR00021
U01329,2,CR00058
U01329,3,CR00025
U01329,4,CR00048
U01329,5,CR00023
U01330,1,CR00021
U01330,2,CR00058
U01330,3,CR00025
U01330,4,CR00048
U01330,5,CR00023
U01331,1,CR00021
U01331,2,CR00058
U01331,3,CR00025
U01331,4,CR00048
U01331,5,CR00023
U01332,1,CR00021
U01332,2,CR00058
U01332,3,CR00025
U01332,4,CR00048
U01332,5,CR00023
U01333,1,CR00021
U01333,2,CR00058
U01333,3,CR00025
U01333,4,CR00048
U01333,5,CR00023
U01334,1,CR00021
U01334,2,CR00058
U01334,3,CR00025
U01334,4,CR00048
U01334,5,CR00023
U01335,1,CR00021
U01335,2,CR00058
U01335,3,CR00025
U01335,4,CR00048
U01335,5,CR00023
U01336,1,CR00021
U01336,2,CR00058
U01336,3,CR00025
U01336,4,CR00048
U01336,5,CR00023
U01337,1,CR00021
U01337,2,CR00058
U01337,3,CR00025
U01337,4,CR00048
U01337,5,CR00023
U01338,1,CR00021
U01338,2,CR00058
U01338,3,CR00025
U01338,4,CR00048
U01338,5,CR00023
U01339,1,CR00021
U01339,2,CR00058
U01339,3,CR00025
U01339,4,CR00048
U01339,5,CR00023
U01340,1,CR00021
U01340,2,CR00058
U01340,3,CR00025
U01340,4,CR00048
U01340,5,CR00023
U01341,1,CR00021
U01341,2,CR00058
U01341,3,CR00025
U01341,4,CR00048
U01341,5,CR00023
U01342,1,CR00021
U01342,2,CR00058
U01342,3,CR00025
U01342,4,CR00048
U01342,5,CR00023
U01343,1,CR00021
U01343,2,CR00058
U01343,3,CR00025
U01343,4,CR00048
U01343,5,CR00023
U01344,1,CR00021
U01344,2,CR00058
U01344,3,CR00025
U01344,4,CR00048
U01344,5,CR00023
U01345,1,CR00021
U01345,2,CR00058
U01345,3,CR00025
U01345,4,CR00048
U01345,5,CR00023
U01346,1,CR00021
U01346,2,CR00058
U01346,3,CR00025
U01346,4,CR00048
U01346,5,CR00023
U01347,1,CR00021
U01347,2,CR00058
U01347,3,CR00025
U01347,4,CR00048
U01347,5,CR00023
U01348,1,CR00021
U01348,2,CR00058
U01348,3,CR00025
U01348,4,CR00048
U01348,5,CR00023
U01349,1,CR00021
U01349,2,CR00058
U01349,3,CR00025
U01349,4,CR00048
U01349,5,CR00023
U01350,1,CR00021
U01350,2,CR00058
U01350,3,CR00025
U01350,4,CR00048
U01350,5,CR00023
U01351,1,CR00021
U01351,2,CR00058
U01351,3,CR00025
U01351,4,CR00048
U01351,5,CR00023
U01352,1,CR00021
U01352,2,CR00058
U01352,3,CR00025
U01352,4,CR00048
U01352,5,CR00023
U01353,1,CR00021
U01353,2,CR00058
U01353,3,CR00025
U01353,4,CR00048
U01353,5,CR00023
U01354,1,CR00021
U01354,2,CR00058
U01354,3,CR00025
U01354,4,CR00048
U01354,5,CR00023
U01355,1,CR00021
U01355,2,CR00058
U01355,3,CR00025
U01355,4,CR00048
U01355,5,CR00023
U01356,1,CR00021
U01356,2,CR00058
U01356,3,CR00025
U01356,4,CR00048
U01356,5,CR00023
U01357,1,CR00021
U01357,2,CR00058
U01357,3,CR00025
U01357,4,CR00048
U01357,5,CR00023
U01358,1,CR00021
U01358,2,CR00058
U01358,3,CR00025
U01358,4,CR00048
U01358,5,CR00023
U01359,1,CR00021
U01359,2,CR00058
U01359,3,CR00025
U01359,4,CR00048
U01359,5,CR00023
U01360,1,CR00021
U01360,2,CR00058
U01360,3,CR00025
U01360,4,CR00048
U01360,5,CR00023
U01361,1,CR00021
U01361,2,CR00058
U01361,3,CR00025
U01361,4,CR00048
U01361,5,CR00023
U01362,1,CR00021
U01362,2,CR00058
U01362,3,CR00025
U01362,4,CR00048
U01362,5,CR00023
U01363,1,CR00021
U01363,2,CR00058
U01363,3,CR00025
U01363,4,CR00048
U01363,5,CR00023
U01364,1,CR00021
U01364,2,CR00058
U01364,3,CR00025
U01364,4,CR00048
U01364,5,CR00023
U01365,1,CR00021
U01365,2,CR00058
U01365,3,CR00025
U01365,4,CR00048
U01365,5,CR00023
U01366,1,CR00021
U01366,2,CR00058
U01366,3,CR00025
U01366,4,CR00048
U01366,5,CR00023
U01367,1,CR00021
U01367,2,CR00058
U01367,3,CR00025
U01367,4,CR00048
U01367,5,CR00023
U01368,1,CR00021
U01368,2,CR00058
U01368,3,CR00025
U01368,4,CR00048
U01368,5,CR00023
U01369,1,CR00021
U01369,2,CR00058
U01369,3,CR00025
U01369,4,CR00048
U01369,5,CR00023
U01370,1,CR00021
U01370,2,CR00058
U01370,3,CR00025
U01370,4,CR00048
U01370,5,CR00023
U01371,1,CR00021
U01371,2,CR00058
U01371,3,CR00025
U01371,4,CR00048
U01371,5,CR00023
U01372,1,CR00021
U01372,2,CR00058
U01372,3,CR00025
U01372,4,CR00048
U01372,5,CR00023
U01373,1,CR00021
U01373,2,CR00058
U01373,3,CR00025
U01373,4,CR00048
U01373,5,CR00023
U01374,1,CR00021
U01374,2,CR00058
U01374,3,CR00025
U01374,4,CR00048
U01374,5,CR00023
U01375,1,CR00021
U01375,2,CR00058
U01375,3,CR00025
U01375,4,CR00048
U01375,5,CR00023
U01376,1,CR00021
U01376,2,CR00058
U01376,3,CR00025
U01376,4,CR00048
U01376,5,CR00023
U01377,1,CR00021
U01377,2,CR00058
U01377,3,CR00025
U01377,4,CR00048
U01377,5,CR00023
U01378,1,CR00021
U01378,2,CR00058
U01378,3,CR00025
U01378,4,CR00048
U01378,5,CR00023
U01379,1,CR00021
U01379,2,CR00058
U01379,3,CR00025
U01379,4,CR00048
U01379,5,CR00023
U01380,1,CR00021
U01380,2,CR00058
U01380,3,CR00025
U01380,4,CR00048
U01380,5,CR00023
U01381,1,CR00021
U01381,2,CR00058
U01381,3,CR00025
U01381,4,CR00048
U01381,5,CR00023
U01382,1,CR00021
U01382,2,CR00058
U01382,3,CR00025
U01382,4,CR00048
U01382,5,CR00023
U01383,1,CR00021
U01383,2,CR00058
U01383,3,CR00025
U01383,4,CR00048
U01383,5,CR00023
U01384,1,CR00021
U01384,2,CR00058
U01384,3,CR00025
U01384,4,CR00048
U01384,5,CR00023
U01385,1,CR00021
U01385,2,CR00058
U01385,3,CR00025
U01385,4,CR00048
U01385,5,CR00023
U01386,1,CR00021
U01386,2,CR00058
U01386,3,CR00025
U01386,4,CR00048
U01386,5,CR00023
U01387,1,CR00021
U01387,2,CR00058
U01387,3,CR00025
U01387,4,CR00048
U01387,5,CR00023
U01388,1,CR00021
U01388,2,CR00058
U01388,3,CR00025
U01388,4,CR00048
U01388,5,CR00023
U01389,1,CR00021
U01389,2,CR00058
U01389,3,CR00025
U01389,4,CR00048
U01389,5,CR00023
U01390,1,CR00021
U01390,2,CR00058
U01390,3,CR00025
U01390,4,CR00048
U01390,5,CR00023
U01391,1,CR00021
U01391,2,CR00058
U01391,3,CR00025
U01391,4,CR00048
U01391,5,CR00023
U01392,1,CR00021
U01392,2,CR00058
U01392,3,CR00025
U01392,4,CR00048
U01392,5,CR00023
U01393,1,CR00021
U01393,2,CR00058
U01393,3,CR00025
U01393,4,CR00048
U01393,5,CR00023
U01394,1,CR00021
U01394,2,CR00058
U01394,3,CR00025
U01394,4,CR00048
U01394,5,CR00023
U01395,1,CR00021
U01395,2,CR00058
U01395,3,CR00025
U01395,4,CR00048
U01395,5,CR00023
U01396,1,CR00021
U01396,2,CR00058
U01396,3,CR00025
U01396,4,CR00048
U01396,5,CR00023
U01397,1,CR00021
U01397,2,CR00058
U01397,3,CR00025
U01397,4,CR00048
U01397,5,CR00023
U01398,1,CR00021
U01398,2,CR00058
U01398,3,CR00025
U01398,4,CR00048
U01398,5,CR00023
U01399,1,CR00021
U01399,2,CR00058
U01399,3,CR00025
U01399,4,CR00048
U01399,5,CR00023
U01400,1,CR00021
U01400,2,CR00058
U01400,3,CR00025
U01400,4,CR00048
U01400,5,CR00023
U01401,1,CR00021
U01401,2,CR00058
U01401,3,CR00025
U01401,4,CR00048
U01401,5,CR00023
U01402,1,CR00021
U01402,2,CR00058
U01402,3,CR00025
U01402,4,CR00048
U01402,5,CR00023
U01403,1,CR00021
U01403,2,CR00058
U01403,3,CR00025
U01403,4,CR00048
U01403,5,CR00023
U01404,1,CR00021
U01404,2,CR00058
U01404,3,CR00025
U01404,4,CR00048
U01404,5,CR00023
U01405,1,CR00021
U01405,2,CR00058
U01405,3,CR00025
U01405,4,CR00048
U01405,5,CR00023
U01406,1,CR00021
U01406,2,CR00058
U01406,3,CR00025
U01406,4,CR00048
U01406,5,CR00023
U01407,1,CR00021
U01407,2,CR00058
U01407,3,CR00025
U01407,4,CR00048
U01407,5,CR00023
U01408,1,CR00021
U01408,2,CR00058
U01408,3,CR00025
U01408,4,CR00048
U01408,5,CR00023
U01409,1,CR00021
U01409,2,CR00058
U01409,3,CR00025
U01409,4,CR00048
U01409,5,CR00023
U01410,1,CR00021
U01410,2,CR00058
U01410,3,CR00025
U01410,4,CR00048
U01410,5,CR00023
U01411,1,CR00021
U01411,2,CR00058
U01411,3,CR00025
U01411,4,CR00048
U01411,5,CR00023
U01412,1,CR00021
U01412,2,CR00058
U01412,3,CR00025
U01412,4,CR00048
U01412,5,CR00023
U01413,1,CR00021
U01413,2,CR00058
U01413,3,CR00025
U01413,4,CR00048
U01413,5,CR00023
U01414,1,CR00021
U01414,2,CR00058
U01414,3,CR00025
U01414,4,CR00048
U01414,5,CR00023
U01415,1,CR00021
U01415,2,CR00058
U01415,3,CR00025
U01415,4,CR00048
U01415,5,CR00023
U01416,1,CR00021
U01416,2,CR00058
U01416,3,CR00025
U01416,4,CR00048
U01416,5,CR00023
U01417,1,CR00021
U01417,2,CR00058
U01417,3,CR00025
U01417,4,CR00048
U01417,5,CR00023
U01418,1,CR00021
U01418,2,CR00058
U01418,3,CR00025
U01418,4,CR00048
U01418,5,CR00023
U01419,1,CR00021
U01419,2,CR00058
U01419,3,CR00025
U01419,4,CR00048
U01419,5,CR00023
U01420,1,CR00021
U01420,2,CR00058
U01420,3,CR00025
U01420,4,CR00048
U01420,5,CR00023
U01421,1,CR00021
U01421,2,CR00058
U01421,3,CR00025
U01421,4,CR00048
U01421,5,CR00023
U01422,1,CR00021
U01422,2,CR00058
U01422,3,CR00025
U01422,4,CR00048
U01422,5,CR00023
U01423,1,CR00021
U01423,2,CR00058
U01423,3,CR00025
U01423,4,CR00048
U01423,5,CR00023
U01424,1,CR00021
U01424,2,CR00058
U01424,3,CR00025
U01424,4,CR00048
U01424,5,CR00023
U01425,1,CR00021
U01425,2,CR00058
U01425,3,CR00025
U01425,4,CR00048
U01425,5,CR00023
U01426,1,CR00021
U01426,2,CR00058
U01426,3,CR00025
U01426,4,CR00048
U01426,5,CR00023
U01427,1,CR00021
U01427,2,CR00058
U01427,3,CR00025
U01427,4,CR00048
U01427,5,CR00023
U01428,1,CR00021
U01428,2,CR00058
U01428,3,CR00025
U01428,4,CR00048
U01428,5,CR00023
U01429,1,CR00021
U01429,2,CR00058
U01429,3,CR00025
U01429,4,CR00048
U01429,5,CR00023
U01430,1,CR00021
U01430,2,CR00058
U01430,3,CR00025
U01430,4,CR00048
U01430,5,CR00023
U01431,1,CR00021
U01431,2,CR00058
U01431,3,CR00025
U01431,4,CR00048
U01431,5,CR00023
U01432,1,CR00021
U01432,2,CR00058
U01432,3,CR00025
U01432,4,CR00048
U01432,5,CR00023
U01433,1,CR00021
U01433,2,CR00058
U01433,3,CR00025
U01433,4,CR00048
U01433,5,CR00023
U01434,1,CR00021
U01434,2,CR00058
U01434,3,CR00025
U01434,4,CR00048
U01434,5,CR00023
U01435,1,CR00021
U01435,2,CR00058
U01435,3,CR00025
U01435,4,CR00048
U01435,5,CR00023
U01436,1,CR00021
U01436,2,CR00058
U01436,3,CR00025
U01436,4,CR00048
U01436,5,CR00023
U01437,1,CR00021
U01437,2,CR00058
U01437,3,CR00025
U01437,4,CR00048
U01437,5,CR00023
U01438,1,CR00021
U01438,2,CR00058
U01438,3,CR00025
U01438,4,CR00048
U01438,5,CR00023
U01439,1,CR00021
U01439,2,CR00058
U01439,3,CR00025
U01439,4,CR00048
U01439,5,CR00023
U01440,1,CR00021
U01440,2,CR00058
U01440,3,CR00025
U01440,4,CR00048
U01440,5,CR00023
U01441,1,CR00021
U01441,2,CR00058
U01441,3,CR00025
U01441,4,CR00048
U01441,5,CR00023
U01442,1,CR00021
U01442,2,CR00058
U01442,3,CR00025
U01442,4,CR00048
U01442,5,CR00023
U01443,1,CR00021
U01443,2,CR00058
U01443,3,CR00025
U01443,4,CR00048
U01443,5,CR00023
U01444,1,CR00021
U01444,2,CR00058
U01444,3,CR00025
U01444,4,CR00048
U01444,5,CR00023
U01445,1,CR00021
U01445,2,CR00058
U01445,3,CR00025
U01445,4,CR00048
U01445,5,CR00023
U01446,1,CR00021
U01446,2,CR00058
U01446,3,CR00025
U01446,4,CR00048
U01446,5,CR00023
U01447,1,CR00021
U01447,2,CR00058
U01447,3,CR00025
U01447,4,CR00048
U01447,5,CR00023
U01448,1,CR00021
U01448,2,CR00058
U01448,3,CR00025
U01448,4,CR00048
U01448,5,CR00023
U01449,1,CR00021
U01449,2,CR00058
U01449,3,CR00025
U01449,4,CR00048
U01449,5,CR00023
U01450,1,CR00021
U01450,2,CR00058
U01450,3,CR00025
U01450,4,CR00048
U01450,5,CR00023
U01451,1,CR00021
U01451,2,CR00058
U01451,3,CR00025
U01451,4,CR00048
U01451,5,CR00023
U01452,1,CR00021
U01452,2,CR00058
U01452,3,CR00025
U01452,4,CR00048
U01452,5,CR00023
U01453,1,CR00021
U01453,2,CR00058
U01453,3,CR00025
U01453,4,CR00048
U01453,5,CR00023
U01454,1,CR00021
U01454,2,CR00058
U01454,3,CR00025
U01454,4,CR00048
U01454,5,CR00023
U01455,1,CR00021
U01455,2,CR00058
U01455,3,CR00025
U01455,4,CR00048
U01455,5,CR00023
U01456,1,CR00021
U01456,2,CR00058
U01456,3,CR00025
U01456,4,CR00048
U01456,5,CR00023
U01457,1,CR00021
U01457,2,CR00058
U01457,3,CR00025
U01457,4,CR00048
U01457,5,CR00023
U01458,1,CR00021
U01458,2,CR00058
U01458,3,CR00025
U01458,4,CR00048
U01458,5,CR00023
U01459,1,CR00021
U01459,2,CR00058
U01459,3,CR00025
U01459,4,CR00048
U01459,5,CR00023
U01460,1,CR00021
U01460,2,CR00058
U01460,3,CR00025
U01460,4,CR00048
U01460,5,CR00023
U01461,1,CR00021
U01461,2,CR00058
U01461,3,CR00025
U01461,4,CR00048
U01461,5,CR00023
U01462,1,CR00021
U01462,2,CR00058
U01462,3,CR00025
U01462,4,CR00048
U01462,5,CR00023
U01463,1,CR00021
U01463,2,CR00058
U01463,3,CR00025
U01463,4,CR00048
U01463,5,CR00023
U01464,1,CR00021
U01464,2,CR00058
U01464,3,CR00025
U01464,4,CR00048
U01464,5,CR00023
U01465,1,CR00021
U01465,2,CR00058
U01465,3,CR00025
U01465,4,CR00048
U01465,5,CR00023
U01466,1,CR00021
U01466,2,CR00058
U01466,3,CR00025
U01466,4,CR00048
U01466,5,CR00023
U01467,1,CR00021
U01467,2,CR00058
U01467,3,CR00025
U01467,4,CR00048
U01467,5,CR00023
U01468,1,CR00021
U01468,2,CR00058
U01468,3,CR00025
U01468,4,CR00048
U01468,5,CR00023
U01469,1,CR00021
U01469,2,CR00058
U01469,3,CR00025
U01469,4,CR00048
U01469,5,CR00023
U01470,1,CR00021
U01470,2,CR00058
U01470,3,CR00025
U01470,4,CR00048
U01470,5,CR00023
U01471,1,CR00021
U01471,2,CR00058
U01471,3,CR00025
U01471,4,CR00048
U01471,5,CR00023
U01472,1,CR00021
U01472,2,CR00058
U01472,3,CR00025
U01472,4,CR00048
U01472,5,CR00023
U01473,1,CR00021
U01473,2,CR00058
U01473,3,CR00025
U01473,4,CR00048
U01473,5,CR00023
U01474,1,CR00021
U01474,2,CR00058
U01474,3,CR00025
U01474,4,CR00048
U01474,5,CR00023
U01475,1,CR00021
U01475,2,CR00058
U01475,3,CR00025
U01475,4,CR00048
U01475,5,CR00023
U01476,1,CR00021
U01476,2,CR00058
U01476,3,CR00025
U01476,4,CR00048
U01476,5,CR00023
U01477,1,CR00021
U01477,2,CR00058
U01477,3,CR00025
U01477,4,CR00048
U01477,5,CR00023
U01478,1,CR00021
U01478,2,CR00058
U01478,3,CR00025
U01478,4,CR00048
U01478,5,CR00023
U01479,1,CR00021
U01479,2,CR00058
U01479,3,CR00025
U01479,4,CR00048
U01479,5,CR00023
U01480,1,CR00021
U01480,2,CR00058
U01480,3,CR00025
U01480,4,CR00048
U01480,5,CR00023
U01481,1,CR00021
U01481,2,CR00058
U01481,3,CR00025
U01481,4,CR00048
U01481,5,CR00023
U01482,1,CR00021
U01482,2,CR00058
U01482,3,CR00025
U01482,4,CR00048
U01482,5,CR00023
U01483,1,CR00021
U01483,2,CR00058
U01483,3,CR00025
U01483,4,CR00048
U01483,5,CR00023
U01484,1,CR00021
U01484,2,CR00058
U01484,3,CR00025
U01484,4,CR00048
U01484,5,CR00023
U01485,1,CR00021
U01485,2,CR00058
U01485,3,CR00025
U01485,4,CR00048
U01485,5,CR00023
U01486,1,CR00021
U01486,2,CR00058
U01486,3,CR00025
U01486,4,CR00048
U01486,5,CR00023
U01487,1,CR00021
U01487,2,CR00058
U01487,3,CR00025
U01487,4,CR00048
U01487,5,CR00023
U01488,1,CR00021
U01488,2,CR00058
U01488,3,CR00025
U01488,4,CR00048
U01488,5,CR00023
U01489,1,CR00021
U01489,2,CR00058
U01489,3,CR00025
U01489,4,CR00048
U01489,5,CR00023
U01490,1,CR00021
U01490,2,CR00058
U01490,3,CR00025
U01490,4,CR00048
U01490,5,CR00023
U01491,1,CR00021
U01491,2,CR00058
U01491,3,CR00025
U01491,4,CR00048
U01491,5,CR00023
U01492,1,CR00021
U01492,2,CR00058
U01492,3,CR00025
U01492,4,CR00048
U01492,5,CR00023
U01493,1,CR00021
U01493,2,CR00058
U01493,3,CR00025
U01493,4,CR00048
U01493,5,CR00023
U01494,1,CR00021
U01494,2,CR00058
U01494,3,CR00025
U01494,4,CR00048
U01494,5,CR00023
U01495,1,CR00021
U01495,2,CR00058
U01495,3,CR00025
U01495,4,CR00048
U01495,5,CR00023
U01496,1,CR00021
U01496,2,CR00058
U01496,3,CR00025
U01496,4,CR00048
U01496,5,CR00023
U01497,1,CR00021
U01497,2,CR00058
U01497,3,CR00025
U01497,4,CR00048
U01497,5,CR00023
U01498,1,CR00021
U01498,2,CR00058
U01498,3,CR00025
U01498,4,CR00048
U01498,5,CR00023
U01499,1,CR00021
U01499,2,CR00058
U01499,3,CR00025
U01499,4,CR00048
U01499,5,CR00023
U01500,1,CR00021
U01500,2,CR00058
U01500,3,CR00025
U01500,4,CR00048
U01500,5,CR00023
U01501,1,CR00021
U01501,2,CR00058
U01501,3,CR00025
U01501,4,CR00048
U01501,5,CR00023
U01502,1,CR00021
U01502,2,CR00058
U01502,3,CR00025
U01502,4,CR00048
U01502,5,CR00023
U01503,1,CR00021
U01503,2,CR00058
U01503,3,CR00025
U01503,4,CR00048
U01503,5,CR00023
U01504,1,CR00021
U01504,2,CR00058
U01504,3,CR00025
U01504,4,CR00048
U01504,5,CR00023
U01505,1,CR00021
U01505,2,CR00058
U01505,3,CR00025
U01505,4,CR00048
U01505,5,CR00023
U01506,1,CR00021
U01506,2,CR00058
U01506,3,CR00025
U01506,4,CR00048
U01506,5,CR00023
U01507,1,CR00021
U01507,2,CR00058
U01507,3,CR00025
U01507,4,CR00048
U01507,5,CR00023
U01508,1,CR00021
U01508,2,CR00058
U01508,3,CR00025
U01508,4,CR00048
U01508,5,CR00023
U01509,1,CR00021
U01509,2,CR00058
U01509,3,CR00025
U01509,4,CR00048
U01509,5,CR00023
U01510,1,CR00021
U01510,2,CR00058
U01510,3,CR00025
U01510,4,CR00048
U01510,5,CR00023
U01511,1,CR00021
U01511,2,CR00058
U01511,3,CR00025
U01511,4,CR00048
U01511,5,CR00023
U01512,1,CR00021
U01512,2,CR00058
U01512,3,CR00025
U01512,4,CR00048
U01512,5,CR00023
U01513,1,CR00021
U01513,2,CR00058
U01513,3,CR00025
U01513,4,CR00048
U01513,5,CR00023
U01514,1,CR00021
U01514,2,CR00058
U01514,3,CR00025
U01514,4,CR00048
U01514,5,CR00023
U01515,1,CR00021
U01515,2,CR00058
U01515,3,CR00025
U01515,4,CR00048
U01515,5,CR00023
U01516,1,CR00021
U01516,2,CR00058
U01516,3,CR00025
U01516,4,CR00048
U01516,5,CR00023
U01517,1,CR00021
U01517,2,CR00058
U01517,3,CR00025
U01517,4,CR00048
U01517,5,CR00023
U01518,1,CR00021
U01518,2,CR00058
U01518,3,CR00025
U01518,4,CR00048
U01518,5,CR00023
U01519,1,CR00021
U01519,2,CR00058
U01519,3,CR00025
U01519,4,CR00048
U01519,5,CR00023
U01520,1,CR00021
U01520,2,CR00058
U01520,3,CR00025
U01520,4,CR00048
U01520,5,CR00023
U01521,1,CR00021
U01521,2,CR00058
U01521,3,CR00025
U01521,4,CR00048
U01521,5,CR00023
U01522,1,CR00021
U01522,2,CR00058
U01522,3,CR00025
U01522,4,CR00048
U01522,5,CR00023
U01523,1,CR00021
U01523,2,CR00058
U01523,3,CR00025
U01523,4,CR00048
U01523,5,CR00023
U01524,1,CR00021
U01524,2,CR00058
U01524,3,CR00025
U01524,4,CR00048
U01524,5,CR00023
U01525,1,CR00021
U01525,2,CR00058
U01525,3,CR00025
U01525,4,CR00048
U01525,5,CR00023
U01526,1,CR00021
U01526,2,CR00058
U01526,3,CR00025
U01526,4,CR00048
U01526,5,CR00023
U01527,1,CR00021
U01527,2,CR00058
U01527,3,CR00025
U01527,4,CR00048
U01527,5,CR00023
U01528,1,CR00021
U01528,2,CR00058
U01528,3,CR00025
U01528,4,CR00048
U01528,5,CR00023
U01529,1,CR00021
U01529,2,CR00058
U01529,3,CR00025
U01529,4,CR00048
U01529,5,CR00023
U01530,1,CR00021
U01530,2,CR00058
U01530,3,CR00025
U01530,4,CR00048
U01530,5,CR00023
U01531,1,CR00021
U01531,2,CR00058
U01531,3,CR00025
U01531,4,CR00048
U01531,5,CR00023
U01532,1,CR00021
U01532,2,CR00058
U01532,3,CR00025
U01532,4,CR00048
U01532,5,CR00023
U01533,1,CR00021
U01533,2,CR00058
U01533,3,CR00025
U01533,4,CR00048
U01533,5,CR00023
U01534,1,CR00021
U01534,2,CR00058
U01534,3,CR00025
U01534,4,CR00048
U01534,5,CR00023
U01535,1,CR00021
U01535,2,CR00058
U01535,3,CR00025
U01535,4,CR00048
U01535,5,CR00023
U01536,1,CR00021
U01536,2,CR00058
U01536,3,CR00025
U01536,4,CR00048
U01536,5,CR00023
U01537,1,CR00021
U01537,2,CR00058
U01537,3,CR00025
U01537,4,CR00048
U01537,5,CR00023
U01538,1,CR00021
U01538,2,CR00058
U01538,3,CR00025
U01538,4,CR00048
U01538,5,CR00023
U01539,1,CR00021
U01539,2,CR00058
U01539,3,CR00025
U01539,4,CR00048
U01539,5,CR00023
U01540,1,CR00021
U01540,2,CR00058
U01540,3,CR00025
U01540,4,CR00048
U01540,5,CR00023
U01541,1,CR00021
U01541,2,CR00058
U01541,3,CR00025
U01541,4,CR00048
U01541,5,CR00023
U01542,1,CR00021
U01542,2,CR00058
U01542,3,CR00025
U01542,4,CR00048
U01542,5,CR00023
U01543,1,CR00021
U01543,2,CR00058
U01543,3,CR00025
U01543,4,CR00048
U01543,5,CR00023
U01544,1,CR00021
U01544,2,CR00058
U01544,3,CR00025
U01544,4,CR00048
U01544,5,CR00023
U01545,1,CR00021
U01545,2,CR00058
U01545,3,CR00025
U01545,4,CR00048
U01545,5,CR00023
U01546,1,CR00021
U01546,2,CR00058
U01546,3,CR00025
U01546,4,CR00048
U01546,5,CR00023
U01547,1,CR00021
U01547,2,CR00058
U01547,3,CR00025
U01547,4,CR00048
U01547,5,CR00023
U01548,1,CR00021
U01548,2,CR00058
U01548,3,CR00025
U01548,4,CR00048
U01548,5,CR00023
U01549,1,CR00021
U01549,2,CR00058
U01549,3,CR00025
U01549,4,CR00048
U01549,5,CR00023
U01550,1,CR00021
U01550,2,CR00058
U01550,3,CR00025
U01550,4,CR00048
U01550,5,CR00023
U01551,1,CR00021
U01551,2,CR00058
U01551,3,CR00025
U01551,4,CR00048
U01551,5,CR00023
U01552,1,CR00021
U01552,2,CR00058
U01552,3,CR00025
U01552,4,CR00048
U01552,5,CR00023
U01553,1,CR00021
U01553,2,CR00058
U01553,3,CR00025
U01553,4,CR00048
U01553,5,CR00023
U01554,1,CR00021
U01554,2,CR00058
U01554,3,CR00025
U01554,4,CR00048
U01554,5,CR00023
U01555,1,CR00021
U01555,2,CR00058
U01555,3,CR00025
U01555,4,CR00048
U01555,5,CR00023
U01556,1,CR00021
U01556,2,CR00058
U01556,3,CR00025
U01556,4,CR00048
U01556,5,CR00023
U01557,1,CR00021
U01557,2,CR00058
U01557,3,CR00025
U01557,4,CR00048
U01557,5,CR00023
U01558,1,CR00021
U01558,2,CR00058
U01558,3,CR00025
U01558,4,CR00048
U01558,5,CR00023
U01559,1,CR00021
U01559,2,CR00058
U01559,3,CR00025
U01559,4,CR00048
U01559,5,CR00023
U01560,1,CR00021
U01560,2,CR00058
U01560,3,CR00025
U01560,4,CR00048
U01560,5,CR00023
U01561,1,CR00021
U01561,2,CR00058
U01561,3,CR00025
U01561,4,CR00048
U01561,5,CR00023
U01562,1,CR00021
U01562,2,CR00058
U01562,3,CR00025
U01562,4,CR00048
U01562,5,CR00023
U01563,1,CR00021
U01563,2,CR00058
U01563,3,CR00025
U01563,4,CR00048
U01563,5,CR00023
U01564,1,CR00021
U01564,2,CR00058
U01564,3,CR00025
U01564,4,CR00048
U01564,5,CR00023
U01565,1,CR00021
U01565,2,CR00058
U01565,3,CR00025
U01565,4,CR00048
U01565,5,CR00023
U01566,1,CR00021
U01566,2,CR00058
U01566,3,CR00025
U01566,4,CR00048
U01566,5,CR00023
U01567,1,CR00021
U01567,2,CR00058
U01567,3,CR00025
U01567,4,CR00048
U01567,5,CR00023
U01568,1,CR00021
U01568,2,CR00058
U01568,3,CR00025
U01568,4,CR00048
U01568,5,CR00023
U01569,1,CR00021
U01569,2,CR00058
U01569,3,CR00025
U01569,4,CR00048
U01569,5,CR00023
U01570,1,CR00021
U01570,2,CR00058
U01570,3,CR00025
U01570,4,CR00048
U01570,5,CR00023
U01571,1,CR00021
U01571,2,CR00058
U01571,3,CR00025
U01571,4,CR00048
U01571,5,CR00023
U01572,1,CR00021
U01572,2,CR00058
U01572,3,CR00025
U01572,4,CR00048
U01572,5,CR00023
U01573,1,CR00021
U01573,2,CR00058
U01573,3,CR00025
U01573,4,CR00048
U01573,5,CR00023
U01574,1,CR00021
U01574,2,CR00058
U01574,3,CR00025
U01574,4,CR00048
U01574,5,CR00023
U01575,1,CR00021
U01575,2,CR00058
U01575,3,CR00025
U01575,4,CR00048
U01575,5,CR00023
U01576,1,CR00021
U01576,2,CR00058
U01576,3,CR00025
U01576,4,CR00048
U01576,5,CR00023
U01577,1,CR00021
U01577,2,CR00058
U01577,3,CR00025
U01577,4,CR00048
U01577,5,CR00023
U01578,1,CR00021
U01578,2,CR00058
U01578,3,CR00025
U01578,4,CR00048
U01578,5,CR00023
U01579,1,CR00021
U01579,2,CR00058
U01579,3,CR00025
U01579,4,CR00048
U01579,5,CR00023
U01580,1,CR00021
U01580,2,CR00058
U01580,3,CR00025
U01580,4,CR00048
U01580,5,CR00023
U01581,1,CR00021
U01581,2,CR00058
U01581,3,CR00025
U01581,4,CR00048
U01581,5,CR00023
U01582,1,CR00021
U01582,2,CR00058
U01582,3,CR00025
U01582,4,CR00048
U01582,5,CR00023
U01583,1,CR00021
U01583,2,CR00058
U01583,3,CR00025
U01583,4,CR00048
U01583,5,CR00023
U01584,1,CR00021
U01584,2,CR00058
U01584,3,CR00025
U01584,4,CR00048
U01584,5,CR00023
U01585,1,CR00021
U01585,2,CR00058
U01585,3,CR00025
U01585,4,CR00048
U01585,5,CR00023
U01586,1,CR00021
U01586,2,CR00058
U01586,3,CR00025
U01586,4,CR00048
U01586,5,CR00023
U01587,1,CR00021
U01587,2,CR00058
U01587,3,CR00025
U01587,4,CR00048
U01587,5,CR00023
U01588,1,CR00021
U01588,2,CR00058
U01588,3,CR00025
U01588,4,CR00048
U01588,5,CR00023
U01589,1,CR00021
U01589,2,CR00058
U01589,3,CR00025
U01589,4,CR00048
U01589,5,CR00023
U01590,1,CR00021
U01590,2,CR00058
U01590,3,CR00025
U01590,4,CR00048
U01590,5,CR00023
U01591,1,CR00021
U01591,2,CR00058
U01591,3,CR00025
U01591,4,CR00048
U01591,5,CR00023
U01592,1,CR00021
U01592,2,CR00058
U01592,3,CR00025
U01592,4,CR00048
U01592,5,CR00023
U01593,1,CR00021
U01593,2,CR00058
U01593,3,CR00025
U01593,4,CR00048
U01593,5,CR00023
U01594,1,CR00021
U01594,2,CR00058
U01594,3,CR00025
U01594,4,CR00048
U01594,5,CR00023
U01595,1,CR00021
U01595,2,CR00058
U01595,3,CR00025
U01595,4,CR00048
U01595,5,CR00023
U01596,1,CR00021
U01596,2,CR00058
U01596,3,CR00025
U01596,4,CR00048
U01596,5,CR00023
U01597,1,CR00021
U01597,2,CR00058
U01597,3,CR00025
U01597,4,CR00048
U01597,5,CR00023
U01598,1,CR00021
U01598,2,CR00058
U01598,3,CR00025
U01598,4,CR00048
U01598,5,CR00023
U01599,1,CR00021
U01599,2,CR00058
U01599,3,CR00025
U01599,4,CR00048
U01599,5,CR00023
U01600,1,CR00021
U01600,2,CR00058
U01600,3,CR00025
U01600,4,CR00048
U01600,5,CR00023
U01601,1,CR00021
U01601,2,CR00058
U01601,3,CR00025
U01601,4,CR00048
U01601,5,CR00023
U01602,1,CR00021
U01602,2,CR00058
U01602,3,CR00025
U01602,4,CR00048
U01602,5,CR00023
U01603,1,CR00021
U01603,2,CR00058
U01603,3,CR00025
U01603,4,CR00048
U01603,5,CR00023
U01604,1,CR00021
U01604,2,CR00058
U01604,3,CR00025
U01604,4,CR00048
U01604,5,CR00023
U01605,1,CR00021
U01605,2,CR00058
U01605,3,CR00025
U01605,4,CR00048
U01605,5,CR00023
U01606,1,CR00021
U01606,2,CR00058
U01606,3,CR00025
U01606,4,CR00048
U01606,5,CR00023
U01607,1,CR00021
U01607,2,CR00058
U01607,3,CR00025
U01607,4,CR00048
U01607,5,CR00023
U01608,1,CR00021
U01608,2,CR00058
U01608,3,CR00025
U01608,4,CR00048
U01608,5,CR00023
U01609,1,CR00021
U01609,2,CR00058
U01609,3,CR00025
U01609,4,CR00048
U01609,5,CR00023
U01610,1,CR00021
U01610,2,CR00058
U01610,3,CR00025
U01610,4,CR00048
U01610,5,CR00023
U01611,1,CR00021
U01611,2,CR00058
U01611,3,CR00025
U01611,4,CR00048
U01611,5,CR00023
U01612,1,CR00021
U01612,2,CR00058
U01612,3,CR00025
U01612,4,CR00048
U01612,5,CR00023
U01613,1,CR00021
U01613,2,CR00058
U01613,3,CR00025
U01613,4,CR00048
U01613,5,CR00023
U01614,1,CR00021
U01614,2,CR00058
U01614,3,CR00025
U01614,4,CR00048
U01614,5,CR00023
U01615,1,CR00021
U01615,2,CR00058
U01615,3,CR00025
U01615,4,CR00048
U01615,5,CR00023
U01616,1,CR00021
U01616,2,CR00058
U01616,3,CR00025
U01616,4,CR00048
U01616,5,CR00023
U01617,1,CR00021
U01617,2,CR00058
U01617,3,CR00025
U01617,4,CR00048
U01617,5,CR00023
U01618,1,CR00021
U01618,2,CR00058
U01618,3,CR00025
U01618,4,CR00048
U01618,5,CR00023
U01619,1,CR00021
U01619,2,CR00058
U01619,3,CR00025
U01619,4,CR00048
U01619,5,CR00023
U01620,1,CR00021
U01620,2,CR00058
U01620,3,CR00025
U01620,4,CR00048
U01620,5,CR00023
U01621,1,CR00021
U01621,2,CR00058
U01621,3,CR00025
U01621,4,CR00048
U01621,5,CR00023
U01622,1,CR00021
U01622,2,CR00058
U01622,3,CR00025
U01622,4,CR00048
U01622,5,CR00023
U01623,1,CR00021
U01623,2,CR00058
U01623,3,CR00025
U01623,4,CR00048
U01623,5,CR00023
U01624,1,CR00021
U01624,2,CR00058
U01624,3,CR00025
U01624,4,CR00048
U01624,5,CR00023
U01625,1,CR00021
U01625,2,CR00058
U01625,3,CR00025
U01625,4,CR00048
U01625,5,CR00023
U01626,1,CR00021
U01626,2,CR00058
U01626,3,CR00025
U01626,4,CR00048
U01626,5,CR00023
U01627,1,CR00021
U01627,2,CR00058
U01627,3,CR00025
U01627,4,CR00048
U01627,5,CR00023
U01628,1,CR00021
U01628,2,CR00058
U01628,3,CR00025
U01628,4,CR00048
U01628,5,CR00023
U01629,1,CR00021
U01629,2,CR00058
U01629,3,CR00025
U01629,4,CR00048
U01629,5,CR00023
U01630,1,CR00021
U01630,2,CR00058
U01630,3,CR00025
U01630,4,CR00048
U01630,5,CR00023
U01631,1,CR00021
U01631,2,CR00058
U01631,3,CR00025
U01631,4,CR00048
U01631,5,CR00023
U01632,1,CR00021
U01632,2,CR00058
U01632,3,CR00025
U01632,4,CR00048
U01632,5,CR00023
U01633,1,CR00021
U01633,2,CR00058
U01633,3,CR00025
U01633,4,CR00048
U01633,5,CR00023
U01634,1,CR00021
U01634,2,CR00058
U01634,3,CR00025
U01634,4,CR00048
U01634,5,CR00023
U01635,1,CR00021
U01635,2,CR00058
U01635,3,CR00025
U01635,4,CR00048
U01635,5,CR00023
U01636,1,CR00021
U01636,2,CR00058
U01636,3,CR00025
U01636,4,CR00048
U01636,5,CR00023
U01637,1,CR00021
U01637,2,CR00058
U01637,3,CR00025
U01637,4,CR00048
U01637,5,CR00023
U01638,1,CR00021
U01638,2,CR00058
U01638,3,CR00025
U01638,4,CR00048
U01638,5,CR00023
U01639,1,CR00021
U01639,2,CR00058
U01639,3,CR00025
U01639,4,CR00048
U01639,5,CR00023
U01640,1,CR00021
U01640,2,CR00058
U01640,3,CR00025
U01640,4,CR00048
U01640,5,CR00023
U01641,1,CR00021
U01641,2,CR00058
U01641,3,CR00025
U01641,4,CR00048
U01641,5,CR00023
U01642,1,CR00021
U01642,2,CR00058
U01642,3,CR00025
U01642,4,CR00048
U01642,5,CR00023
U01643,1,CR00021
U01643,2,CR00058
U01643,3,CR00025
U01643,4,CR00048
U01643,5,CR00023
U01644,1,CR00021
U01644,2,CR00058
U01644,3,CR00025
U01644,4,CR00048
U01644,5,CR00023
U01645,1,CR00021
U01645,2,CR00058
U01645,3,CR00025
U01645,4,CR00048
U01645,5,CR00023
U01646,1,CR00021
U01646,2,CR00058
U01646,3,CR00025
U01646,4,CR00048
U01646,5,CR00023
U01647,1,CR00021
U01647,2,CR00058
U01647,3,CR00025
U01647,4,CR00048
U01647,5,CR00023
U01648,1,CR00021
U01648,2,CR00058
U01648,3,CR00025
U01648,4,CR00048
U01648,5,CR00023
U01649,1,CR00021
U01649,2,CR00058
U01649,3,CR00025
U01649,4,CR00048
U01649,5,CR00023
U01650,1,CR00021
U01650,2,CR00058
U01650,3,CR00025
U01650,4,CR00048
U01650,5,CR00023
U01651,1,CR00021
U01651,2,CR00058
U01651,3,CR00025
U01651,4,CR00048
U01651,5,CR00023
U01652,1,CR00021
U01652,2,CR00058
U01652,3,CR00025
U01652,4,CR00048
U01652,5,CR00023
U01653,1,CR00021
U01653,2,CR00058
U01653,3,CR00025
U01653,4,CR00048
U01653,5,CR00023
U01654,1,CR00021
U01654,2,CR00058
U01654,3,CR00025
U01654,4,CR00048
U01654,5,CR00023
U01655,1,CR00021
U01655,2,CR00058
U01655,3,CR00025
U01655,4,CR00048
U01655,5,CR00023
U01656,1,CR00021
U01656,2,CR00058
U01656,3,CR00025
U01656,4,CR00048
U01656,5,CR00023
U01657,1,CR00021
U01657,2,CR00058
U01657,3,CR00025
U01657,4,CR00048
U01657,5,CR00023
U01658,1,CR00021
U01658,2,CR00058
U01658,3,CR00025
U01658,4,CR00048
U01658,5,CR00023
U01659,1,CR00021
U01659,2,CR00058
U01659,3,CR00025
U01659,4,CR00048
U01659,5,CR00023
U01660,1,CR00021
U01660,2,CR00058
U01660,3,CR00025
U01660,4,CR00048
U01660,5,CR00023
U01661,1,CR00021
U01661,2,CR00058
U01661,3,CR00025
U01661,4,CR00048
U01661,5,CR00023
U01662,1,CR00021
U01662,2,CR00058
U01662,3,CR00025
U01662,4,CR00048
U01662,5,CR00023
U01663,1,CR00021
U01663,2,CR00058
U01663,3,CR00025
U01663,4,CR00048
U01663,5,CR00023
U01664,1,CR00021
U01664,2,CR00058
U01664,3,CR00025
U01664,4,CR00048
U01664,5,CR00023
U01665,1,CR00021
U01665,2,CR00058
U01665,3,CR00025
U01665,4,CR00048
U01665,5,CR00023
U01666,1,CR00021
U01666,2,CR00058
U01666,3,CR00025
U01666,4,CR00048
U01666,5,CR00023
U01667,1,CR00021
U01667,2,CR00058
U01667,3,CR00025
U01667,4,CR00048
U01667,5,CR00023
U01668,1,CR00021
U01668,2,CR00058
U01668,3,CR00025
U01668,4,CR00048
U01668,5,CR00023
U01669,1,CR00021
U01669,2,CR00058
U01669,3,CR00025
U01669,4,CR00048
U01669,5,CR00023
U01670,1,CR00021
U01670,2,CR00058
U01670,3,CR00025
U01670,4,CR00048
U01670,5,CR00023
U01671,1,CR00021
U01671,2,CR00058
U01671,3,CR00025
U01671,4,CR00048
U01671,5,CR00023
U01672,1,CR00021
U01672,2,CR00058
U01672,3,CR00025
U01672,4,CR00048
U01672,5,CR00023
U01673,1,CR00021
U01673,2,CR00058
U01673,3,CR00025
U01673,4,CR00048
U01673,5,CR00023
U01674,1,CR00021
U01674,2,CR00058
U01674,3,CR00025
U01674,4,CR00048
U01674,5,CR00023
U01675,1,CR00021
U01675,2,CR00058
U01675,3,CR00025
U01675,4,CR00048
U01675,5,CR00023
U01676,1,CR00021
U01676,2,CR00058
U01676,3,CR00025
U01676,4,CR00048
U01676,5,CR00023
U01677,1,CR00021
U01677,2,CR00058
U01677,3,CR00025
U01677,4,CR00048
U01677,5,CR00023
U01678,1,CR00021
U01678,2,CR00058
U01678,3,CR00025
U01678,4,CR00048
U01678,5,CR00023
U01679,1,CR00021
U01679,2,CR00058
U01679,3,CR00025
U01679,4,CR00048
U01679,5,CR00023
U01680,1,CR00021
U01680,2,CR00058
U01680,3,CR00025
U01680,4,CR00048
U01680,5,CR00023
U01681,1,CR00021
U01681,2,CR00058
U01681,3,CR00025
U01681,4,CR00048
U01681,5,CR00023
U01682,1,CR00021
U01682,2,CR00058
U01682,3,CR00025
U01682,4,CR00048
U01682,5,CR00023
U01683,1,CR00021
U01683,2,CR00058
U01683,3,CR00025
U01683,4,CR00048
U01683,5,CR00023
U01684,1,CR00021
U01684,2,CR00058
U01684,3,CR00025
U01684,4,CR00048
U01684,5,CR00023
U01685,1,CR00021
U01685,2,CR00058
U01685,3,CR00025
U01685,4,CR00048
U01685,5,CR00023
U01686,1,CR00021
U01686,2,CR00058
U01686,3,CR00025
U01686,4,CR00048
U01686,5,CR00023
U01687,1,CR00021
U01687,2,CR00058
U01687,3,CR00025
U01687,4,CR00048
U01687,5,CR00023
U01688,1,CR00021
U01688,2,CR00058
U01688,3,CR00025
U01688,4,CR00048
U01688,5,CR00023
U01689,1,CR00021
U01689,2,CR00058
U01689,3,CR00025
U01689,4,CR00048
U01689,5,CR00023
U01690,1,CR00021
U01690,2,CR00058
U01690,3,CR00025
U01690,4,CR00048
U01690,5,CR00023
U01691,1,CR00021
U01691,2,CR00058
U01691,3,CR00025
U01691,4,CR00048
U01691,5,CR00023
U01692,1,CR00021
U01692,2,CR00058
U01692,3,CR00025
U01692,4,CR00048
U01692,5,CR00023
U01693,1,CR00021
U01693,2,CR00058
U01693,3,CR00025
U01693,4,CR00048
U01693,5,CR00023
U01694,1,CR00021
U01694,2,CR00058
U01694,3,CR00025
U01694,4,CR00048
U01694,5,CR00023
U01695,1,CR00021
U01695,2,CR00058
U01695,3,CR00025
U01695,4,CR00048
U01695,5,CR00023
U01696,1,CR00021
U01696,2,CR00058
U01696,3,CR00025
U01696,4,CR00048
U01696,5,CR00023
U01697,1,CR00021
U01697,2,CR00058
U01697,3,CR00025
U01697,4,CR00048
U01697,5,CR00023
U01698,1,CR00021
U01698,2,CR00058
U01698,3,CR00025
U01698,4,CR00048
U01698,5,CR00023
U01699,1,CR00021
U01699,2,CR00058
U01699,3,CR00025
U01699,4,CR00048
U01699,5,CR00023
U01700,1,CR00021
U01700,2,CR00058
U01700,3,CR00025
U01700,4,CR00048
U01700,5,CR00023
U01701,1,CR00021
U01701,2,CR00058
U01701,3,CR00025
U01701,4,CR00048
U01701,5,CR00023
U01702,1,CR00021
U01702,2,CR00058
U01702,3,CR00025
U01702,4,CR00048
U01702,5,CR00023
U01703,1,CR00021
U01703,2,CR00058
U01703,3,CR00025
U01703,4,CR00048
U01703,5,CR00023
U01704,1,CR00021
U01704,2,CR00058
U01704,3,CR00025
U01704,4,CR00048
U01704,5,CR00023
U01705,1,CR00021
U01705,2,CR00058
U01705,3,CR00025
U01705,4,CR00048
U01705,5,CR00023
U01706,1,CR00021
U01706,2,CR00058
U01706,3,CR00025
U01706,4,CR00048
U01706,5,CR00023
U01707,1,CR00021
U01707,2,CR00058
U01707,3,CR00025
U01707,4,CR00048
U01707,5,CR00023
U01708,1,CR00021
U01708,2,CR00058
U01708,3,CR00025
U01708,4,CR00048
U01708,5,CR00023
U01709,1,CR00021
U01709,2,CR00058
U01709,3,CR00025
U01709,4,CR00048
U01709,5,CR00023
U01710,1,CR00021
U01710,2,CR00058
U01710,3,CR00025
U01710,4,CR00048
U01710,5,CR00023
U01711,1,CR00021
U01711,2,CR00058
U01711,3,CR00025
U01711,4,CR00048
U01711,5,CR00023
U01712,1,CR00021
U01712,2,CR00058
U01712,3,CR00025
U01712,4,CR00048
U01712,5,CR00023
U01713,1,CR00021
U01713,2,CR00058
U01713,3,CR00025
U01713,4,CR00048
U01713,5,CR00023
U01714,1,CR00021
U01714,2,CR00058
U01714,3,CR00025
U01714,4,CR00048
U01714,5,CR00023
U01715,1,CR00021
U01715,2,CR00058
U01715,3,CR00025
U01715,4,CR00048
U01715,5,CR00023
U01716,1,CR00021
U01716,2,CR00058
U01716,3,CR00025
U01716,4,CR00048
U01716,5,CR00023
U01717,1,CR00021
U01717,2,CR00058
U01717,3,CR00025
U01717,4,CR00048
U01717,5,CR00023
U01718,1,CR00021
U01718,2,CR00058
U01718,3,CR00025
U01718,4,CR00048
U01718,5,CR00023
U01719,1,CR00021
U01719,2,CR00058
U01719,3,CR00025
U01719,4,CR00048
U01719,5,CR00023
U01720,1,CR00021
U01720,2,CR00058
U01720,3,CR00025
U01720,4,CR00048
U01720,5,CR00023
U01721,1,CR00021
U01721,2,CR00058
U01721,3,CR00025
U01721,4,CR00048
U01721,5,CR00023
U01722,1,CR00021
U01722,2,CR00058
U01722,3,CR00025
U01722,4,CR00048
U01722,5,CR00023
U01723,1,CR00021
U01723,2,CR00058
U01723,3,CR00025
U01723,4,CR00048
U01723,5,CR00023
U01724,1,CR00021
U01724,2,CR00058
U01724,3,CR00025
U01724,4,CR00048
U01724,5,CR00023
U01725,1,CR00021
U01725,2,CR00058
U01725,3,CR00025
U01725,4,CR00048
U01725,5,CR00023
U01726,1,CR00021
U01726,2,CR00058
U01726,3,CR00025
U01726,4,CR00048
U01726,5,CR00023
U01727,1,CR00021
U01727,2,CR00058
U01727,3,CR00025
U01727,4,CR00048
U01727,5,CR00023
U01728,1,CR00021
U01728,2,CR00058
U01728,3,CR00025
U01728,4,CR00048
U01728,5,CR00023
U01729,1,CR00021
U01729,2,CR00058
U01729,3,CR00025
U01729,4,CR00048
U01729,5,CR00023
U01730,1,CR00021
U01730,2,CR00058
U01730,3,CR00025
U01730,4,CR00048
U01730,5,CR00023
U01731,1,CR00021
U01731,2,CR00058
U01731,3,CR00025
U01731,4,CR00048
U01731,5,CR00023
U01732,1,CR00021
U01732,2,CR00058
U01732,3,CR00025
U01732,4,CR00048
U01732,5,CR00023
U01733,1,CR00021
U01733,2,CR00058
U01733,3,CR00025
U01733,4,CR00048
U01733,5,CR00023
U01734,1,CR00021
U01734,2,CR00058
U01734,3,CR00025
U01734,4,CR00048
U01734,5,CR00023
U01735,1,CR00021
U01735,2,CR00058
U01735,3,CR00025
U01735,4,CR00048
U01735,5,CR00023
U01736,1,CR00021
U01736,2,CR00058
U01736,3,CR00025
U01736,4,CR00048
U01736,5,CR00023
U01737,1,CR00021
U01737,2,CR00058
U01737,3,CR00025
U01737,4,CR00048
U01737,5,CR00023
U01738,1,CR00021
U01738,2,CR00058
U01738,3,CR00025
U01738,4,CR00048
U01738,5,CR00023
U01739,1,CR00021
U01739,2,CR00058
U01739,3,CR00025
U01739,4,CR00048
U01739,5,CR00023
U01740,1,CR00021
U01740,2,CR00058
U01740,3,CR00025
U01740,4,CR00048
U01740,5,CR00023
U01741,1,CR00021
U01741,2,CR00058
U01741,3,CR00025
U01741,4,CR00048
U01741,5,CR00023
U01742,1,CR00021
U01742,2,CR00058
U01742,3,CR00025
U01742,4,CR00048
U01742,5,CR00023
U01743,1,CR00021
U01743,2,CR00058
U01743,3,CR00025
U01743,4,CR00048
U01743,5,CR00023
U01744,1,CR00021
U01744,2,CR00058
U01744,3,CR00025
U01744,4,CR00048
U01744,5,CR00023
U01745,1,CR00021
U01745,2,CR00058
U01745,3,CR00025
U01745,4,CR00048
U01745,5,CR00023
U01746,1,CR00021
U01746,2,CR00058
U01746,3,CR00025
U01746,4,CR00048
U01746,5,CR00023
U01747,1,CR00021
U01747,2,CR00058
U01747,3,CR00025
U01747,4,CR00048
U01747,5,CR00023
U01748,1,CR00021
U01748,2,CR00058
U01748,3,CR00025
U01748,4,CR00048
U01748,5,CR00023
U01749,1,CR00021
U01749,2,CR00058
U01749,3,CR00025
U01749,4,CR00048
U01749,5,CR00023
U01750,1,CR00021
U01750,2,CR00058
U01750,3,CR00025
U01750,4,CR00048
U01750,5,CR00023
U01751,1,CR00021
U01751,2,CR00058
U01751,3,CR00025
U01751,4,CR00048
U01751,5,CR00023
U01752,1,CR00021
U01752,2,CR00058
U01752,3,CR00025
U01752,4,CR00048
U01752,5,CR00023
U01753,1,CR00021
U01753,2,CR00058
U01753,3,CR00025
U01753,4,CR00048
U01753,5,CR00023
U01754,1,CR00021
U01754,2,CR00058
U01754,3,CR00025
U01754,4,CR00048
U01754,5,CR00023
U01755,1,CR00021
U01755,2,CR00058
U01755,3,CR00025
U01755,4,CR00048
U01755,5,CR00023
U01756,1,CR00021
U01756,2,CR00058
U01756,3,CR00025
U01756,4,CR00048
U01756,5,CR00023
U01757,1,CR00021
U01757,2,CR00058
U01757,3,CR00025
U01757,4,CR00048
U01757,5,CR00023
U01758,1,CR00021
U01758,2,CR00058
U01758,3,CR00025
U01758,4,CR00048
U01758,5,CR00023
U01759,1,CR00021
U01759,2,CR00058
U01759,3,CR00025
U01759,4,CR00048
U01759,5,CR00023
U01760,1,CR00021
U01760,2,CR00058
U01760,3,CR00025
U01760,4,CR00048
U01760,5,CR00023
U01761,1,CR00021
U01761,2,CR00058
U01761,3,CR00025
U01761,4,CR00048
U01761,5,CR00023
U01762,1,CR00021
U01762,2,CR00058
U01762,3,CR00025
U01762,4,CR00048
U01762,5,CR00023
U01763,1,CR00021
U01763,2,CR00058
U01763,3,CR00025
U01763,4,CR00048
U01763,5,CR00023
U01764,1,CR00021
U01764,2,CR00058
U01764,3,CR00025
U01764,4,CR00048
U01764,5,CR00023
U01765,1,CR00021
U01765,2,CR00058
U01765,3,CR00025
U01765,4,CR00048
U01765,5,CR00023
U01766,1,CR00021
U01766,2,CR00058
U01766,3,CR00025
U01766,4,CR00048
U01766,5,CR00023
U01767,1,CR00021
U01767,2,CR00058
U01767,3,CR00025
U01767,4,CR00048
U01767,5,CR00023
U01768,1,CR00021
U01768,2,CR00058
U01768,3,CR00025
U01768,4,CR00048
U01768,5,CR00023
U01769,1,CR00021
U01769,2,CR00058
U01769,3,CR00025
U01769,4,CR00048
U01769,5,CR00023
U01770,1,CR00021
U01770,2,CR00058
U01770,3,CR00025
U01770,4,CR00048
U01770,5,CR00023
U01771,1,CR00021
U01771,2,CR00058
U01771,3,CR00025
U01771,4,CR00048
U01771,5,CR00023
U01772,1,CR00021
U01772,2,CR00058
U01772,3,CR00025
U01772,4,CR00048
U01772,5,CR00023
U01773,1,CR00021
U01773,2,CR00058
U01773,3,CR00025
U01773,4,CR00048
U01773,5,CR00023
U01774,1,CR00021
U01774,2,CR00058
U01774,3,CR00025
U01774,4,CR00048
U01774,5,CR00023
U01775,1,CR00021
U01775,2,CR00058
U01775,3,CR00025
U01775,4,CR00048
U01775,5,CR00023
U01776,1,CR00021
U01776,2,CR00058
U01776,3,CR00025
U01776,4,CR00048
U01776,5,CR00023
U01777,1,CR00021
U01777,2,CR00058
U01777,3,CR00025
U01777,4,CR00048
U01777,5,CR00023
U01778,1,CR00021
U01778,2,CR00058
U01778,3,CR00025
U01778,4,CR00048
U01778,5,CR00023
U01779,1,CR00021
U01779,2,CR00058
U01779,3,CR00025
U01779,4,CR00048
U01779,5,CR00023
U01780,1,CR00021
U01780,2,CR00058
U01780,3,CR00025
U01780,4,CR00048
U01780,5,CR00023
U01781,1,CR00021
U01781,2,CR00058
U01781,3,CR00025
U01781,4,CR00048
U01781,5,CR00023
U01782,1,CR00021
U01782,2,CR00058
U01782,3,CR00025
U01782,4,CR00048
U01782,5,CR00023
U01783,1,CR00021
U01783,2,CR00058
U01783,3,CR00025
U01783,4,CR00048
U01783,5,CR00023
U01784,1,CR00021
U01784,2,CR00058
U01784,3,CR00025
U01784,4,CR00048
U01784,5,CR00023
U01785,1,CR00021
U01785,2,CR00058
U01785,3,CR00025
U01785,4,CR00048
U01785,5,CR00023
U01786,1,CR00021
U01786,2,CR00058
U01786,3,CR00025
U01786,4,CR00048
U01786,5,CR00023
U01787,1,CR00021
U01787,2,CR00058
U01787,3,CR00025
U01787,4,CR00048
U01787,5,CR00023
U01788,1,CR00021
U01788,2,CR00058
U01788,3,CR00025
U01788,4,CR00048
U01788,5,CR00023
U01789,1,CR00021
U01789,2,CR00058
U01789,3,CR00025
U01789,4,CR00048
U01789,5,CR00023
U01790,1,CR00021
U01790,2,CR00058
U01790,3,CR00025
U01790,4,CR00048
U01790,5,CR00023
U01791,1,CR00021
U01791,2,CR00058
U01791,3,CR00025
U01791,4,CR00048
U01791,5,CR00023
U01792,1,CR00021
U01792,2,CR00058
U01792,3,CR00025
U01792,4,CR00048
U01792,5,CR00023
U01793,1,CR00021
U01793,2,CR00058
U01793,3,CR00025
U01793,4,CR00048
U01793,5,CR00023
U01794,1,CR00021
U01794,2,CR00058
U01794,3,CR00025
U01794,4,CR00048
U01794,5,CR00023
U01795,1,CR00021
U01795,2,CR00058
U01795,3,CR00025
U01795,4,CR00048
U01795,5,CR00023
U01796,1,CR00021
U01796,2,CR00058
U01796,3,CR00025
U01796,4,CR00048
U01796,5,CR00023
U01797,1,CR00021
U01797,2,CR00058
U01797,3,CR00025
U01797,4,CR00048
U01797,5,CR00023
U01798,1,CR00021
U01798,2,CR00058
U01798,3,CR00025
U01798,4,CR00048
U01798,5,CR00023
U01799,1,CR00021
U01799,2,CR00058
U01799,3,CR00025
U01799,4,CR00048
U01799,5,CR00023
U01800,1,CR00021
U01800,2,CR00058
U01800,3,CR00025
U01800,4,CR00048
U01800,5,CR00023
U01801,1,CR00021
U01801,2,CR00058
U01801,3,CR00025
U01801,4,CR00048
U01801,5,CR00023
U01802,1,CR00021
U01802,2,CR00058
U01802,3,CR00025
U01802,4,CR00048
U01802,5,CR00023
U01803,1,CR00021
U01803,2,CR00058
U01803,3,CR00025
U01803,4,CR00048
U01803,5,CR00023
U01804,1,CR00021
U01804,2,CR00058
U01804,3,CR00025
U01804,4,CR00048
U01804,5,CR00023
U01805,1,CR00021
U01805,2,CR00058
U01805,3,CR00025
U01805,4,CR00048
U01805,5,CR00023
U01806,1,CR00021
U01806,2,CR00058
U01806,3,CR00025
U01806,4,CR00048
U01806,5,CR00023
U01807,1,CR00021
U01807,2,CR00058
U01807,3,CR00025
U01807,4,CR00048
U01807,5,CR00023
U01808,1,CR00021
U01808,2,CR00058
U01808,3,CR00025
U01808,4,CR00048
U01808,5,CR00023
U01809,1,CR00021
U01809,2,CR00058
U01809,3,CR00025
U01809,4,CR00048
U01809,5,CR00023
U01810,1,CR00021
U01810,2,CR00058
U01810,3,CR00025
U01810,4,CR00048
U01810,5,CR00023
U01811,1,CR00021
U01811,2,CR00058
U01811,3,CR00025
U01811,4,CR00048
U01811,5,CR00023
U01812,1,CR00021
U01812,2,CR00058
U01812,3,CR00025
U01812,4,CR00048
U01812,5,CR00023
U01813,1,CR00021
U01813,2,CR00058
U01813,3,CR00025
U01813,4,CR00048
U01813,5,CR00023
U01814,1,CR00021
U01814,2,CR00058
U01814,3,CR00025
U01814,4,CR00048
U01814,5,CR00023
U01815,1,CR00021
U01815,2,CR00058
U01815,3,CR00025
U01815,4,CR00048
U01815,5,CR00023
U01816,1,CR00021
U01816,2,CR00058
U01816,3,CR00025
U01816,4,CR00048
U01816,5,CR00023
U01817,1,CR00021
U01817,2,CR00058
U01817,3,CR00025
U01817,4,CR00048
U01817,5,CR00023
U01818,1,CR00021
U01818,2,CR00058
U01818,3,CR00025
U01818,4,CR00048
U01818,5,CR00023
U01819,1,CR00021
U01819,2,CR00058
U01819,3,CR00025
U01819,4,CR00048
U01819,5,CR00023
U01820,1,CR00021
U01820,2,CR00058
U01820,3,CR00025
U01820,4,CR00048
U01820,5,CR00023
U01821,1,CR00021
U01821,2,CR00058
U01821,3,CR00025
U01821,4,CR00048
U01821,5,CR00023
U01822,1,CR00021
U01822,2,CR00058
U01822,3,CR00025
U01822,4,CR00048
U01822,5,CR00023
U01823,1,CR00021
U01823,2,CR00058
U01823,3,CR00025
U01823,4,CR00048
U01823,5,CR00023
U01824,1,CR00021
U01824,2,CR00058
U01824,3,CR00025
U01824,4,CR00048
U01824,5,CR00023
U01825,1,CR00021
U01825,2,CR00058
U01825,3,CR00025
U01825,4,CR00048
U01825,5,CR00023
U01826,1,CR00021
U01826,2,CR00058
U01826,3,CR00025
U01826,4,CR00048
U01826,5,CR00023
U01827,1,CR00021
U01827,2,CR00058
U01827,3,CR00025
U01827,4,CR00048
U01827,5,CR00023
U01828,1,CR00021
U01828,2,CR00058
U01828,3,CR00025
U01828,4,CR00048
U01828,5,CR00023
U01829,1,CR00021
U01829,2,CR00058
U01829,3,CR00025
U01829,4,CR00048
U01829,5,CR00023
U01830,1,CR00021
U01830,2,CR00058
U01830,3,CR00025
U01830,4,CR00048
U01830,5,CR00023
U01831,1,CR00021
U01831,2,CR00058
U01831,3,CR00025
U01831,4,CR00048
U01831,5,CR00023
U01832,1,CR00021
U01832,2,CR00058
U01832,3,CR00025
U01832,4,CR00048
U01832,5,CR00023
U01833,1,CR00021
U01833,2,CR00058
U01833,3,CR00025
U01833,4,CR00048
U01833,5,CR00023
U01834,1,CR00021
U01834,2,CR00058
U01834,3,CR00025
U01834,4,CR00048
U01834,5,CR00023
U01835,1,CR00021
U01835,2,CR00058
U01835,3,CR00025
U01835,4,CR00048
U01835,5,CR00023
U01836,1,CR00021
U01836,2,CR00058
U01836,3,CR00025
U01836,4,CR00048
U01836,5,CR00023
U01837,1,CR00021
U01837,2,CR00058
U01837,3,CR00025
U01837,4,CR00048
U01837,5,CR00023
U01838,1,CR00021
U01838,2,CR00058
U01838,3,CR00025
U01838,4,CR00048
U01838,5,CR00023
U01839,1,CR00021
U01839,2,CR00058
U01839,3,CR00025
U01839,4,CR00048
U01839,5,CR00023
U01840,1,CR00021
U01840,2,CR00058
U01840,3,CR00025
U01840,4,CR00048
U01840,5,CR00023
U01841,1,CR00021
U01841,2,CR00058
U01841,3,CR00025
U01841,4,CR00048
U01841,5,CR00023
U01842,1,CR00021
U01842,2,CR00058
U01842,3,CR00025
U01842,4,CR00048
U01842,5,CR00023
U01843,1,CR00021
U01843,2,CR00058
U01843,3,CR00025
U01843,4,CR00048
U01843,5,CR00023
U01844,1,CR00021
U01844,2,CR00058
U01844,3,CR00025
U01844,4,CR00048
U01844,5,CR00023
U01845,1,CR00021
U01845,2,CR00058
U01845,3,CR00025
U01845,4,CR00048
U01845,5,CR00023
U01846,1,CR00021
U01846,2,CR00058
U01846,3,CR00025
U01846,4,CR00048
U01846,5,CR00023
U01847,1,CR00021
U01847,2,CR00058
U01847,3,CR00025
U01847,4,CR00048
U01847,5,CR00023
U01848,1,CR00021
U01848,2,CR00058
U01848,3,CR00025
U01848,4,CR00048
U01848,5,CR00023
U01849,1,CR00021
U01849,2,CR00058
U01849,3,CR00025
U01849,4,CR00048
U01849,5,CR00023
U01850,1,CR00021
U01850,2,CR00058
U01850,3,CR00025
U01850,4,CR00048
U01850,5,CR00023
U01851,1,CR00021
U01851,2,CR00058
U01851,3,CR00025
U01851,4,CR00048
U01851,5,CR00023
U01852,1,CR00021
U01852,2,CR00058
U01852,3,CR00025
U01852,4,CR00048
U01852,5,CR00023
U01853,1,CR00021
U01853,2,CR00058
U01853,3,CR00025
U01853,4,CR00048
U01853,5,CR00023
U01854,1,CR00021
U01854,2,CR00058
U01854,3,CR00025
U01854,4,CR00048
U01854,5,CR00023
U01855,1,CR00021
U01855,2,CR00058
U01855,3,CR00025
U01855,4,CR00048
U01855,5,CR00023
U01856,1,CR00021
U01856,2,CR00058
U01856,3,CR00025
U01856,4,CR00048
U01856,5,CR00023
U01857,1,CR00021
U01857,2,CR00058
U01857,3,CR00025
U01857,4,CR00048
U01857,5,CR00023
U01858,1,CR00021
U01858,2,CR00058
U01858,3,CR00025
U01858,4,CR00048
U01858,5,CR00023
U01859,1,CR00021
U01859,2,CR00058
U01859,3,CR00025
U01859,4,CR00048
U01859,5,CR00023
U01860,1,CR00021
U01860,2,CR00058
U01860,3,CR00025
U01860,4,CR00048
U01860,5,CR00023
U01861,1,CR00021
U01861,2,CR00058
U01861,3,CR00025
U01861,4,CR00048
U01861,5,CR00023
U01862,1,CR00021
U01862,2,CR00058
U01862,3,CR00025
U01862,4,CR00048
U01862,5,CR00023
U01863,1,CR00021
U01863,2,CR00058
U01863,3,CR00025
U01863,4,CR00048
U01863,5,CR00023
U01864,1,CR00021
U01864,2,CR00058
U01864,3,CR00025
U01864,4,CR00048
U01864,5,CR00023
U01865,1,CR00021
U01865,2,CR00058
U01865,3,CR00025
U01865,4,CR00048
U01865,5,CR00023
U01866,1,CR00021
U01866,2,CR00058
U01866,3,CR00025
U01866,4,CR00048
U01866,5,CR00023
U01867,1,CR00021
U01867,2,CR00058
U01867,3,CR00025
U01867,4,CR00048
U01867,5,CR00023
U01868,1,CR00021
U01868,2,CR00058
U01868,3,CR00025
U01868,4,CR00048
U01868,5,CR00023
U01869,1,CR00021
U01869,2,CR00058
U01869,3,CR00025
U01869,4,CR00048
U01869,5,CR00023
U01870,1,CR00021
U01870,2,CR00058
U01870,3,CR00025
U01870,4,CR00048
U01870,5,CR00023
U01871,1,CR00021
U01871,2,CR00058
U01871,3,CR00025
U01871,4,CR00048
U01871,5,CR00023
U01872,1,CR00021
U01872,2,CR00058
U01872,3,CR00025
U01872,4,CR00048
U01872,5,CR00023
U01873,1,CR00021
U01873,2,CR00058
U01873,3,CR00025
U01873,4,CR00048
U01873,5,CR00023
U01874,1,CR00021
U01874,2,CR00058
U01874,3,CR00025
U01874,4,CR00048
U01874,5,CR00023
U01875,1,CR00021
U01875,2,CR00058
U01875,3,CR00025
U01875,4,CR00048
U01875,5,CR00023
U01876,1,CR00021
U01876,2,CR00058
U01876,3,CR00025
U01876,4,CR00048
U01876,5,CR00023
U01877,1,CR00021
U01877,2,CR00058
U01877,3,CR00025
U01877,4,CR00048
U01877,5,CR00023
U01878,1,CR00021
U01878,2,CR00058
U01878,3,CR00025
U01878,4,CR00048
U01878,5,CR00023
U01879,1,CR00021
U01879,2,CR00058
U01879,3,CR00025
U01879,4,CR00048
U01879,5,CR00023
U01880,1,CR00021
U01880,2,CR00058
U01880,3,CR00025
U01880,4,CR00048
U01880,5,CR00023
U01881,1,CR00021
U01881,2,CR00058
U01881,3,CR00025
U01881,4,CR00048
U01881,5,CR00023
U01882,1,CR00021
U01882,2,CR00058
U01882,3,CR00025
U01882,4,CR00048
U01882,5,CR00023
U01883,1,CR00021
U01883,2,CR00058
U01883,3,CR00025
U01883,4,CR00048
U01883,5,CR00023
U01884,1,CR00021
U01884,2,CR00058
U01884,3,CR00025
U01884,4,CR00048
U01884,5,CR00023
U01885,1,CR00021
U01885,2,CR00058
U01885,3,CR00025
U01885,4,CR00048
U01885,5,CR00023
U01886,1,CR00021
U01886,2,CR00058
U01886,3,CR00025
U01886,4,CR00048
U01886,5,CR00023
U01887,1,CR00021
U01887,2,CR00058
U01887,3,CR00025
U01887,4,CR00048
U01887,5,CR00023
U01888,1,CR00021
U01888,2,CR00058
U01888,3,CR00025
U01888,4,CR00048
U01888,5,CR00023
U01889,1,CR00021
U01889,2,CR00058
U01889,3,CR00025
U01889,4,CR00048
U01889,5,CR00023
U01890,1,CR00021
U01890,2,CR00058
U01890,3,CR00025
U01890,4,CR00048
U01890,5,CR00023
U01891,1,CR00021
U01891,2,CR00058
U01891,3,CR00025
U01891,4,CR00048
U01891,5,CR00023
U01892,1,CR00021
U01892,2,CR00058
U01892,3,CR00025
U01892,4,CR00048
U01892,5,CR00023
U01893,1,CR00021
U01893,2,CR00058
U01893,3,CR00025
U01893,4,CR00048
U01893,5,CR00023
U01894,1,CR00021
U01894,2,CR00058
U01894,3,CR00025
U01894,4,CR00048
U01894,5,CR00023
U01895,1,CR00021
U01895,2,CR00058
U01895,3,CR00025
U01895,4,CR00048
U01895,5,CR00023
U01896,1,CR00021
U01896,2,CR00058
U01896,3,CR00025
U01896,4,CR00048
U01896,5,CR00023
U01897,1,CR00021
U01897,2,CR00058
U01897,3,CR00025
U01897,4,CR00048
U01897,5,CR00023
U01898,1,CR00021
U01898,2,CR00058
U01898,3,CR00025
U01898,4,CR00048
U01898,5,CR00023
U01899,1,CR00021
U01899,2,CR00058
U01899,3,CR00025
U01899,4,CR00048
U01899,5,CR00023
U01900,1,CR00021
U01900,2,CR00058
U01900,3,CR00025
U01900,4,CR00048
U01900,5,CR00023
U01901,1,CR00021
U01901,2,CR00058
U01901,3,CR00025
U01901,4,CR00048
U01901,5,CR00023
U01902,1,CR00021
U01902,2,CR00058
U01902,3,CR00025
U01902,4,CR00048
U01902,5,CR00023
U01903,1,CR00021
U01903,2,CR00058
U01903,3,CR00025
U01903,4,CR00048
U01903,5,CR00023
U01904,1,CR00021
U01904,2,CR00058
U01904,3,CR00025
U01904,4,CR00048
U01904,5,CR00023
U01905,1,CR00021
U01905,2,CR00058
U01905,3,CR00025
U01905,4,CR00048
U01905,5,CR00023
U01906,1,CR00021
U01906,2,CR00058
U01906,3,CR00025
U01906,4,CR00048
U01906,5,CR00023
U01907,1,CR00021
U01907,2,CR00058
U01907,3,CR00025
U01907,4,CR00048
U01907,5,CR00023
U01908,1,CR00021
U01908,2,CR00058
U01908,3,CR00025
U01908,4,CR00048
U01908,5,CR00023
U01909,1,CR00021
U01909,2,CR00058
U01909,3,CR00025
U01909,4,CR00048
U01909,5,CR00023
U01910,1,CR00021
U01910,2,CR00058
U01910,3,CR00025
U01910,4,CR00048
U01910,5,CR00023
U01911,1,CR00021
U01911,2,CR00058
U01911,3,CR00025
U01911,4,CR00048
U01911,5,CR00023
U01912,1,CR00021
U01912,2,CR00058
U01912,3,CR00025
U01912,4,CR00048
U01912,5,CR00023
U01913,1,CR00021
U01913,2,CR00058
U01913,3,CR00025
U01913,4,CR00048
U01913,5,CR00023
U01914,1,CR00021
U01914,2,CR00058
U01914,3,CR00025
U01914,4,CR00048
U01914,5,CR00023
U01915,1,CR00021
U01915,2,CR00058
U01915,3,CR00025
U01915,4,CR00048
U01915,5,CR00023
U01916,1,CR00021
U01916,2,CR00058
U01916,3,CR00025
U01916,4,CR00048
U01916,5,CR00023
U01917,1,CR00021
U01917,2,CR00058
U01917,3,CR00025
U01917,4,CR00048
U01917,5,CR00023
U01918,1,CR00021
U01918,2,CR00058
U01918,3,CR00025
U01918,4,CR00048
U01918,5,CR00023
U01919,1,CR00021
U01919,2,CR00058
U01919,3,CR00025
U01919,4,CR00048
U01919,5,CR00023
U01920,1,CR00021
U01920,2,CR00058
U01920,3,CR00025
U01920,4,CR00048
U01920,5,CR00023
U01921,1,CR00021
U01921,2,CR00058
U01921,3,CR00025
U01921,4,CR00048
U01921,5,CR00023
U01922,1,CR00021
U01922,2,CR00058
U01922,3,CR00025
U01922,4,CR00048
U01922,5,CR00023
U01923,1,CR00021
U01923,2,CR00058
U01923,3,CR00025
U01923,4,CR00048
U01923,5,CR00023
U01924,1,CR00021
U01924,2,CR00058
U01924,3,CR00025
U01924,4,CR00048
U01924,5,CR00023
U01925,1,CR00021
U01925,2,CR00058
U01925,3,CR00025
U01925,4,CR00048
U01925,5,CR00023
U01926,1,CR00021
U01926,2,CR00058
U01926,3,CR00025
U01926,4,CR00048
U01926,5,CR00023
U01927,1,CR00021
U01927,2,CR00058
U01927,3,CR00025
U01927,4,CR00048
U01927,5,CR00023
U01928,1,CR00021
U01928,2,CR00058
U01928,3,CR00025
U01928,4,CR00048
U01928,5,CR00023
U01929,1,CR00021
U01929,2,CR00058
U01929,3,CR00025
U01929,4,CR00048
U01929,5,CR00023
U01930,1,CR00021
U01930,2,CR00058
U01930,3,CR00025
U01930,4,CR00048
U01930,5,CR00023
U01931,1,CR00021
U01931,2,CR00058
U01931,3,CR00025
U01931,4,CR00048
U01931,5,CR00023
U01932,1,CR00021
U01932,2,CR00058
U01932,3,CR00025
U01932,4,CR00048
U01932,5,CR00023
U01933,1,CR00021
U01933,2,CR00058
U01933,3,CR00025
U01933,4,CR00048
U01933,5,CR00023
U01934,1,CR00021
U01934,2,CR00058
U01934,3,CR00025
U01934,4,CR00048
U01934,5,CR00023
U01935,1,CR00021
U01935,2,CR00058
U01935,3,CR00025
U01935,4,CR00048
U01935,5,CR00023
U01936,1,CR00021
U01936,2,CR00058
U01936,3,CR00025
U01936,4,CR00048
U01936,5,CR00023
U01937,1,CR00021
U01937,2,CR00058
U01937,3,CR00025
U01937,4,CR00048
U01937,5,CR00023
U01938,1,CR00021
U01938,2,CR00058
U01938,3,CR00025
U01938,4,CR00048
U01938,5,CR00023
U01939,1,CR00021
U01939,2,CR00058
U01939,3,CR00025
U01939,4,CR00048
U01939,5,CR00023
U01940,1,CR00021
U01940,2,CR00058
U01940,3,CR00025
U01940,4,CR00048
U01940,5,CR00023
U01941,1,CR00021
U01941,2,CR00058
U01941,3,CR00025
U01941,4,CR00048
U01941,5,CR00023
U01942,1,CR00021
U01942,2,CR00058
U01942,3,CR00025
U01942,4,CR00048
U01942,5,CR00023
U01943,1,CR00021
U01943,2,CR00058
U01943,3,CR00025
U01943,4,CR00048
U01943,5,CR00023
U01944,1,CR00021
U01944,2,CR00058
U01944,3,CR00025
U01944,4,CR00048
U01944,5,CR00023
U01945,1,CR00021
U01945,2,CR00058
U01945,3,CR00025
U01945,4,CR00048
U01945,5,CR00023
U01946,1,CR00021
U01946,2,CR00058
U01946,3,CR00025
U01946,4,CR00048
U01946,5,CR00023
U01947,1,CR00021
U01947,2,CR00058
U01947,3,CR00025
U01947,4,CR00048
U01947,5,CR00023
U01948,1,CR00021
U01948,2,CR00058
U01948,3,CR00025
U01948,4,CR00048
U01948,5,CR00023
U01949,1,CR00021
U01949,2,CR00058
U01949,3,CR00025
U01949,4,CR00048
U01949,5,CR00023
U01950,1,CR00021
U01950,2,CR00058
U01950,3,CR00025
U01950,4,CR00048
U01950,5,CR00023
U01951,1,CR00021
U01951,2,CR00058
U01951,3,CR00025
U01951,4,CR00048
U01951,5,CR00023
U01952,1,CR00021
U01952,2,CR00058
U01952,3,CR00025
U01952,4,CR00048
U01952,5,CR00023
U01953,1,CR00021
U01953,2,CR00058
U01953,3,CR00025
U01953,4,CR00048
U01953,5,CR00023
U01954,1,CR00021
U01954,2,CR00058
U01954,3,CR00025
U01954,4,CR00048
U01954,5,CR00023
U01955,1,CR00021
U01955,2,CR00058
U01955,3,CR00025
U01955,4,CR00048
U01955,5,CR00023
U01956,1,CR00021
U01956,2,CR00058
U01956,3,CR00025
U01956,4,CR00048
U01956,5,CR00023
U01957,1,CR00021
U01957,2,CR00058
U01957,3,CR00025
U01957,4,CR00048
U01957,5,CR00023
U01958,1,CR00021
U01958,2,CR00058
U01958,3,CR00025
U01958,4,CR00048
U01958,5,CR00023
U01959,1,CR00021
U01959,2,CR00058
U01959,3,CR00025
U01959,4,CR00048
U01959,5,CR00023
U01960,1,CR00021
U01960,2,CR00058
U01960,3,CR00025
U01960,4,CR00048
U01960,5,CR00023
U01961,1,CR00021
U01961,2,CR00058
U01961,3,CR00025
U01961,4,CR00048
U01961,5,CR00023
U01962,1,CR00021
U01962,2,CR00058
U01962,3,CR00025
U01962,4,CR00048
U01962,5,CR00023
U01963,1,CR00021
U01963,2,CR00058
U01963,3,CR00025
U01963,4,CR00048
U01963,5,CR00023
U01964,1,CR00021
U01964,2,CR00058
U01964,3,CR00025
U01964,4,CR00048
U01964,5,CR00023
U01965,1,CR00021
U01965,2,CR00058
U01965,3,CR00025
U01965,4,CR00048
U01965,5,CR00023
U01966,1,CR00021
U01966,2,CR00058
U01966,3,CR00025
U01966,4,CR00048
U01966,5,CR00023
U01967,1,CR00021
U01967,2,CR00058
U01967,3,CR00025
U01967,4,CR00048
U01967,5,CR00023
U01968,1,CR00021
U01968,2,CR00058
U01968,3,CR00025
U01968,4,CR00048
U01968,5,CR00023
U01969,1,CR00021
U01969,2,CR00058
U01969,3,CR00025
U01969,4,CR00048
U01969,5,CR00023
U01970,1,CR00021
U01970,2,CR00058
U01970,3,CR00025
U01970,4,CR00048
U01970,5,CR00023
U01971,1,CR00021
U01971,2,CR00058
U01971,3,CR00025
U01971,4,CR00048
U01971,5,CR00023
U01972,1,CR00021
U01972,2,CR00058
U01972,3,CR00025
U01972,4,CR00048
U01972,5,CR00023
U01973,1,CR00021
U01973,2,CR00058
U01973,3,CR00025
U01973,4,CR00048
U01973,5,CR00023
U01974,1,CR00021
U01974,2,CR00058
U01974,3,CR00025
U01974,4,CR00048
U01974,5,CR00023
U01975,1,CR00021
U01975,2,CR00058
U01975,3,CR00025
U01975,4,CR00048
U01975,5,CR00023
U01976,1,CR00021
U01976,2,CR00058
U01976,3,CR00025
U01976,4,CR00048
U01976,5,CR00023
U01977,1,CR00021
U01977,2,CR00058
U01977,3,CR00025
U01977,4,CR00048
U01977,5,CR00023
U01978,1,CR00021
U01978,2,CR00058
U01978,3,CR00025
U01978,4,CR00048
U01978,5,CR00023
U01979,1,CR00021
U01979,2,CR00058
U01979,3,CR00025
U01979,4,CR00048
U01979,5,CR00023
U01980,1,CR00021
U01980,2,CR00058
U01980,3,CR00025
U01980,4,CR00048
U01980,5,CR00023
U01981,1,CR00021
U01981,2,CR00058
U01981,3,CR00025
U01981,4,CR00048
U01981,5,CR00023
U01982,1,CR00021
U01982,2,CR00058
U01982,3,CR00025
U01982,4,CR00048
U01982,5,CR00023
U01983,1,CR00021
U01983,2,CR00058
U01983,3,CR00025
U01983,4,CR00048
U01983,5,CR00023
U01984,1,CR00021
U01984,2,CR00058
U01984,3,CR00025
U01984,4,CR00048
U01984,5,CR00023
U01985,1,CR00021
U01985,2,CR00058
U01985,3,CR00025
U01985,4,CR00048
U01985,5,CR00023
U01986,1,CR00021
U01986,2,CR00058
U01986,3,CR00025
U01986,4,CR00048
U01986,5,CR00023
U01987,1,CR00021
U01987,2,CR00058
U01987,3,CR00025
U01987,4,CR00048
U01987,5,CR00023
U01988,1,CR00021
U01988,2,CR00058
U01988,3,CR00025
U01988,4,CR00048
U01988,5,CR00023
U01989,1,CR00021
U01989,2,CR00058
U01989,3,CR00025
U01989,4,CR00048
U01989,5,CR00023
U01990,1,CR00021
U01990,2,CR00058
U01990,3,CR00025
U01990,4,CR00048
U01990,5,CR00023
U01991,1,CR00021
U01991,2,CR00058
U01991,3,CR00025
U01991,4,CR00048
U01991,5,CR00023
U01992,1,CR00021
U01992,2,CR00058
U01992,3,CR00025
U01992,4,CR00048
U01992,5,CR00023
U01993,1,CR00021
U01993,2,CR00058
U01993,3,CR00025
U01993,4,CR00048
U01993,5,CR00023
U01994,1,CR00021
U01994,2,CR00058
U01994,3,CR00025
U01994,4,CR00048
U01994,5,CR00023
U01995,1,CR00021
U01995,2,CR00058
U01995,3,CR00025
U01995,4,CR00048
U01995,5,CR00023
U01996,1,CR00021
U01996,2,CR00058
U01996,3,CR00025
U01996,4,CR00048
U01996,5,CR00023
U01997,1,CR00021
U01997,2,CR00058
U01997,3,CR00025
U01997,4,CR00048
U01997,5,CR00023
U01998,1,CR00021
U01998,2,CR00058
U01998,3,CR00025
U01998,4,CR00048
U01998,5,CR00023
U01999,1,CR00021
U01999,2,CR00058
U01999,3,CR00025
U01999,4,CR00048
U01999,5,CR00023
U02000,1,CR00021
U02000,2,CR00058
U02000,3,CR00025
U02000,4,CR00048
U02000,5,CR00023
U02001,1,CR00021
U02001,2,CR00058
U02001,3,CR00025
U02001,4,CR00048
U02001,5,CR00023
U02002,1,CR00021
U02002,2,CR00058
U02002,3,CR00025
U02002,4,CR00048
U02002,5,CR00023
U02003,1,CR00021
U02003,2,CR00058
U02003,3,CR00025
U02003,4,CR00048
U02003,5,CR00023
U02004,1,CR00021
U02004,2,CR00058
U02004,3,CR00025
U02004,4,CR00048
U02004,5,CR00023
U02005,1,CR00021
U02005,2,CR00058
U02005,3,CR00025
U02005,4,CR00048
U02005,5,CR00023
U02006,1,CR00021
U02006,2,CR00058
U02006,3,CR00025
U02006,4,CR00048
U02006,5,CR00023
U02007,1,CR00021
U02007,2,CR00058
U02007,3,CR00025
U02007,4,CR00048
U02007,5,CR00023
U02008,1,CR00021
U02008,2,CR00058
U02008,3,CR00025
U02008,4,CR00048
U02008,5,CR00023
U02009,1,CR00021
U02009,2,CR00058
U02009,3,CR00025
U02009,4,CR00048
U02009,5,CR00023
U02010,1,CR00021
U02010,2,CR00058
U02010,3,CR00025
U02010,4,CR00048
U02010,5,CR00023
U02011,1,CR00021
U02011,2,CR00058
U02011,3,CR00025
U02011,4,CR00048
U02011,5,CR00023
U02012,1,CR00021
U02012,2,CR00058
U02012,3,CR00025
U02012,4,CR00048
U02012,5,CR00023
U02013,1,CR00021
U02013,2,CR00058
U02013,3,CR00025
U02013,4,CR00048
U02013,5,CR00023
U02014,1,CR00021
U02014,2,CR00058
U02014,3,CR00025
U02014,4,CR00048
U02014,5,CR00023
U02015,1,CR00021
U02015,2,CR00058
U02015,3,CR00025
U02015,4,CR00048
U02015,5,CR00023
U02016,1,CR00021
U02016,2,CR00058
U02016,3,CR00025
U02016,4,CR00048
U02016,5,CR00023
U02017,1,CR00021
U02017,2,CR00058
U02017,3,CR00025
U02017,4,CR00048
U02017,5,CR00023
U02018,1,CR00021
U02018,2,CR00058
U02018,3,CR00025
U02018,4,CR00048
U02018,5,CR00023
U02019,1,CR00021
U02019,2,CR00058
U02019,3,CR00025
U02019,4,CR00048
U02019,5,CR00023
U02020,1,CR00021
U02020,2,CR00058
U02020,3,CR00025
U02020,4,CR00048
U02020,5,CR00023
U02021,1,CR00021
U02021,2,CR00058
U02021,3,CR00025
U02021,4,CR00048
U02021,5,CR00023
U02022,1,CR00021
U02022,2,CR00058
U02022,3,CR00025
U02022,4,CR00048
U02022,5,CR00023
U02023,1,CR00021
U02023,2,CR00058
U02023,3,CR00025
U02023,4,CR00048
U02023,5,CR00023
U02024,1,CR00021
U02024,2,CR00058
U02024,3,CR00025
U02024,4,CR00048
U02024,5,CR00023
U02025,1,CR00021
U02025,2,CR00058
U02025,3,CR00025
U02025,4,CR00048
U02025,5,CR00023
U02026,1,CR00021
U02026,2,CR00058
U02026,3,CR00025
U02026,4,CR00048
U02026,5,CR00023
U02027,1,CR00021
U02027,2,CR00058
U02027,3,CR00025
U02027,4,CR00048
U02027,5,CR00023
U02028,1,CR00021
U02028,2,CR00058
U02028,3,CR00025
U02028,4,CR00048
U02028,5,CR00023
U02029,1,CR00021
U02029,2,CR00058
U02029,3,CR00025
U02029,4,CR00048
U02029,5,CR00023
U02030,1,CR00021
U02030,2,CR00058
U02030,3,CR00025
U02030,4,CR00048
U02030,5,CR00023
U02031,1,CR00021
U02031,2,CR00058
U02031,3,CR00025
U02031,4,CR00048
U02031,5,CR00023
U02032,1,CR00021
U02032,2,CR00058
U02032,3,CR00025
U02032,4,CR00048
U02032,5,CR00023
U02033,1,CR00021
U02033,2,CR00058
U02033,3,CR00025
U02033,4,CR00048
U02033,5,CR00023
U02034,1,CR00021
U02034,2,CR00058
U02034,3,CR00025
U02034,4,CR00048
U02034,5,CR00023
U02035,1,CR00021
U02035,2,CR00058
U02035,3,CR00025
U02035,4,CR00048
U02035,5,CR00023
U02036,1,CR00021
U02036,2,CR00058
U02036,3,CR00025
U02036,4,CR00048
U02036,5,CR00023
U02037,1,CR00021
U02037,2,CR00058
U02037,3,CR00025
U02037,4,CR00048
U02037,5,CR00023
U02038,1,CR00021
U02038,2,CR00058
U02038,3,CR00025
U02038,4,CR00048
U02038,5,CR00023
U02039,1,CR00021
U02039,2,CR00058
U02039,3,CR00025
U02039,4,CR00048
U02039,5,CR00023
U02040,1,CR00021
U02040,2,CR00058
U02040,3,CR00025
U02040,4,CR00048
U02040,5,CR00023
U02041,1,CR00021
U02041,2,CR00058
U02041,3,CR00025
U02041,4,CR00048
U02041,5,CR00023
U02042,1,CR00021
U02042,2,CR00058
U02042,3,CR00025
U02042,4,CR00048
U02042,5,CR00023
U02043,1,CR00021
U02043,2,CR00058
U02043,3,CR00025
U02043,4,CR00048
U02043,5,CR00023
U02044,1,CR00021
U02044,2,CR00058
U02044,3,CR00025
U02044,4,CR00048
U02044,5,CR00023
U02045,1,CR00021
U02045,2,CR00058
U02045,3,CR00025
U02045,4,CR00048
U02045,5,CR00023
U02046,1,CR00021
U02046,2,CR00058
U02046,3,CR00025
U02046,4,CR00048
U02046,5,CR00023
U02047,1,CR00021
U02047,2,CR00058
U02047,3,CR00025
U02047,4,CR00048
U02047,5,CR00023
U02048,1,CR00021
U02048,2,CR00058
U02048,3,CR00025
U02048,4,CR00048
U02048,5,CR00023
U02049,1,CR00021
U02049,2,CR00058
U02049,3,CR00025
U02049,4,CR00048
U02049,5,CR00023
U02050,1,CR00021
U02050,2,CR00058
U02050,3,CR00025
U02050,4,CR00048
U02050,5,CR00023
U02051,1,CR00021
U02051,2,CR00058
U02051,3,CR00025
U02051,4,CR00048
U02051,5,CR00023
U02052,1,CR00021
U02052,2,CR00058
U02052,3,CR00025
U02052,4,CR00048
U02052,5,CR00023
U02053,1,CR00021
U02053,2,CR00058
U02053,3,CR00025
U02053,4,CR00048
U02053,5,CR00023
U02054,1,CR00021
U02054,2,CR00058
U02054,3,CR00025
U02054,4,CR00048
U02054,5,CR00023
U02055,1,CR00021
U02055,2,CR00058
U02055,3,CR00025
U02055,4,CR00048
U02055,5,CR00023
U02056,1,CR00021
U02056,2,CR00058
U02056,3,CR00025
U02056,4,CR00048
U02056,5,CR00023
U02057,1,CR00021
U02057,2,CR00058
U02057,3,CR00025
U02057,4,CR00048
U02057,5,CR00023
U02058,1,CR00021
U02058,2,CR00058
U02058,3,CR00025
U02058,4,CR00048
U02058,5,CR00023
U02059,1,CR00021
U02059,2,CR00058
U02059,3,CR00025
U02059,4,CR00048
U02059,5,CR00023
U02060,1,CR00021
U02060,2,CR00058
U02060,3,CR00025
U02060,4,CR00048
U02060,5,CR00023
U02061,1,CR00021
U02061,2,CR00058
U02061,3,CR00025
U02061,4,CR00048
U02061,5,CR00023
U02062,1,CR00021
U02062,2,CR00058
U02062,3,CR00025
U02062,4,CR00048
U02062,5,CR00023
U02063,1,CR00021
U02063,2,CR00058
U02063,3,CR00025
U02063,4,CR00048
U02063,5,CR00023
U02064,1,CR00021
U02064,2,CR00058
U02064,3,CR00025
U02064,4,CR00048
U02064,5,CR00023
U02065,1,CR00021
U02065,2,CR00058
U02065,3,CR00025
U02065,4,CR00048
U02065,5,CR00023
U02066,1,CR00021
U02066,2,CR00058
U02066,3,CR00025
U02066,4,CR00048
U02066,5,CR00023
U02067,1,CR00021
U02067,2,CR00058
U02067,3,CR00025
U02067,4,CR00048
U02067,5,CR00023
U02068,1,CR00021
U02068,2,CR00058
U02068,3,CR00025
U02068,4,CR00048
U02068,5,CR00023
U02069,1,CR00021
U02069,2,CR00058
U02069,3,CR00025
U02069,4,CR00048
U02069,5,CR00023
U02070,1,CR00021
U02070,2,CR00058
U02070,3,CR00025
U02070,4,CR00048
U02070,5,CR00023
U02071,1,CR00021
U02071,2,CR00058
U02071,3,CR00025
U02071,4,CR00048
U02071,5,CR00023
U02072,1,CR00021
U02072,2,CR00058
U02072,3,CR00025
U02072,4,CR00048
U02072,5,CR00023
U02073,1,CR00021
U02073,2,CR00058
U02073,3,CR00025
U02073,4,CR00048
U02073,5,CR00023
U02074,1,CR00021
U02074,2,CR00058
U02074,3,CR00025
U02074,4,CR00048
U02074,5,CR00023
U02075,1,CR00021
U02075,2,CR00058
U02075,3,CR00025
U02075,4,CR00048
U02075,5,CR00023
U02076,1,CR00021
U02076,2,CR00058
U02076,3,CR00025
U02076,4,CR00048
U02076,5,CR00023
U02077,1,CR00021
U02077,2,CR00058
U02077,3,CR00025
U02077,4,CR00048
U02077,5,CR00023
U02078,1,CR00021
U02078,2,CR00058
U02078,3,CR00025
U02078,4,CR00048
U02078,5,CR00023
U02079,1,CR00021
U02079,2,CR00058
U02079,3,CR00025
U02079,4,CR00048
U02079,5,CR00023
U02080,1,CR00021
U02080,2,CR00058
U02080,3,CR00025
U02080,4,CR00048
U02080,5,CR00023
U02081,1,CR00021
U02081,2,CR00058
U02081,3,CR00025
U02081,4,CR00048
U02081,5,CR00023
U02082,1,CR00021
U02082,2,CR00058
U02082,3,CR00025
U02082,4,CR00048
U02082,5,CR00023
U02083,1,CR00021
U02083,2,CR00058
U02083,3,CR00025
U02083,4,CR00048
U02083,5,CR00023
U02084,1,CR00021
U02084,2,CR00058
U02084,3,CR00025
U02084,4,CR00048
U02084,5,CR00023
U02085,1,CR00021
U02085,2,CR00058
U02085,3,CR00025
U02085,4,CR00048
U02085,5,CR00023
U02086,1,CR00021
U02086,2,CR00058
U02086,3,CR00025
U02086,4,CR00048
U02086,5,CR00023
U02087,1,CR00021
U02087,2,CR00058
U02087,3,CR00025
U02087,4,CR00048
U02087,5,CR00023
U02088,1,CR00021
U02088,2,CR00058
U02088,3,CR00025
U02088,4,CR00048
U02088,5,CR00023
U02089,1,CR00021
U02089,2,CR00058
U02089,3,CR00025
U02089,4,CR00048
U02089,5,CR00023
U02090,1,CR00021
U02090,2,CR00058
U02090,3,CR00025
U02090,4,CR00048
U02090,5,CR00023
U02091,1,CR00021
U02091,2,CR00058
U02091,3,CR00025
U02091,4,CR00048
U02091,5,CR00023
U02092,1,CR00021
U02092,2,CR00058
U02092,3,CR00025
U02092,4,CR00048
U02092,5,CR00023
U02093,1,CR00021
U02093,2,CR00058
U02093,3,CR00025
U02093,4,CR00048
U02093,5,CR00023
U02094,1,CR00021
U02094,2,CR00058
U02094,3,CR00025
U02094,4,CR00048
U02094,5,CR00023
U02095,1,CR00021
U02095,2,CR00058
U02095,3,CR00025
U02095,4,CR00048
U02095,5,CR00023
U02096,1,CR00021
U02096,2,CR00058
U02096,3,CR00025
U02096,4,CR00048
U02096,5,CR00023
U02097,1,CR00021
U02097,2,CR00058
U02097,3,CR00025
U02097,4,CR00048
U02097,5,CR00023
U02098,1,CR00021
U02098,2,CR00058
U02098,3,CR00025
U02098,4,CR00048
U02098,5,CR00023
U02099,1,CR00021
U02099,2,CR00058
U02099,3,CR00025
U02099,4,CR00048
U02099,5,CR00023
U02100,1,CR00021
U02100,2,CR00058
U02100,3,CR00025
U02100,4,CR00048
U02100,5,CR00023
U02101,1,CR00021
U02101,2,CR00058
U02101,3,CR00025
U02101,4,CR00048
U02101,5,CR00023
U02102,1,CR00021
U02102,2,CR00058
U02102,3,CR00025
U02102,4,CR00048
U02102,5,CR00023
U02103,1,CR00021
U02103,2,CR00058
U02103,3,CR00025
U02103,4,CR00048
U02103,5,CR00023
U02104,1,CR00021
U02104,2,CR00058
U02104,3,CR00025
U02104,4,CR00048
U02104,5,CR00023
U02105,1,CR00021
U02105,2,CR00058
U02105,3,CR00025
U02105,4,CR00048
U02105,5,CR00023
U02106,1,CR00021
U02106,2,CR00058
U02106,3,CR00025
U02106,4,CR00048
U02106,5,CR00023
U02107,1,CR00021
U02107,2,CR00058
U02107,3,CR00025
U02107,4,CR00048
U02107,5,CR00023
U02108,1,CR00021
U02108,2,CR00058
U02108,3,CR00025
U02108,4,CR00048
U02108,5,CR00023
U02109,1,CR00021
U02109,2,CR00058
U02109,3,CR00025
U02109,4,CR00048
U02109,5,CR00023
U02110,1,CR00021
U02110,2,CR00058
U02110,3,CR00025
U02110,4,CR00048
U02110,5,CR00023
U02111,1,CR00021
U02111,2,CR00058
U02111,3,CR00025
U02111,4,CR00048
U02111,5,CR00023
U02112,1,CR00021
U02112,2,CR00058
U02112,3,CR00025
U02112,4,CR00048
U02112,5,CR00023
U02113,1,CR00021
U02113,2,CR00058
U02113,3,CR00025
U02113,4,CR00048
U02113,5,CR00023
U02114,1,CR00021
U02114,2,CR00058
U02114,3,CR00025
U02114,4,CR00048
U02114,5,CR00023
U02115,1,CR00021
U02115,2,CR00058
U02115,3,CR00025
U02115,4,CR00048
U02115,5,CR00023
U02116,1,CR00021
U02116,2,CR00058
U02116,3,CR00025
U02116,4,CR00048
U02116,5,CR00023
U02117,1,CR00021
U02117,2,CR00058
U02117,3,CR00025
U02117,4,CR00048
U02117,5,CR00023
U02118,1,CR00021
U02118,2,CR00058
U02118,3,CR00025
U02118,4,CR00048
U02118,5,CR00023
U02119,1,CR00021
U02119,2,CR00058
U02119,3,CR00025
U02119,4,CR00048
U02119,5,CR00023
U02120,1,CR00021
U02120,2,CR00058
U02120,3,CR00025
U02120,4,CR00048
U02120,5,CR00023
U02121,1,CR00021
U02121,2,CR00058
U02121,3,CR00025
U02121,4,CR00048
U02121,5,CR00023
U02122,1,CR00021
U02122,2,CR00058
U02122,3,CR00025
U02122,4,CR00048
U02122,5,CR00023
U02123,1,CR00021
U02123,2,CR00058
U02123,3,CR00025
U02123,4,CR00048
U02123,5,CR00023
U02124,1,CR00021
U02124,2,CR00058
U02124,3,CR00025
U02124,4,CR00048
U02124,5,CR00023
U02125,1,CR00021
U02125,2,CR00058
U02125,3,CR00025
U02125,4,CR00048
U02125,5,CR00023
U02126,1,CR00021
U02126,2,CR00058
U02126,3,CR00025
U02126,4,CR00048
U02126,5,CR00023
U02127,1,CR00021
U02127,2,CR00058
U02127,3,CR00025
U02127,4,CR00048
U02127,5,CR00023
U02128,1,CR00021
U02128,2,CR00058
U02128,3,CR00025
U02128,4,CR00048
U02128,5,CR00023
U02129,1,CR00021
U02129,2,CR00058
U02129,3,CR00025
U02129,4,CR00048
U02129,5,CR00023
U02130,1,CR00021
U02130,2,CR00058
U02130,3,CR00025
U02130,4,CR00048
U02130,5,CR00023
U02131,1,CR00021
U02131,2,CR00058
U02131,3,CR00025
U02131,4,CR00048
U02131,5,CR00023
U02132,1,CR00021
U02132,2,CR00058
U02132,3,CR00025
U02132,4,CR00048
U02132,5,CR00023
U02133,1,CR00021
U02133,2,CR00058
U02133,3,CR00025
U02133,4,CR00048
U02133,5,CR00023
U02134,1,CR00021
U02134,2,CR00058
U02134,3,CR00025
U02134,4,CR00048
U02134,5,CR00023
U02135,1,CR00021
U02135,2,CR00058
U02135,3,CR00025
U02135,4,CR00048
U02135,5,CR00023
U02136,1,CR00021
U02136,2,CR00058
U02136,3,CR00025
U02136,4,CR00048
U02136,5,CR00023
U02137,1,CR00021
U02137,2,CR00058
U02137,3,CR00025
U02137,4,CR00048
U02137,5,CR00023
U02138,1,CR00021
U02138,2,CR00058
U02138,3,CR00025
U02138,4,CR00048
U02138,5,CR00023
U02139,1,CR00021
U02139,2,CR00058
U02139,3,CR00025
U02139,4,CR00048
U02139,5,CR00023
U02140,1,CR00021
U02140,2,CR00058
U02140,3,CR00025
U02140,4,CR00048
U02140,5,CR00023
U02141,1,CR00021
U02141,2,CR00058
U02141,3,CR00025
U02141,4,CR00048
U02141,5,CR00023
U02142,1,CR00021
U02142,2,CR00058
U02142,3,CR00025
U02142,4,CR00048
U02142,5,CR00023
U02143,1,CR00021
U02143,2,CR00058
U02143,3,CR00025
U02143,4,CR00048
U02143,5,CR00023
U02144,1,CR00021
U02144,2,CR00058
U02144,3,CR00025
U02144,4,CR00048
U02144,5,CR00023
U02145,1,CR00021
U02145,2,CR00058
U02145,3,CR00025
U02145,4,CR00048
U02145,5,CR00023
U02146,1,CR00021
U02146,2,CR00058
U02146,3,CR00025
U02146,4,CR00048
U02146,5,CR00023
U02147,1,CR00021
U02147,2,CR00058
U02147,3,CR00025
U02147,4,CR00048
U02147,5,CR00023
U02148,1,CR00021
U02148,2,CR00058
U02148,3,CR00025
U02148,4,CR00048
U02148,5,CR00023
U02149,1,CR00021
U02149,2,CR00058
U02149,3,CR00025
U02149,4,CR00048
U02149,5,CR00023
U02150,1,CR00021
U02150,2,CR00058
U02150,3,CR00025
U02150,4,CR00048
U02150,5,CR00023
U02151,1,CR00021
U02151,2,CR00058
U02151,3,CR00025
U02151,4,CR00048
U02151,5,CR00023
U02152,1,CR00021
U02152,2,CR00058
U02152,3,CR00025
U02152,4,CR00048
U02152,5,CR00023
U02153,1,CR00021
U02153,2,CR00058
U02153,3,CR00025
U02153,4,CR00048
U02153,5,CR00023
U02154,1,CR00021
U02154,2,CR00058
U02154,3,CR00025
U02154,4,CR00048
U02154,5,CR00023
U02155,1,CR00021
U02155,2,CR00058
U02155,3,CR00025
U02155,4,CR00048
U02155,5,CR00023
U02156,1,CR00021
U02156,2,CR00058
U02156,3,CR00025
U02156,4,CR00048
U02156,5,CR00023
U02157,1,CR00021
U02157,2,CR00058
U02157,3,CR00025
U02157,4,CR00048
U02157,5,CR00023
U02158,1,CR00021
U02158,2,CR00058
U02158,3,CR00025
U02158,4,CR00048
U02158,5,CR00023
U02159,1,CR00021
U02159,2,CR00058
U02159,3,CR00025
U02159,4,CR00048
U02159,5,CR00023
U02160,1,CR00021
U02160,2,CR00058
U02160,3,CR00025
U02160,4,CR00048
U02160,5,CR00023
U02161,1,CR00021
U02161,2,CR00058
U02161,3,CR00025
U02161,4,CR00048
U02161,5,CR00023
U02162,1,CR00021
U02162,2,CR00058
U02162,3,CR00025
U02162,4,CR00048
U02162,5,CR00023
U02163,1,CR00021
U02163,2,CR00058
U02163,3,CR00025
U02163,4,CR00048
U02163,5,CR00023
U02164,1,CR00021
U02164,2,CR00058
U02164,3,CR00025
U02164,4,CR00048
U02164,5,CR00023
U02165,1,CR00021
U02165,2,CR00058
U02165,3,CR00025
U02165,4,CR00048
U02165,5,CR00023
U02166,1,CR00021
U02166,2,CR00058
U02166,3,CR00025
U02166,4,CR00048
U02166,5,CR00023
U02167,1,CR00021
U02167,2,CR00058
U02167,3,CR00025
U02167,4,CR00048
U02167,5,CR00023
U02168,1,CR00021
U02168,2,CR00058
U02168,3,CR00025
U02168,4,CR00048
U02168,5,CR00023
U02169,1,CR00021
U02169,2,CR00058
U02169,3,CR00025
U02169,4,CR00048
U02169,5,CR00023
U02170,1,CR00021
U02170,2,CR00058
U02170,3,CR00025
U02170,4,CR00048
U02170,5,CR00023
U02171,1,CR00021
U02171,2,CR00058
U02171,3,CR00025
U02171,4,CR00048
U02171,5,CR00023
U02172,1,CR00021
U02172,2,CR00058
U02172,3,CR00025
U02172,4,CR00048
U02172,5,CR00023
U02173,1,CR00021
U02173,2,CR00058
U02173,3,CR00025
U02173,4,CR00048
U02173,5,CR00023
U02174,1,CR00021
U02174,2,CR00058
U02174,3,CR00025
U02174,4,CR00048
U02174,5,CR00023
U02175,1,CR00021
U02175,2,CR00058
U02175,3,CR00025
U02175,4,CR00048
U02175,5,CR00023
U02176,1,CR00021
U02176,2,CR00058
U02176,3,CR00025
U02176,4,CR00048
U02176,5,CR00023
U02177,1,CR00021
U02177,2,CR00058
U02177,3,CR00025
U02177,4,CR00048
U02177,5,CR00023
U02178,1,CR00021
U02178,2,CR00058
U02178,3,CR00025
U02178,4,CR00048
U02178,5,CR00023
U02179,1,CR00021
U02179,2,CR00058
U02179,3,CR00025
U02179,4,CR00048
U02179,5,CR00023
U02180,1,CR00021
U02180,2,CR00058
U02180,3,CR00025
U02180,4,CR00048
U02180,5,CR00023
U02181,1,CR00021
U02181,2,CR00058
U02181,3,CR00025
U02181,4,CR00048
U02181,5,CR00023
U02182,1,CR00021
U02182,2,CR00058
U02182,3,CR00025
U02182,4,CR00048
U02182,5,CR00023
U02183,1,CR00021
U02183,2,CR00058
U02183,3,CR00025
U02183,4,CR00048
U02183,5,CR00023
U02184,1,CR00021
U02184,2,CR00058
U02184,3,CR00025
U02184,4,CR00048
U02184,5,CR00023
U02185,1,CR00021
U02185,2,CR00058
U02185,3,CR00025
U02185,4,CR00048
U02185,5,CR00023
U02186,1,CR00021
U02186,2,CR00058
U02186,3,CR00025
U02186,4,CR00048
U02186,5,CR00023
U02187,1,CR00021
U02187,2,CR00058
U02187,3,CR00025
U02187,4,CR00048
U02187,5,CR00023
U02188,1,CR00021
U02188,2,CR00058
U02188,3,CR00025
U02188,4,CR00048
U02188,5,CR00023
U02189,1,CR00021
U02189,2,CR00058
U02189,3,CR00025
U02189,4,CR00048
U02189,5,CR00023
U02190,1,CR00021
U02190,2,CR00058
U02190,3,CR00025
U02190,4,CR00048
U02190,5,CR00023
U02191,1,CR00021
U02191,2,CR00058
U02191,3,CR00025
U02191,4,CR00048
U02191,5,CR00023
U02192,1,CR00021
U02192,2,CR00058
U02192,3,CR00025
U02192,4,CR00048
U02192,5,CR00023
U02193,1,CR00021
U02193,2,CR00058
U02193,3,CR00025
U02193,4,CR00048
U02193,5,CR00023
U02194,1,CR00021
U02194,2,CR00058
U02194,3,CR00025
U02194,4,CR00048
U02194,5,CR00023
U02195,1,CR00021
U02195,2,CR00058
U02195,3,CR00025
U02195,4,CR00048
U02195,5,CR00023
U02196,1,CR00021
U02196,2,CR00058
U02196,3,CR00025
U02196,4,CR00048
U02196,5,CR00023
U02197,1,CR00021
U02197,2,CR00058
U02197,3,CR00025
U02197,4,CR00048
U02197,5,CR00023
U02198,1,CR00021
U02198,2,CR00058
U02198,3,CR00025
U02198,4,CR00048
U02198,5,CR00023
U02199,1,CR00021
U02199,2,CR00058
U02199,3,CR00025
U02199,4,CR00048
U02199,5,CR00023
U02200,1,CR00021
U02200,2,CR00058
U02200,3,CR00025
U02200,4,CR00048
U02200,5,CR00023
U02201,1,CR00021
U02201,2,CR00058
U02201,3,CR00025
U02201,4,CR00048
U02201,5,CR00023
U02202,1,CR00021
U02202,2,CR00058
U02202,3,CR00025
U02202,4,CR00048
U02202,5,CR00023
U02203,1,CR00021
U02203,2,CR00058
U02203,3,CR00025
U02203,4,CR00048
U02203,5,CR00023
U02204,1,CR00021
U02204,2,CR00058
U02204,3,CR00025
U02204,4,CR00048
U02204,5,CR00023
U02205,1,CR00021
U02205,2,CR00058
U02205,3,CR00025
U02205,4,CR00048
U02205,5,CR00023
U02206,1,CR00021
U02206,2,CR00058
U02206,3,CR00025
U02206,4,CR00048
U02206,5,CR00023
U02207,1,CR00021
U02207,2,CR00058
U02207,3,CR00025
U02207,4,CR00048
U02207,5,CR00023
U02208,1,CR00021
U02208,2,CR00058
U02208,3,CR00025
U02208,4,CR00048
U02208,5,CR00023
U02209,1,CR00021
U02209,2,CR00058
U02209,3,CR00025
U02209,4,CR00048
U02209,5,CR00023
U02210,1,CR00021
U02210,2,CR00058
U02210,3,CR00025
U02210,4,CR00048
U02210,5,CR00023
U02211,1,CR00021
U02211,2,CR00058
U02211,3,CR00025
U02211,4,CR00048
U02211,5,CR00023
U02212,1,CR00021
U02212,2,CR00058
U02212,3,CR00025
U02212,4,CR00048
U02212,5,CR00023
U02213,1,CR00021
U02213,2,CR00058
U02213,3,CR00025
U02213,4,CR00048
U02213,5,CR00023
U02214,1,CR00021
U02214,2,CR00058
U02214,3,CR00025
U02214,4,CR00048
U02214,5,CR00023
U02215,1,CR00021
U02215,2,CR00058
U02215,3,CR00025
U02215,4,CR00048
U02215,5,CR00023
U02216,1,CR00021
U02216,2,CR00058
U02216,3,CR00025
U02216,4,CR00048
U02216,5,CR00023
U02217,1,CR00021
U02217,2,CR00058
U02217,3,CR00025
U02217,4,CR00048
U02217,5,CR00023
U02218,1,CR00021
U02218,2,CR00058
U02218,3,CR00025
U02218,4,CR00048
U02218,5,CR00023
U02219,1,CR00021
U02219,2,CR00058
U02219,3,CR00025
U02219,4,CR00048
U02219,5,CR00023
U02220,1,CR00021
U02220,2,CR00058
U02220,3,CR00025
U02220,4,CR00048
U02220,5,CR00023
U02221,1,CR00021
U02221,2,CR00058
U02221,3,CR00025
U02221,4,CR00048
U02221,5,CR00023
U02222,1,CR00021
U02222,2,CR00058
U02222,3,CR00025
U02222,4,CR00048
U02222,5,CR00023
U02223,1,CR00021
U02223,2,CR00058
U02223,3,CR00025
U02223,4,CR00048
U02223,5,CR00023
U02224,1,CR00021
U02224,2,CR00058
U02224,3,CR00025
U02224,4,CR00048
U02224,5,CR00023
U02225,1,CR00021
U02225,2,CR00058
U02225,3,CR00025
U02225,4,CR00048
U02225,5,CR00023
U02226,1,CR00021
U02226,2,CR00058
U02226,3,CR00025
U02226,4,CR00048
U02226,5,CR00023
U02227,1,CR00021
U02227,2,CR00058
U02227,3,CR00025
U02227,4,CR00048
U02227,5,CR00023
U02228,1,CR00021
U02228,2,CR00058
U02228,3,CR00025
U02228,4,CR00048
U02228,5,CR00023
U02229,1,CR00021
U02229,2,CR00058
U02229,3,CR00025
U02229,4,CR00048
U02229,5,CR00023
U02230,1,CR00021
U02230,2,CR00058
U02230,3,CR00025
U02230,4,CR00048
U02230,5,CR00023
U02231,1,CR00021
U02231,2,CR00058
U02231,3,CR00025
U02231,4,CR00048
U02231,5,CR00023
U02232,1,CR00021
U02232,2,CR00058
U02232,3,CR00025
U02232,4,CR00048
U02232,5,CR00023
U02233,1,CR00021
U02233,2,CR00058
U02233,3,CR00025
U02233,4,CR00048
U02233,5,CR00023
U02234,1,CR00021
U02234,2,CR00058
U02234,3,CR00025
U02234,4,CR00048
U02234,5,CR00023
U02235,1,CR00021
U02235,2,CR00058
U02235,3,CR00025
U02235,4,CR00048
U02235,5,CR00023
U02236,1,CR00021
U02236,2,CR00058
U02236,3,CR00025
U02236,4,CR00048
U02236,5,CR00023
U02237,1,CR00021
U02237,2,CR00058
U02237,3,CR00025
U02237,4,CR00048
U02237,5,CR00023
U02238,1,CR00021
U02238,2,CR00058
U02238,3,CR00025
U02238,4,CR00048
U02238,5,CR00023
U02239,1,CR00021
U02239,2,CR00058
U02239,3,CR00025
U02239,4,CR00048
U02239,5,CR00023
U02240,1,CR00021
U02240,2,CR00058
U02240,3,CR00025
U02240,4,CR00048
U02240,5,CR00023
U02241,1,CR00021
U02241,2,CR00058
U02241,3,CR00025
U02241,4,CR00048
U02241,5,CR00023
U02242,1,CR00021
U02242,2,CR00058
U02242,3,CR00025
U02242,4,CR00048
U02242,5,CR00023
U02243,1,CR00021
U02243,2,CR00058
U02243,3,CR00025
U02243,4,CR00048
U02243,5,CR00023
U02244,1,CR00021
U02244,2,CR00058
U02244,3,CR00025
U02244,4,CR00048
U02244,5,CR00023
U02245,1,CR00021
U02245,2,CR00058
U02245,3,CR00025
U02245,4,CR00048
U02245,5,CR00023
U02246,1,CR00021
U02246,2,CR00058
U02246,3,CR00025
U02246,4,CR00048
U02246,5,CR00023
U02247,1,CR00021
U02247,2,CR00058
U02247,3,CR00025
U02247,4,CR00048
U02247,5,CR00023
U02248,1,CR00021
U02248,2,CR00058
U02248,3,CR00025
U02248,4,CR00048
U02248,5,CR00023
U02249,1,CR00021
U02249,2,CR00058
U02249,3,CR00025
U02249,4,CR00048
U02249,5,CR00023
U02250,1,CR00021
U02250,2,CR00058
U02250,3,CR00025
U02250,4,CR00048
U02250,5,CR00023
U02251,1,CR00021
U02251,2,CR00058
U02251,3,CR00025
U02251,4,CR00048
U02251,5,CR00023
U02252,1,CR00021
U02252,2,CR00058
U02252,3,CR00025
U02252,4,CR00048
U02252,5,CR00023
U02253,1,CR00021
U02253,2,CR00058
U02253,3,CR00025
U02253,4,CR00048
U02253,5,CR00023
U02254,1,CR00021
U02254,2,CR00058
U02254,3,CR00025
U02254,4,CR00048
U02254,5,CR00023
U02255,1,CR00021
U02255,2,CR00058
U02255,3,CR00025
U02255,4,CR00048
U02255,5,CR00023
U02256,1,CR00021
U02256,2,CR00058
U02256,3,CR00025
U02256,4,CR00048
U02256,5,CR00023
U02257,1,CR00021
U02257,2,CR00058
U02257,3,CR00025
U02257,4,CR00048
U02257,5,CR00023
U02258,1,CR00021
U02258,2,CR00058
U02258,3,CR00025
U02258,4,CR00048
U02258,5,CR00023
U02259,1,CR00021
U02259,2,CR00058
U02259,3,CR00025
U02259,4,CR00048
U02259,5,CR00023
U02260,1,CR00021
U02260,2,CR00058
U02260,3,CR00025
U02260,4,CR00048
U02260,5,CR00023
U02261,1,CR00021
U02261,2,CR00058
U02261,3,CR00025
U02261,4,CR00048
U02261,5,CR00023
U02262,1,CR00021
U02262,2,CR00058
U02262,3,CR00025
U02262,4,CR00048
U02262,5,CR00023
U02263,1,CR00021
U02263,2,CR00058
U02263,3,CR00025
U02263,4,CR00048
U02263,5,CR00023
U02264,1,CR00021
U02264,2,CR00058
U02264,3,CR00025
U02264,4,CR00048
U02264,5,CR00023
U02265,1,CR00021
U02265,2,CR00058
U02265,3,CR00025
U02265,4,CR00048
U02265,5,CR00023
U02266,1,CR00021
U02266,2,CR00058
U02266,3,CR00025
U02266,4,CR00048
U02266,5,CR00023
U02267,1,CR00021
U02267,2,CR00058
U02267,3,CR00025
U02267,4,CR00048
U02267,5,CR00023
U02268,1,CR00021
U02268,2,CR00058
U02268,3,CR00025
U02268,4,CR00048
U02268,5,CR00023
U02269,1,CR00021
U02269,2,CR00058
U02269,3,CR00025
U02269,4,CR00048
U02269,5,CR00023
U02270,1,CR00021
U02270,2,CR00058
U02270,3,CR00025
U02270,4,CR00048
U02270,5,CR00023
U02271,1,CR00021
U02271,2,CR00058
U02271,3,CR00025
U02271,4,CR00048
U02271,5,CR00023
U02272,1,CR00021
U02272,2,CR00058
U02272,3,CR00025
U02272,4,CR00048
U02272,5,CR00023
U02273,1,CR00021
U02273,2,CR00058
U02273,3,CR00025
U02273,4,CR00048
U02273,5,CR00023
U02274,1,CR00021
U02274,2,CR00058
U02274,3,CR00025
U02274,4,CR00048
U02274,5,CR00023
U02275,1,CR00021
U02275,2,CR00058
U02275,3,CR00025
U02275,4,CR00048
U02275,5,CR00023
U02276,1,CR00021
U02276,2,CR00058
U02276,3,CR00025
U02276,4,CR00048
U02276,5,CR00023
U02277,1,CR00021
U02277,2,CR00058
U02277,3,CR00025
U02277,4,CR00048
U02277,5,CR00023
U02278,1,CR00021
U02278,2,CR00058
U02278,3,CR00025
U02278,4,CR00048
U02278,5,CR00023
U02279,1,CR00021
U02279,2,CR00058
U02279,3,CR00025
U02279,4,CR00048
U02279,5,CR00023
U02280,1,CR00021
U02280,2,CR00058
U02280,3,CR00025
U02280,4,CR00048
U02280,5,CR00023
U02281,1,CR00021
U02281,2,CR00058
U02281,3,CR00025
U02281,4,CR00048
U02281,5,CR00023
U02282,1,CR00021
U02282,2,CR00058
U02282,3,CR00025
U02282,4,CR00048
U02282,5,CR00023
U02283,1,CR00021
U02283,2,CR00058
U02283,3,CR00025
U02283,4,CR00048
U02283,5,CR00023
U02284,1,CR00021
U02284,2,CR00058
U02284,3,CR00025
U02284,4,CR00048
U02284,5,CR00023
U02285,1,CR00021
U02285,2,CR00058
U02285,3,CR00025
U02285,4,CR00048
U02285,5,CR00023
U02286,1,CR00021
U02286,2,CR00058
U02286,3,CR00025
U02286,4,CR00048
U02286,5,CR00023
U02287,1,CR00021
U02287,2,CR00058
U02287,3,CR00025
U02287,4,CR00048
U02287,5,CR00023
U02288,1,CR00021
U02288,2,CR00058
U02288,3,CR00025
U02288,4,CR00048
U02288,5,CR00023
U02289,1,CR00021
U02289,2,CR00058
U02289,3,CR00025
U02289,4,CR00048
U02289,5,CR00023
U02290,1,CR00021
U02290,2,CR00058
U02290,3,CR00025
U02290,4,CR00048
U02290,5,CR00023
U02291,1,CR00021
U02291,2,CR00058
U02291,3,CR00025
U02291,4,CR00048
U02291,5,CR00023
U02292,1,CR00021
U02292,2,CR00058
U02292,3,CR00025
U02292,4,CR00048
U02292,5,CR00023
U02293,1,CR00021
U02293,2,CR00058
U02293,3,CR00025
U02293,4,CR00048
U02293,5,CR00023
U02294,1,CR00021
U02294,2,CR00058
U02294,3,CR00025
U02294,4,CR00048
U02294,5,CR00023
U02295,1,CR00021
U02295,2,CR00058
U02295,3,CR00025
U02295,4,CR00048
U02295,5,CR00023
U02296,1,CR00021
U02296,2,CR00058
U02296,3,CR00025
U02296,4,CR00048
U02296,5,CR00023
U02297,1,CR00021
U02297,2,CR00058
U02297,3,CR00025
U02297,4,CR00048
U02297,5,CR00023
U02298,1,CR00021
U02298,2,CR00058
U02298,3,CR00025
U02298,4,CR00048
U02298,5,CR00023
U02299,1,CR00021
U02299,2,CR00058
U02299,3,CR00025
U02299,4,CR00048
U02299,5,CR00023
U02300,1,CR00021
U02300,2,CR00058
U02300,3,CR00025
U02300,4,CR00048
U02300,5,CR00023
U02301,1,CR00021
U02301,2,CR00058
U02301,3,CR00025
U02301,4,CR00048
U02301,5,CR00023
U02302,1,CR00021
U02302,2,CR00058
U02302,3,CR00025
U02302,4,CR00048
U02302,5,CR00023
U02303,1,CR00021
U02303,2,CR00058
U02303,3,CR00025
U02303,4,CR00048
U02303,5,CR00023
U02304,1,CR00021
U02304,2,CR00058
U02304,3,CR00025
U02304,4,CR00048
U02304,5,CR00023
U02305,1,CR00021
U02305,2,CR00058
U02305,3,CR00025
U02305,4,CR00048
U02305,5,CR00023
U02306,1,CR00021
U02306,2,CR00058
U02306,3,CR00025
U02306,4,CR00048
U02306,5,CR00023
U02307,1,CR00021
U02307,2,CR00058
U02307,3,CR00025
U02307,4,CR00048
U02307,5,CR00023
U02308,1,CR00021
U02308,2,CR00058
U02308,3,CR00025
U02308,4,CR00048
U02308,5,CR00023
U02309,1,CR00021
U02309,2,CR00058
U02309,3,CR00025
U02309,4,CR00048
U02309,5,CR00023
U02310,1,CR00021
U02310,2,CR00058
U02310,3,CR00025
U02310,4,CR00048
U02310,5,CR00023
U02311,1,CR00021
U02311,2,CR00058
U02311,3,CR00025
U02311,4,CR00048
U02311,5,CR00023
U02312,1,CR00021
U02312,2,CR00058
U02312,3,CR00025
U02312,4,CR00048
U02312,5,CR00023
U02313,1,CR00021
U02313,2,CR00058
U02313,3,CR00025
U02313,4,CR00048
U02313,5,CR00023
U02314,1,CR00021
U02314,2,CR00058
U02314,3,CR00025
U02314,4,CR00048
U02314,5,CR00023
U02315,1,CR00021
U02315,2,CR00058
U02315,3,CR00025
U02315,4,CR00048
U02315,5,CR00023
U02316,1,CR00021
U02316,2,CR00058
U02316,3,CR00025
U02316,4,CR00048
U02316,5,CR00023
U02317,1,CR00021
U02317,2,CR00058
U02317,3,CR00025
U02317,4,CR00048
U02317,5,CR00023
U02318,1,CR00021
U02318,2,CR00058
U02318,3,CR00025
U02318,4,CR00048
U02318,5,CR00023
U02319,1,CR00021
U02319,2,CR00058
U02319,3,CR00025
U02319,4,CR00048
U02319,5,CR00023
U02320,1,CR00021
U02320,2,CR00058
U02320,3,CR00025
U02320,4,CR00048
U02320,5,CR00023
U02321,1,CR00021
U02321,2,CR00058
U02321,3,CR00025
U02321,4,CR00048
U02321,5,CR00023
U02322,1,CR00021
U02322,2,CR00058
U02322,3,CR00025
U02322,4,CR00048
U02322,5,CR00023
U02323,1,CR00021
U02323,2,CR00058
U02323,3,CR00025
U02323,4,CR00048
U02323,5,CR00023
U02324,1,CR00021
U02324,2,CR00058
U02324,3,CR00025
U02324,4,CR00048
U02324,5,CR00023
U02325,1,CR00021
U02325,2,CR00058
U02325,3,CR00025
U02325,4,CR00048
U02325,5,CR00023
U02326,1,CR00021
U02326,2,CR00058
U02326,3,CR00025
U02326,4,CR00048
U02326,5,CR00023
U02327,1,CR00021
U02327,2,CR00058
U02327,3,CR00025
U02327,4,CR00048
U02327,5,CR00023
U02328,1,CR00021
U02328,2,CR00058
U02328,3,CR00025
U02328,4,CR00048
U02328,5,CR00023
U02329,1,CR00021
U02329,2,CR00058
U02329,3,CR00025
U02329,4,CR00048
U02329,5,CR00023
U02330,1,CR00021
U02330,2,CR00058
U02330,3,CR00025
U02330,4,CR00048
U02330,5,CR00023
U02331,1,CR00021
U02331,2,CR00058
U02331,3,CR00025
U02331,4,CR00048
U02331,5,CR00023
U02332,1,CR00021
U02332,2,CR00058
U02332,3,CR00025
U02332,4,CR00048
U02332,5,CR00023
U02333,1,CR00021
U02333,2,CR00058
U02333,3,CR00025
U02333,4,CR00048
U02333,5,CR00023
U02334,1,CR00021
U02334,2,CR00058
U02334,3,CR00025
U02334,4,CR00048
U02334,5,CR00023
U02335,1,CR00021
U02335,2,CR00058
U02335,3,CR00025
U02335,4,CR00048
U02335,5,CR00023
U02336,1,CR00021
U02336,2,CR00058
U02336,3,CR00025
U02336,4,CR00048
U02336,5,CR00023
U02337,1,CR00021
U02337,2,CR00058
U02337,3,CR00025
U02337,4,CR00048
U02337,5,CR00023
U02338,1,CR00021
U02338,2,CR00058
U02338,3,CR00025
U02338,4,CR00048
U02338,5,CR00023
U02339,1,CR00021
U02339,2,CR00058
U02339,3,CR00025
U02339,4,CR00048
U02339,5,CR00023
U02340,1,CR00021
U02340,2,CR00058
U02340,3,CR00025
U02340,4,CR00048
U02340,5,CR00023
U02341,1,CR00021
U02341,2,CR00058
U02341,3,CR00025
U02341,4,CR00048
U02341,5,CR00023
U02342,1,CR00021
U02342,2,CR00058
U02342,3,CR00025
U02342,4,CR00048
U02342,5,CR00023
U02343,1,CR00021
U02343,2,CR00058
U02343,3,CR00025
U02343,4,CR00048
U02343,5,CR00023
U02344,1,CR00021
U02344,2,CR00058
U02344,3,CR00025
U02344,4,CR00048
U02344,5,CR00023
U02345,1,CR00021
U02345,2,CR00058
U02345,3,CR00025
U02345,4,CR00048
U02345,5,CR00023
U02346,1,CR00021
U02346,2,CR00058
U02346,3,CR00025
U02346,4,CR00048
U02346,5,CR00023
U02347,1,CR00021
U02347,2,CR00058
U02347,3,CR00025
U02347,4,CR00048
U02347,5,CR00023
U02348,1,CR00021
U02348,2,CR00058
U02348,3,CR00025
U02348,4,CR00048
U02348,5,CR00023
U02349,1,CR00021
U02349,2,CR00058
U02349,3,CR00025
U02349,4,CR00048
U02349,5,CR00023
U02350,1,CR00021
U02350,2,CR00058
U02350,3,CR00025
U02350,4,CR00048
U02350,5,CR00023
U02351,1,CR00021
U02351,2,CR00058
U02351,3,CR00025
U02351,4,CR00048
U02351,5,CR00023
U02352,1,CR00021
U02352,2,CR00058
U02352,3,CR00025
U02352,4,CR00048
U02352,5,CR00023
U02353,1,CR00021
U02353,2,CR00058
U02353,3,CR00025
U02353,4,CR00048
U02353,5,CR00023
U02354,1,CR00021
U02354,2,CR00058
U02354,3,CR00025
U02354,4,CR00048
U02354,5,CR00023
U02355,1,CR00021
U02355,2,CR00058
U02355,3,CR00025
U02355,4,CR00048
U02355,5,CR00023
U02356,1,CR00021
U02356,2,CR00058
U02356,3,CR00025
U02356,4,CR00048
U02356,5,CR00023
U02357,1,CR00021
U02357,2,CR00058
U02357,3,CR00025
U02357,4,CR00048
U02357,5,CR00023
U02358,1,CR00021
U02358,2,CR00058
U02358,3,CR00025
U02358,4,CR00048
U02358,5,CR00023
U02359,1,CR00021
U02359,2,CR00058
U02359,3,CR00025
U02359,4,CR00048
U02359,5,CR00023
U02360,1,CR00021
U02360,2,CR00058
U02360,3,CR00025
U02360,4,CR00048
U02360,5,CR00023
U02361,1,CR00021
U02361,2,CR00058
U02361,3,CR00025
U02361,4,CR00048
U02361,5,CR00023
U02362,1,CR00021
U02362,2,CR00058
U02362,3,CR00025
U02362,4,CR00048
U02362,5,CR00023
U02363,1,CR00021
U02363,2,CR00058
U02363,3,CR00025
U02363,4,CR00048
U02363,5,CR00023
U02364,1,CR00021
U02364,2,CR00058
U02364,3,CR00025
U02364,4,CR00048
U02364,5,CR00023
U02365,1,CR00021
U02365,2,CR00058
U02365,3,CR00025
U02365,4,CR00048
U02365,5,CR00023
U02366,1,CR00021
U02366,2,CR00058
U02366,3,CR00025
U02366,4,CR00048
U02366,5,CR00023
U02367,1,CR00021
U02367,2,CR00058
U02367,3,CR00025
U02367,4,CR00048
U02367,5,CR00023
U02368,1,CR00021
U02368,2,CR00058
U02368,3,CR00025
U02368,4,CR00048
U02368,5,CR00023
U02369,1,CR00021
U02369,2,CR00058
U02369,3,CR00025
U02369,4,CR00048
U02369,5,CR00023
U02370,1,CR00021
U02370,2,CR00058
U02370,3,CR00025
U02370,4,CR00048
U02370,5,CR00023
U02371,1,CR00021
U02371,2,CR00058
U02371,3,CR00025
U02371,4,CR00048
U02371,5,CR00023
U02372,1,CR00021
U02372,2,CR00058
U02372,3,CR00025
U02372,4,CR00048
U02372,5,CR00023
U02373,1,CR00021
U02373,2,CR00058
U02373,3,CR00025
U02373,4,CR00048
U02373,5,CR00023
U02374,1,CR00021
U02374,2,CR00058
U02374,3,CR00025
U02374,4,CR00048
U02374,5,CR00023
U02375,1,CR00021
U02375,2,CR00058
U02375,3,CR00025
U02375,4,CR00048
U02375,5,CR00023
U02376,1,CR00021
U02376,2,CR00058
U02376,3,CR00025
U02376,4,CR00048
U02376,5,CR00023
U02377,1,CR00021
U02377,2,CR00058
U02377,3,CR00025
U02377,4,CR00048
U02377,5,CR00023
U02378,1,CR00021
U02378,2,CR00058
U02378,3,CR00025
U02378,4,CR00048
U02378,5,CR00023
U02379,1,CR00021
U02379,2,CR00058
U02379,3,CR00025
U02379,4,CR00048
U02379,5,CR00023
U02380,1,CR00021
U02380,2,CR00058
U02380,3,CR00025
U02380,4,CR00048
U02380,5,CR00023
U02381,1,CR00021
U02381,2,CR00058
U02381,3,CR00025
U02381,4,CR00048
U02381,5,CR00023
U02382,1,CR00021
U02382,2,CR00058
U02382,3,CR00025
U02382,4,CR00048
U02382,5,CR00023
U02383,1,CR00021
U02383,2,CR00058
U02383,3,CR00025
U02383,4,CR00048
U02383,5,CR00023
U02384,1,CR00021
U02384,2,CR00058
U02384,3,CR00025
U02384,4,CR00048
U02384,5,CR00023
U02385,1,CR00021
U02385,2,CR00058
U02385,3,CR00025
U02385,4,CR00048
U02385,5,CR00023
U02386,1,CR00021
U02386,2,CR00058
U02386,3,CR00025
U02386,4,CR00048
U02386,5,CR00023
U02387,1,CR00021
U02387,2,CR00058
U02387,3,CR00025
U02387,4,CR00048
U02387,5,CR00023
U02388,1,CR00021
U02388,2,CR00058
U02388,3,CR00025
U02388,4,CR00048
U02388,5,CR00023
U02389,1,CR00021
U02389,2,CR00058
U02389,3,CR00025
U02389,4,CR00048
U02389,5,CR00023
U02390,1,CR00021
U02390,2,CR00058
U02390,3,CR00025
U02390,4,CR00048
U02390,5,CR00023
U02391,1,CR00021
U02391,2,CR00058
U02391,3,CR00025
U02391,4,CR00048
U02391,5,CR00023
U02392,1,CR00021
U02392,2,CR00058
U02392,3,CR00025
U02392,4,CR00048
U02392,5,CR00023
U02393,1,CR00021
U02393,2,CR00058
U02393,3,CR00025
U02393,4,CR00048
U02393,5,CR00023
U02394,1,CR00021
U02394,2,CR00058
U02394,3,CR00025
U02394,4,CR00048
U02394,5,CR00023
U02395,1,CR00021
U02395,2,CR00058
U02395,3,CR00025
U02395,4,CR00048
U02395,5,CR00023
U02396,1,CR00021
U02396,2,CR00058
U02396,3,CR00025
U02396,4,CR00048
U02396,5,CR00023
U02397,1,CR00021
U02397,2,CR00058
U02397,3,CR00025
U02397,4,CR00048
U02397,5,CR00023
U02398,1,CR00021
U02398,2,CR00058
U02398,3,CR00025
U02398,4,CR00048
U02398,5,CR00023
U02399,1,CR00021
U02399,2,CR00058
U02399,3,CR00025
U02399,4,CR00048
U02399,5,CR00023
U02400,1,CR00021
U02400,2,CR00058
U02400,3,CR00025
U02400,4,CR00048
U02400,5,CR00023
U02401,1,CR00021
U02401,2,CR00058
U02401,3,CR00025
U02401,4,CR00048
U02401,5,CR00023
U02402,1,CR00021
U02402,2,CR00058
U02402,3,CR00025
U02402,4,CR00048
U02402,5,CR00023
U02403,1,CR00021
U02403,2,CR00058
U02403,3,CR00025
U02403,4,CR00048
U02403,5,CR00023
U02404,1,CR00021
U02404,2,CR00058
U02404,3,CR00025
U02404,4,CR00048
U02404,5,CR00023
U02405,1,CR00021
U02405,2,CR00058
U02405,3,CR00025
U02405,4,CR00048
U02405,5,CR00023
U02406,1,CR00021
U02406,2,CR00058
U02406,3,CR00025
U02406,4,CR00048
U02406,5,CR00023
U02407,1,CR00021
U02407,2,CR00058
U02407,3,CR00025
U02407,4,CR00048
U02407,5,CR00023
U02408,1,CR00021
U02408,2,CR00058
U02408,3,CR00025
U02408,4,CR00048
U02408,5,CR00023
U02409,1,CR00021
U02409,2,CR00058
U02409,3,CR00025
U02409,4,CR00048
U02409,5,CR00023
U02410,1,CR00021
U02410,2,CR00058
U02410,3,CR00025
U02410,4,CR00048
U02410,5,CR00023
U02411,1,CR00021
U02411,2,CR00058
U02411,3,CR00025
U02411,4,CR00048
U02411,5,CR00023
U02412,1,CR00021
U02412,2,CR00058
U02412,3,CR00025
U02412,4,CR00048
U02412,5,CR00023
U02413,1,CR00021
U02413,2,CR00058
U02413,3,CR00025
U02413,4,CR00048
U02413,5,CR00023
U02414,1,CR00021
U02414,2,CR00058
U02414,3,CR00025
U02414,4,CR00048
U02414,5,CR00023
U02415,1,CR00021
U02415,2,CR00058
U02415,3,CR00025
U02415,4,CR00048
U02415,5,CR00023
U02416,1,CR00021
U02416,2,CR00058
U02416,3,CR00025
U02416,4,CR00048
U02416,5,CR00023
U02417,1,CR00021
U02417,2,CR00058
U02417,3,CR00025
U02417,4,CR00048
U02417,5,CR00023
U02418,1,CR00021
U02418,2,CR00058
U02418,3,CR00025
U02418,4,CR00048
U02418,5,CR00023
U02419,1,CR00021
U02419,2,CR00058
U02419,3,CR00025
U02419,4,CR00048
U02419,5,CR00023
U02420,1,CR00021
U02420,2,CR00058
U02420,3,CR00025
U02420,4,CR00048
U02420,5,CR00023
U02421,1,CR00021
U02421,2,CR00058
U02421,3,CR00025
U02421,4,CR00048
U02421,5,CR00023
U02422,1,CR00021
U02422,2,CR00058
U02422,3,CR00025
U02422,4,CR00048
U02422,5,CR00023
U02423,1,CR00021
U02423,2,CR00058
U02423,3,CR00025
U02423,4,CR00048
U02423,5,CR00023
U02424,1,CR00021
U02424,2,CR00058
U02424,3,CR00025
U02424,4,CR00048
U02424,5,CR00023
U02425,1,CR00021
U02425,2,CR00058
U02425,3,CR00025
U02425,4,CR00048
U02425,5,CR00023
U02426,1,CR00021
U02426,2,CR00058
U02426,3,CR00025
U02426,4,CR00048
U02426,5,CR00023
U02427,1,CR00021
U02427,2,CR00058
U02427,3,CR00025
U02427,4,CR00048
U02427,5,CR00023
U02428,1,CR00021
U02428,2,CR00058
U02428,3,CR00025
U02428,4,CR00048
U02428,5,CR00023
U02429,1,CR00021
U02429,2,CR00058
U02429,3,CR00025
U02429,4,CR00048
U02429,5,CR00023
U02430,1,CR00021
U02430,2,CR00058
U02430,3,CR00025
U02430,4,CR00048
U02430,5,CR00023
U02431,1,CR00021
U02431,2,CR00058
U02431,3,CR00025
U02431,4,CR00048
U02431,5,CR00023
U02432,1,CR00021
U02432,2,CR00058
U02432,3,CR00025
U02432,4,CR00048
U02432,5,CR00023
U02433,1,CR00021
U02433,2,CR00058
U02433,3,CR00025
U02433,4,CR00048
U02433,5,CR00023
U02434,1,CR00021
U02434,2,CR00058
U02434,3,CR00025
U02434,4,CR00048
U02434,5,CR00023
U02435,1,CR00021
U02435,2,CR00058
U02435,3,CR00025
U02435,4,CR00048
U02435,5,CR00023
U02436,1,CR00021
U02436,2,CR00058
U02436,3,CR00025
U02436,4,CR00048
U02436,5,CR00023
U02437,1,CR00021
U02437,2,CR00058
U02437,3,CR00025
U02437,4,CR00048
U02437,5,CR00023
U02438,1,CR00021
U02438,2,CR00058
U02438,3,CR00025
U02438,4,CR00048
U02438,5,CR00023
U02439,1,CR00021
U02439,2,CR00058
U02439,3,CR00025
U02439,4,CR00048
U02439,5,CR00023
U02440,1,CR00021
U02440,2,CR00058
U02440,3,CR00025
U02440,4,CR00048
U02440,5,CR00023
U02441,1,CR00021
U02441,2,CR00058
U02441,3,CR00025
U02441,4,CR00048
U02441,5,CR00023
U02442,1,CR00021
U02442,2,CR00058
U02442,3,CR00025
U02442,4,CR00048
U02442,5,CR00023
U02443,1,CR00021
U02443,2,CR00058
U02443,3,CR00025
U02443,4,CR00048
U02443,5,CR00023
U02444,1,CR00021
U02444,2,CR00058
U02444,3,CR00025
U02444,4,CR00048
U02444,5,CR00023
U02445,1,CR00021
U02445,2,CR00058
U02445,3,CR00025
U02445,4,CR00048
U02445,5,CR00023
U02446,1,CR00021
U02446,2,CR00058
U02446,3,CR00025
U02446,4,CR00048
U02446,5,CR00023
U02447,1,CR00021
U02447,2,CR00058
U02447,3,CR00025
U02447,4,CR00048
U02447,5,CR00023
U02448,1,CR00021
U02448,2,CR00058
U02448,3,CR00025
U02448,4,CR00048
U02448,5,CR00023
U02449,1,CR00021
U02449,2,CR00058
U02449,3,CR00025
U02449,4,CR00048
U02449,5,CR00023
U02450,1,CR00021
U02450,2,CR00058
U02450,3,CR00025
U02450,4,CR00048
U02450,5,CR00023
U02451,1,CR00021
U02451,2,CR00058
U02451,3,CR00025
U02451,4,CR00048
U02451,5,CR00023
U02452,1,CR00021
U02452,2,CR00058
U02452,3,CR00025
U02452,4,CR00048
U02452,5,CR00023
U02453,1,CR00021
U02453,2,CR00058
U02453,3,CR00025
U02453,4,CR00048
U02453,5,CR00023
U02454,1,CR00021
U02454,2,CR00058
U02454,3,CR00025
U02454,4,CR00048
U02454,5,CR00023
U02455,1,CR00021
U02455,2,CR00058
U02455,3,CR00025
U02455,4,CR00048
U02455,5,CR00023
U02456,1,CR00021
U02456,2,CR00058
U02456,3,CR00025
U02456,4,CR00048
U02456,5,CR00023
U02457,1,CR00021
U02457,2,CR00058
U02457,3,CR00025
U02457,4,CR00048
U02457,5,CR00023
U02458,1,CR00021
U02458,2,CR00058
U02458,3,CR00025
U02458,4,CR00048
U02458,5,CR00023
U02459,1,CR00021
U02459,2,CR00058
U02459,3,CR00025
U02459,4,CR00048
U02459,5,CR00023
U02460,1,CR00021
U02460,2,CR00058
U02460,3,CR00025
U02460,4,CR00048
U02460,5,CR00023
U02461,1,CR00021
U02461,2,CR00058
U02461,3,CR00025
U02461,4,CR00048
U02461,5,CR00023
U02462,1,CR00021
U02462,2,CR00058
U02462,3,CR00025
U02462,4,CR00048
U02462,5,CR00023
U02463,1,CR00021
U02463,2,CR00058
U02463,3,CR00025
U02463,4,CR00048
U02463,5,CR00023
U02464,1,CR00021
U02464,2,CR00058
U02464,3,CR00025
U02464,4,CR00048
U02464,5,CR00023
U02465,1,CR00021
U02465,2,CR00058
U02465,3,CR00025
U02465,4,CR00048
U02465,5,CR00023
U02466,1,CR00021
U02466,2,CR00058
U02466,3,CR00025
U02466,4,CR00048
U02466,5,CR00023
U02467,1,CR00021
U02467,2,CR00058
U02467,3,CR00025
U02467,4,CR00048
U02467,5,CR00023
U02468,1,CR00021
U02468,2,CR00058
U02468,3,CR00025
U02468,4,CR00048
U02468,5,CR00023
U02469,1,CR00021
U02469,2,CR00058
U02469,3,CR00025
U02469,4,CR00048
U02469,5,CR00023
U02470,1,CR00021
U02470,2,CR00058
U02470,3,CR00025
U02470,4,CR00048
U02470,5,CR00023
U02471,1,CR00021
U02471,2,CR00058
U02471,3,CR00025
U02471,4,CR00048
U02471,5,CR00023
U02472,1,CR00021
U02472,2,CR00058
U02472,3,CR00025
U02472,4,CR00048
U02472,5,CR00023
U02473,1,CR00021
U02473,2,CR00058
U02473,3,CR00025
U02473,4,CR00048
U02473,5,CR00023
U02474,1,CR00021
U02474,2,CR00058
U02474,3,CR00025
U02474,4,CR00048
U02474,5,CR00023
U02475,1,CR00021
U02475,2,CR00058
U02475,3,CR00025
U02475,4,CR00048
U02475,5,CR00023
U02476,1,CR00021
U02476,2,CR00058
U02476,3,CR00025
U02476,4,CR00048
U02476,5,CR00023
U02477,1,CR00021
U02477,2,CR00058
U02477,3,CR00025
U02477,4,CR00048
U02477,5,CR00023
U02478,1,CR00021
U02478,2,CR00058
U02478,3,CR00025
U02478,4,CR00048
U02478,5,CR00023
U02479,1,CR00021
U02479,2,CR00058
U02479,3,CR00025
U02479,4,CR00048
U02479,5,CR00023
U02480,1,CR00021
U02480,2,CR00058
U02480,3,CR00025
U02480,4,CR00048
U02480,5,CR00023
U02481,1,CR00021
U02481,2,CR00058
U02481,3,CR00025
U02481,4,CR00048
U02481,5,CR00023
U02482,1,CR00021
U02482,2,CR00058
U02482,3,CR00025
U02482,4,CR00048
U02482,5,CR00023
U02483,1,CR00021
U02483,2,CR00058
U02483,3,CR00025
U02483,4,CR00048
U02483,5,CR00023
U02484,1,CR00021
U02484,2,CR00058
U02484,3,CR00025
U02484,4,CR00048
U02484,5,CR00023
U02485,1,CR00021
U02485,2,CR00058
U02485,3,CR00025
U02485,4,CR00048
U02485,5,CR00023
U02486,1,CR00021
U02486,2,CR00058
U02486,3,CR00025
U02486,4,CR00048
U02486,5,CR00023
U02487,1,CR00021
U02487,2,CR00058
U02487,3,CR00025
U02487,4,CR00048
U02487,5,CR00023
U02488,1,CR00021
U02488,2,CR00058
U02488,3,CR00025
U02488,4,CR00048
U02488,5,CR00023
U02489,1,CR00021
U02489,2,CR00058
U02489,3,CR00025
U02489,4,CR00048
U02489,5,CR00023
U02490,1,CR00021
U02490,2,CR00058
U02490,3,CR00025
U02490,4,CR00048
U02490,5,CR00023
U02491,1,CR00021
U02491,2,CR00058
U02491,3,CR00025
U02491,4,CR00048
U02491,5,CR00023
U02492,1,CR00021
U02492,2,CR00058
U02492,3,CR00025
U02492,4,CR00048
U02492,5,CR00023
U02493,1,CR00021
U02493,2,CR00058
U02493,3,CR00025
U02493,4,CR00048
U02493,5,CR00023
U02494,1,CR00021
U02494,2,CR00058
U02494,3,CR00025
U02494,4,CR00048
U02494,5,CR00023
U02495,1,CR00021
U02495,2,CR00058
U02495,3,CR00025
U02495,4,CR00048
U02495,5,CR00023
U02496,1,CR00021
U02496,2,CR00058
U02496,3,CR00025
U02496,4,CR00048
U02496,5,CR00023
U02497,1,CR00021
U02497,2,CR00058
U02497,3,CR00025
U02497,4,CR00048
U02497,5,CR00023
U02498,1,CR00021
U02498,2,CR00058
U02498,3,CR00025
U02498,4,CR00048
U02498,5,CR00023
U02499,1,CR00021
U02499,2,CR00058
U02499,3,CR00025
U02499,4,CR00048
U02499,5,CR00023
U02500,1,CR00021
U02500,2,CR00058
U02500,3,CR00025
U02500,4,CR00048
U02500,5,CR00023
U02501,1,CR00021
U02501,2,CR00058
U02501,3,CR00025
U02501,4,CR00048
U02501,5,CR00023
U02502,1,CR00021
U02502,2,CR00058
U02502,3,CR00025
U02502,4,CR00048
U02502,5,CR00023
U02503,1,CR00021
U02503,2,CR00058
U02503,3,CR00025
U02503,4,CR00048
U02503,5,CR00023
U02504,1,CR00021
U02504,2,CR00058
U02504,3,CR00025
U02504,4,CR00048
U02504,5,CR00023
U02505,1,CR00021
U02505,2,CR00058
U02505,3,CR00025
U02505,4,CR00048
U02505,5,CR00023
U02506,1,CR00021
U02506,2,CR00058
U02506,3,CR00025
U02506,4,CR00048
U02506,5,CR00023
U02507,1,CR00021
U02507,2,CR00058
U02507,3,CR00025
U02507,4,CR00048
U02507,5,CR00023
U02508,1,CR00021
U02508,2,CR00058
U02508,3,CR00025
U02508,4,CR00048
U02508,5,CR00023
U02509,1,CR00021
U02509,2,CR00058
U02509,3,CR00025
U02509,4,CR00048
U02509,5,CR00023
U02510,1,CR00021
U02510,2,CR00058
U02510,3,CR00025
U02510,4,CR00048
U02510,5,CR00023
U02511,1,CR00021
U02511,2,CR00058
U02511,3,CR00025
U02511,4,CR00048
U02511,5,CR00023
U02512,1,CR00021
U02512,2,CR00058
U02512,3,CR00025
U02512,4,CR00048
U02512,5,CR00023
U02513,1,CR00021
U02513,2,CR00058
U02513,3,CR00025
U02513,4,CR00048
U02513,5,CR00023
U02514,1,CR00021
U02514,2,CR00058
U02514,3,CR00025
U02514,4,CR00048
U02514,5,CR00023
U02515,1,CR00021
U02515,2,CR00058
U02515,3,CR00025
U02515,4,CR00048
U02515,5,CR00023
U02516,1,CR00021
U02516,2,CR00058
U02516,3,CR00025
U02516,4,CR00048
U02516,5,CR00023
U02517,1,CR00021
U02517,2,CR00058
U02517,3,CR00025
U02517,4,CR00048
U02517,5,CR00023
U02518,1,CR00021
U02518,2,CR00058
U02518,3,CR00025
U02518,4,CR00048
U02518,5,CR00023
U02519,1,CR00021
U02519,2,CR00058
U02519,3,CR00025
U02519,4,CR00048
U02519,5,CR00023
U02520,1,CR00021
U02520,2,CR00058
U02520,3,CR00025
U02520,4,CR00048
U02520,5,CR00023
U02521,1,CR00021
U02521,2,CR00058
U02521,3,CR00025
U02521,4,CR00048
U02521,5,CR00023
U02522,1,CR00021
U02522,2,CR00058
U02522,3,CR00025
U02522,4,CR00048
U02522,5,CR00023
U02523,1,CR00021
U02523,2,CR00058
U02523,3,CR00025
U02523,4,CR00048
U02523,5,CR00023
U02524,1,CR00021
U02524,2,CR00058
U02524,3,CR00025
U02524,4,CR00048
U02524,5,CR00023
U02525,1,CR00021
U02525,2,CR00058
U02525,3,CR00025
U02525,4,CR00048
U02525,5,CR00023
U02526,1,CR00021
U02526,2,CR00058
U02526,3,CR00025
U02526,4,CR00048
U02526,5,CR00023
U02527,1,CR00021
U02527,2,CR00058
U02527,3,CR00025
U02527,4,CR00048
U02527,5,CR00023
U02528,1,CR00021
U02528,2,CR00058
U02528,3,CR00025
U02528,4,CR00048
U02528,5,CR00023
U02529,1,CR00021
U02529,2,CR00058
U02529,3,CR00025
U02529,4,CR00048
U02529,5,CR00023
U02530,1,CR00021
U02530,2,CR00058
U02530,3,CR00025
U02530,4,CR00048
U02530,5,CR00023
U02531,1,CR00021
U02531,2,CR00058
U02531,3,CR00025
U02531,4,CR00048
U02531,5,CR00023
U02532,1,CR00021
U02532,2,CR00058
U02532,3,CR00025
U02532,4,CR00048
U02532,5,CR00023
U02533,1,CR00021
U02533,2,CR00058
U02533,3,CR00025
U02533,4,CR00048
U02533,5,CR00023
U02534,1,CR00021
U02534,2,CR00058
U02534,3,CR00025
U02534,4,CR00048
U02534,5,CR00023
U02535,1,CR00021
U02535,2,CR00058
U02535,3,CR00025
U02535,4,CR00048
U02535,5,CR00023
U02536,1,CR00021
U02536,2,CR00058
U02536,3,CR00025
U02536,4,CR00048
U02536,5,CR00023
U02537,1,CR00021
U02537,2,CR00058
U02537,3,CR00025
U02537,4,CR00048
U02537,5,CR00023
U02538,1,CR00021
U02538,2,CR00058
U02538,3,CR00025
U02538,4,CR00048
U02538,5,CR00023
U02539,1,CR00021
U02539,2,CR00058
U02539,3,CR00025
U02539,4,CR00048
U02539,5,CR00023
U02540,1,CR00021
U02540,2,CR00058
U02540,3,CR00025
U02540,4,CR00048
U02540,5,CR00023
U02541,1,CR00021
U02541,2,CR00058
U02541,3,CR00025
U02541,4,CR00048
U02541,5,CR00023
U02542,1,CR00021
U02542,2,CR00058
U02542,3,CR00025
U02542,4,CR00048
U02542,5,CR00023
U02543,1,CR00021
U02543,2,CR00058
U02543,3,CR00025
U02543,4,CR00048
U02543,5,CR00023
U02544,1,CR00021
U02544,2,CR00058
U02544,3,CR00025
U02544,4,CR00048
U02544,5,CR00023
U02545,1,CR00021
U02545,2,CR00058
U02545,3,CR00025
U02545,4,CR00048
U02545,5,CR00023
U02546,1,CR00021
U02546,2,CR00058
U02546,3,CR00025
U02546,4,CR00048
U02546,5,CR00023
U02547,1,CR00021
U02547,2,CR00058
U02547,3,CR00025
U02547,4,CR00048
U02547,5,CR00023
U02548,1,CR00021
U02548,2,CR00058
U02548,3,CR00025
U02548,4,CR00048
U02548,5,CR00023
U02549,1,CR00021
U02549,2,CR00058
U02549,3,CR00025
U02549,4,CR00048
U02549,5,CR00023
U02550,1,CR00021
U02550,2,CR00058
U02550,3,CR00025
U02550,4,CR00048
U02550,5,CR00023
U02551,1,CR00021
U02551,2,CR00058
U02551,3,CR00025
U02551,4,CR00048
U02551,5,CR00023
U02552,1,CR00021
U02552,2,CR00058
U02552,3,CR00025
U02552,4,CR00048
U02552,5,CR00023
U02553,1,CR00021
U02553,2,CR00058
U02553,3,CR00025
U02553,4,CR00048
U02553,5,CR00023
U02554,1,CR00021
U02554,2,CR00058
U02554,3,CR00025
U02554,4,CR00048
U02554,5,CR00023
U02555,1,CR00021
U02555,2,CR00058
U02555,3,CR00025
U02555,4,CR00048
U02555,5,CR00023
U02556,1,CR00021
U02556,2,CR00058
U02556,3,CR00025
U02556,4,CR00048
U02556,5,CR00023
U02557,1,CR00021
U02557,2,CR00058
U02557,3,CR00025
U02557,4,CR00048
U02557,5,CR00023
U02558,1,CR00021
U02558,2,CR00058
U02558,3,CR00025
U02558,4,CR00048
U02558,5,CR00023
U02559,1,CR00021
U02559,2,CR00058
U02559,3,CR00025
U02559,4,CR00048
U02559,5,CR00023
U02560,1,CR00021
U02560,2,CR00058
U02560,3,CR00025
U02560,4,CR00048
U02560,5,CR00023
U02561,1,CR00021
U02561,2,CR00058
U02561,3,CR00025
U02561,4,CR00048
U02561,5,CR00023
U02562,1,CR00021
U02562,2,CR00058
U02562,3,CR00025
U02562,4,CR00048
U02562,5,CR00023
U02563,1,CR00021
U02563,2,CR00058
U02563,3,CR00025
U02563,4,CR00048
U02563,5,CR00023
U02564,1,CR00021
U02564,2,CR00058
U02564,3,CR00025
U02564,4,CR00048
U02564,5,CR00023
U02565,1,CR00021
U02565,2,CR00058
U02565,3,CR00025
U02565,4,CR00048
U02565,5,CR00023
U02566,1,CR00021
U02566,2,CR00058
U02566,3,CR00025
U02566,4,CR00048
U02566,5,CR00023
U02567,1,CR00021
U02567,2,CR00058
U02567,3,CR00025
U02567,4,CR00048
U02567,5,CR00023
U02568,1,CR00021
U02568,2,CR00058
U02568,3,CR00025
U02568,4,CR00048
U02568,5,CR00023
U02569,1,CR00021
U02569,2,CR00058
U02569,3,CR00025
U02569,4,CR00048
U02569,5,CR00023
U02570,1,CR00021
U02570,2,CR00058
U02570,3,CR00025
U02570,4,CR00048
U02570,5,CR00023
U02571,1,CR00021
U02571,2,CR00058
U02571,3,CR00025
U02571,4,CR00048
U02571,5,CR00023
U02572,1,CR00021
U02572,2,CR00058
U02572,3,CR00025
U02572,4,CR00048
U02572,5,CR00023
U02573,1,CR00021
U02573,2,CR00058
U02573,3,CR00025
U02573,4,CR00048
U02573,5,CR00023
U02574,1,CR00021
U02574,2,CR00058
U02574,3,CR00025
U02574,4,CR00048
U02574,5,CR00023
U02575,1,CR00021
U02575,2,CR00058
U02575,3,CR00025
U02575,4,CR00048
U02575,5,CR00023
U02576,1,CR00021
U02576,2,CR00058
U02576,3,CR00025
U02576,4,CR00048
U02576,5,CR00023
U02577,1,CR00021
U02577,2,CR00058
U02577,3,CR00025
U02577,4,CR00048
U02577,5,CR00023
U02578,1,CR00021
U02578,2,CR00058
U02578,3,CR00025
U02578,4,CR00048
U02578,5,CR00023
U02579,1,CR00021
U02579,2,CR00058
U02579,3,CR00025
U02579,4,CR00048
U02579,5,CR00023
U02580,1,CR00021
U02580,2,CR00058
U02580,3,CR00025
U02580,4,CR00048
U02580,5,CR00023
U02581,1,CR00021
U02581,2,CR00058
U02581,3,CR00025
U02581,4,CR00048
U02581,5,CR00023
U02582,1,CR00021
U02582,2,CR00058
U02582,3,CR00025
U02582,4,CR00048
U02582,5,CR00023
U02583,1,CR00021
U02583,2,CR00058
U02583,3,CR00025
U02583,4,CR00048
U02583,5,CR00023
U02584,1,CR00021
U02584,2,CR00058
U02584,3,CR00025
U02584,4,CR00048
U02584,5,CR00023
U02585,1,CR00021
U02585,2,CR00058
U02585,3,CR00025
U02585,4,CR00048
U02585,5,CR00023
U02586,1,CR00021
U02586,2,CR00058
U02586,3,CR00025
U02586,4,CR00048
U02586,5,CR00023
U02587,1,CR00021
U02587,2,CR00058
U02587,3,CR00025
U02587,4,CR00048
U02587,5,CR00023
U02588,1,CR00021
U02588,2,CR00058
U02588,3,CR00025
U02588,4,CR00048
U02588,5,CR00023
U02589,1,CR00021
U02589,2,CR00058
U02589,3,CR00025
U02589,4,CR00048
U02589,5,CR00023
U02590,1,CR00021
U02590,2,CR00058
U02590,3,CR00025
U02590,4,CR00048
U02590,5,CR00023
U02591,1,CR00021
U02591,2,CR00058
U02591,3,CR00025
U02591,4,CR00048
U02591,5,CR00023
U02592,1,CR00021
U02592,2,CR00058
U02592,3,CR00025
U02592,4,CR00048
U02592,5,CR00023
U02593,1,CR00021
U02593,2,CR00058
U02593,3,CR00025
U02593,4,CR00048
U02593,5,CR00023
U02594,1,CR00021
U02594,2,CR00058
U02594,3,CR00025
U02594,4,CR00048
U02594,5,CR00023
U02595,1,CR00021
U02595,2,CR00058
U02595,3,CR00025
U02595,4,CR00048
U02595,5,CR00023
U02596,1,CR00021
U02596,2,CR00058
U02596,3,CR00025
U02596,4,CR00048
U02596,5,CR00023
U02597,1,CR00021
U02597,2,CR00058
U02597,3,CR00025
U02597,4,CR00048
U02597,5,CR00023
U02598,1,CR00021
U02598,2,CR00058
U02598,3,CR00025
U02598,4,CR00048
U02598,5,CR00023
U02599,1,CR00021
U02599,2,CR00058
U02599,3,CR00025
U02599,4,CR00048
U02599,5,CR00023
U02600,1,CR00021
U02600,2,CR00058
U02600,3,CR00025
U02600,4,CR00048
U02600,5,CR00023
U02601,1,CR00021
U02601,2,CR00058
U02601,3,CR00025
U02601,4,CR00048
U02601,5,CR00023
U02602,1,CR00021
U02602,2,CR00058
U02602,3,CR00025
U02602,4,CR00048
U02602,5,CR00023
U02603,1,CR00021
U02603,2,CR00058
U02603,3,CR00025
U02603,4,CR00048
U02603,5,CR00023
U02604,1,CR00021
U02604,2,CR00058
U02604,3,CR00025
U02604,4,CR00048
U02604,5,CR00023
U02605,1,CR00021
U02605,2,CR00058
U02605,3,CR00025
U02605,4,CR00048
U02605,5,CR00023
U02606,1,CR00021
U02606,2,CR00058
U02606,3,CR00025
U02606,4,CR00048
U02606,5,CR00023
U02607,1,CR00021
U02607,2,CR00058
U02607,3,CR00025
U02607,4,CR00048
U02607,5,CR00023
U02608,1,CR00021
U02608,2,CR00058
U02608,3,CR00025
U02608,4,CR00048
U02608,5,CR00023
U02609,1,CR00021
U02609,2,CR00058
U02609,3,CR00025
U02609,4,CR00048
U02609,5,CR00023
U02610,1,CR00021
U02610,2,CR00058
U02610,3,CR00025
U02610,4,CR00048
U02610,5,CR00023
U02611,1,CR00021
U02611,2,CR00058
U02611,3,CR00025
U02611,4,CR00048
U02611,5,CR00023
U02612,1,CR00021
U02612,2,CR00058
U02612,3,CR00025
U02612,4,CR00048
U02612,5,CR00023
U02613,1,CR00021
U02613,2,CR00058
U02613,3,CR00025
U02613,4,CR00048
U02613,5,CR00023
U02614,1,CR00021
U02614,2,CR00058
U02614,3,CR00025
U02614,4,CR00048
U02614,5,CR00023
U02615,1,CR00021
U02615,2,CR00058
U02615,3,CR00025
U02615,4,CR00048
U02615,5,CR00023
U02616,1,CR00021
U02616,2,CR00058
U02616,3,CR00025
U02616,4,CR00048
U02616,5,CR00023
U02617,1,CR00021
U02617,2,CR00058
U02617,3,CR00025
U02617,4,CR00048
U02617,5,CR00023
U02618,1,CR00021
U02618,2,CR00058
U02618,3,CR00025
U02618,4,CR00048
U02618,5,CR00023
U02619,1,CR00021
U02619,2,CR00058
U02619,3,CR00025
U02619,4,CR00048
U02619,5,CR00023
U02620,1,CR00021
U02620,2,CR00058
U02620,3,CR00025
U02620,4,CR00048
U02620,5,CR00023
U02621,1,CR00021
U02621,2,CR00058
U02621,3,CR00025
U02621,4,CR00048
U02621,5,CR00023
U02622,1,CR00021
U02622,2,CR00058
U02622,3,CR00025
U02622,4,CR00048
U02622,5,CR00023
U02623,1,CR00021
U02623,2,CR00058
U02623,3,CR00025
U02623,4,CR00048
U02623,5,CR00023
U02624,1,CR00021
U02624,2,CR00058
U02624,3,CR00025
U02624,4,CR00048
U02624,5,CR00023
U02625,1,CR00021
U02625,2,CR00058
U02625,3,CR00025
U02625,4,CR00048
U02625,5,CR00023
U02626,1,CR00021
U02626,2,CR00058
U02626,3,CR00025
U02626,4,CR00048
U02626,5,CR00023
U02627,1,CR00021
U02627,2,CR00058
U02627,3,CR00025
U02627,4,CR00048
U02627,5,CR00023
U02628,1,CR00021
U02628,2,CR00058
U02628,3,CR00025
U02628,4,CR00048
U02628,5,CR00023
U02629,1,CR00021
U02629,2,CR00058
U02629,3,CR00025
U02629,4,CR00048
U02629,5,CR00023
U02630,1,CR00021
U02630,2,CR00058
U02630,3,CR00025
U02630,4,CR00048
U02630,5,CR00023
U02631,1,CR00021
U02631,2,CR00058
U02631,3,CR00025
U02631,4,CR00048
U02631,5,CR00023
U02632,1,CR00021
U02632,2,CR00058
U02632,3,CR00025
U02632,4,CR00048
U02632,5,CR00023
U02633,1,CR00021
U02633,2,CR00058
U02633,3,CR00025
U02633,4,CR00048
U02633,5,CR00023
U02634,1,CR00021
U02634,2,CR00058
U02634,3,CR00025
U02634,4,CR00048
U02634,5,CR00023
U02635,1,CR00021
U02635,2,CR00058
U02635,3,CR00025
U02635,4,CR00048
U02635,5,CR00023
U02636,1,CR00021
U02636,2,CR00058
U02636,3,CR00025
U02636,4,CR00048
U02636,5,CR00023
U02637,1,CR00021
U02637,2,CR00058
U02637,3,CR00025
U02637,4,CR00048
U02637,5,CR00023
U02638,1,CR00021
U02638,2,CR00058
U02638,3,CR00025
U02638,4,CR00048
U02638,5,CR00023
U02639,1,CR00021
U02639,2,CR00058
U02639,3,CR00025
U02639,4,CR00048
U02639,5,CR00023
U02640,1,CR00021
U02640,2,CR00058
U02640,3,CR00025
U02640,4,CR00048
U02640,5,CR00023
U02641,1,CR00021
U02641,2,CR00058
U02641,3,CR00025
U02641,4,CR00048
U02641,5,CR00023
U02642,1,CR00021
U02642,2,CR00058
U02642,3,CR00025
U02642,4,CR00048
U02642,5,CR00023
U02643,1,CR00021
U02643,2,CR00058
U02643,3,CR00025
U02643,4,CR00048
U02643,5,CR00023
U02644,1,CR00021
U02644,2,CR00058
U02644,3,CR00025
U02644,4,CR00048
U02644,5,CR00023
U02645,1,CR00021
U02645,2,CR00058
U02645,3,CR00025
U02645,4,CR00048
U02645,5,CR00023
U02646,1,CR00021
U02646,2,CR00058
U02646,3,CR00025
U02646,4,CR00048
U02646,5,CR00023
U02647,1,CR00021
U02647,2,CR00058
U02647,3,CR00025
U02647,4,CR00048
U02647,5,CR00023
U02648,1,CR00021
U02648,2,CR00058
U02648,3,CR00025
U02648,4,CR00048
U02648,5,CR00023
U02649,1,CR00021
U02649,2,CR00058
U02649,3,CR00025
U02649,4,CR00048
U02649,5,CR00023
U02650,1,CR00021
U02650,2,CR00058
U02650,3,CR00025
U02650,4,CR00048
U02650,5,CR00023
U02651,1,CR00021
U02651,2,CR00058
U02651,3,CR00025
U02651,4,CR00048
U02651,5,CR00023
U02652,1,CR00021
U02652,2,CR00058
U02652,3,CR00025
U02652,4,CR00048
U02652,5,CR00023
U02653,1,CR00021
U02653,2,CR00058
U02653,3,CR00025
U02653,4,CR00048
U02653,5,CR00023
U02654,1,CR00021
U02654,2,CR00058
U02654,3,CR00025
U02654,4,CR00048
U02654,5,CR00023
U02655,1,CR00021
U02655,2,CR00058
U02655,3,CR00025
U02655,4,CR00048
U02655,5,CR00023
U02656,1,CR00021
U02656,2,CR00058
U02656,3,CR00025
U02656,4,CR00048
U02656,5,CR00023
U02657,1,CR00021
U02657,2,CR00058
U02657,3,CR00025
U02657,4,CR00048
U02657,5,CR00023
U02658,1,CR00021
U02658,2,CR00058
U02658,3,CR00025
U02658,4,CR00048
U02658,5,CR00023
U02659,1,CR00021
U02659,2,CR00058
U02659,3,CR00025
U02659,4,CR00048
U02659,5,CR00023
U02660,1,CR00021
U02660,2,CR00058
U02660,3,CR00025
U02660,4,CR00048
U02660,5,CR00023
U02661,1,CR00021
U02661,2,CR00058
U02661,3,CR00025
U02661,4,CR00048
U02661,5,CR00023
U02662,1,CR00021
U02662,2,CR00058
U02662,3,CR00025
U02662,4,CR00048
U02662,5,CR00023
U02663,1,CR00021
U02663,2,CR00058
U02663,3,CR00025
U02663,4,CR00048
U02663,5,CR00023
U02664,1,CR00021
U02664,2,CR00058
U02664,3,CR00025
U02664,4,CR00048
U02664,5,CR00023
U02665,1,CR00021
U02665,2,CR00058
U02665,3,CR00025
U02665,4,CR00048
U02665,5,CR00023
U02666,1,CR00021
U02666,2,CR00058
U02666,3,CR00025
U02666,4,CR00048
U02666,5,CR00023
U02667,1,CR00021
U02667,2,CR00058
U02667,3,CR00025
U02667,4,CR00048
U02667,5,CR00023
U02668,1,CR00021
U02668,2,CR00058
U02668,3,CR00025
U02668,4,CR00048
U02668,5,CR00023
U02669,1,CR00021
U02669,2,CR00058
U02669,3,CR00025
U02669,4,CR00048
U02669,5,CR00023
U02670,1,CR00021
U02670,2,CR00058
U02670,3,CR00025
U02670,4,CR00048
U02670,5,CR00023
U02671,1,CR00021
U02671,2,CR00058
U02671,3,CR00025
U02671,4,CR00048
U02671,5,CR00023
U02672,1,CR00021
U02672,2,CR00058
U02672,3,CR00025
U02672,4,CR00048
U02672,5,CR00023
U02673,1,CR00021
U02673,2,CR00058
U02673,3,CR00025
U02673,4,CR00048
U02673,5,CR00023
U02674,1,CR00021
U02674,2,CR00058
U02674,3,CR00025
U02674,4,CR00048
U02674,5,CR00023
U02675,1,CR00021
U02675,2,CR00058
U02675,3,CR00025
U02675,4,CR00048
U02675,5,CR00023
U02676,1,CR00021
U02676,2,CR00058
U02676,3,CR00025
U02676,4,CR00048
U02676,5,CR00023
U02677,1,CR00021
U02677,2,CR00058
U02677,3,CR00025
U02677,4,CR00048
U02677,5,CR00023
U02678,1,CR00021
U02678,2,CR00058
U02678,3,CR00025
U02678,4,CR00048
U02678,5,CR00023
U02679,1,CR00021
U02679,2,CR00058
U02679,3,CR00025
U02679,4,CR00048
U02679,5,CR00023
U02680,1,CR00021
U02680,2,CR00058
U02680,3,CR00025
U02680,4,CR00048
U02680,5,CR00023
U02681,1,CR00021
U02681,2,CR00058
U02681,3,CR00025
U02681,4,CR00048
U02681,5,CR00023
U02682,1,CR00021
U02682,2,CR00058
U02682,3,CR00025
U02682,4,CR00048
U02682,5,CR00023
U02683,1,CR00021
U02683,2,CR00058
U02683,3,CR00025
U02683,4,CR00048
U02683,5,CR00023
U02684,1,CR00021
U02684,2,CR00058
U02684,3,CR00025
U02684,4,CR00048
U02684,5,CR00023
U02685,1,CR00021
U02685,2,CR00058
U02685,3,CR00025
U02685,4,CR00048
U02685,5,CR00023
U02686,1,CR00021
U02686,2,CR00058
U02686,3,CR00025
U02686,4,CR00048
U02686,5,CR00023
U02687,1,CR00021
U02687,2,CR00058
U02687,3,CR00025
U02687,4,CR00048
U02687,5,CR00023
U02688,1,CR00021
U02688,2,CR00058
U02688,3,CR00025
U02688,4,CR00048
U02688,5,CR00023
U02689,1,CR00021
U02689,2,CR00058
U02689,3,CR00025
U02689,4,CR00048
U02689,5,CR00023
U02690,1,CR00021
U02690,2,CR00058
U02690,3,CR00025
U02690,4,CR00048
U02690,5,CR00023
U02691,1,CR00021
U02691,2,CR00058
U02691,3,CR00025
U02691,4,CR00048
U02691,5,CR00023
U02692,1,CR00021
U02692,2,CR00058
U02692,3,CR00025
U02692,4,CR00048
U02692,5,CR00023
U02693,1,CR00021
U02693,2,CR00058
U02693,3,CR00025
U02693,4,CR00048
U02693,5,CR00023
U02694,1,CR00021
U02694,2,CR00058
U02694,3,CR00025
U02694,4,CR00048
U02694,5,CR00023
U02695,1,CR00021
U02695,2,CR00058
U02695,3,CR00025
U02695,4,CR00048
U02695,5,CR00023
U02696,1,CR00021
U02696,2,CR00058
U02696,3,CR00025
U02696,4,CR00048
U02696,5,CR00023
U02697,1,CR00021
U02697,2,CR00058
U02697,3,CR00025
U02697,4,CR00048
U02697,5,CR00023
U02698,1,CR00021
U02698,2,CR00058
U02698,3,CR00025
U02698,4,CR00048
U02698,5,CR00023
U02699,1,CR00021
U02699,2,CR00058
U02699,3,CR00025
U02699,4,CR00048
U02699,5,CR00023
U02700,1,CR00021
U02700,2,CR00058
U02700,3,CR00025
U02700,4,CR00048
U02700,5,CR00023
U02701,1,CR00021
U02701,2,CR00058
U02701,3,CR00025
U02701,4,CR00048
U02701,5,CR00023
U02702,1,CR00021
U02702,2,CR00058
U02702,3,CR00025
U02702,4,CR00048
U02702,5,CR00023
U02703,1,CR00021
U02703,2,CR00058
U02703,3,CR00025
U02703,4,CR00048
U02703,5,CR00023
U02704,1,CR00021
U02704,2,CR00058
U02704,3,CR00025
U02704,4,CR00048
U02704,5,CR00023
U02705,1,CR00021
U02705,2,CR00058
U02705,3,CR00025
U02705,4,CR00048
U02705,5,CR00023
U02706,1,CR00021
U02706,2,CR00058
U02706,3,CR00025
U02706,4,CR00048
U02706,5,CR00023
U02707,1,CR00021
U02707,2,CR00058
U02707,3,CR00025
U02707,4,CR00048
U02707,5,CR00023
U02708,1,CR00021
U02708,2,CR00058
U02708,3,CR00025
U02708,4,CR00048
U02708,5,CR00023
U02709,1,CR00021
U02709,2,CR00058
U02709,3,CR00025
U02709,4,CR00048
U02709,5,CR00023
U02710,1,CR00021
U02710,2,CR00058
U02710,3,CR00025
U02710,4,CR00048
U02710,5,CR00023
U02711,1,CR00021
U02711,2,CR00058
U02711,3,CR00025
U02711,4,CR00048
U02711,5,CR00023
U02712,1,CR00021
U02712,2,CR00058
U02712,3,CR00025
U02712,4,CR00048
U02712,5,CR00023
U02713,1,CR00021
U02713,2,CR00058
U02713,3,CR00025
U02713,4,CR00048
U02713,5,CR00023
U02714,1,CR00021
U02714,2,CR00058
U02714,3,CR00025
U02714,4,CR00048
U02714,5,CR00023
U02715,1,CR00021
U02715,2,CR00058
U02715,3,CR00025
U02715,4,CR00048
U02715,5,CR00023
U02716,1,CR00021
U02716,2,CR00058
U02716,3,CR00025
U02716,4,CR00048
U02716,5,CR00023
U02717,1,CR00021
U02717,2,CR00058
U02717,3,CR00025
U02717,4,CR00048
U02717,5,CR00023
U02718,1,CR00021
U02718,2,CR00058
U02718,3,CR00025
U02718,4,CR00048
U02718,5,CR00023
U02719,1,CR00021
U02719,2,CR00058
U02719,3,CR00025
U02719,4,CR00048
U02719,5,CR00023
U02720,1,CR00021
U02720,2,CR00058
U02720,3,CR00025
U02720,4,CR00048
U02720,5,CR00023
U02721,1,CR00021
U02721,2,CR00058
U02721,3,CR00025
U02721,4,CR00048
U02721,5,CR00023
U02722,1,CR00021
U02722,2,CR00058
U02722,3,CR00025
U02722,4,CR00048
U02722,5,CR00023
U02723,1,CR00021
U02723,2,CR00058
U02723,3,CR00025
U02723,4,CR00048
U02723,5,CR00023
U02724,1,CR00021
U02724,2,CR00058
U02724,3,CR00025
U02724,4,CR00048
U02724,5,CR00023
U02725,1,CR00021
U02725,2,CR00058
U02725,3,CR00025
U02725,4,CR00048
U02725,5,CR00023
U02726,1,CR00021
U02726,2,CR00058
U02726,3,CR00025
U02726,4,CR00048
U02726,5,CR00023
U02727,1,CR00021
U02727,2,CR00058
U02727,3,CR00025
U02727,4,CR00048
U02727,5,CR00023
U02728,1,CR00021
U02728,2,CR00058
U02728,3,CR00025
U02728,4,CR00048
U02728,5,CR00023
U02729,1,CR00021
U02729,2,CR00058
U02729,3,CR00025
U02729,4,CR00048
U02729,5,CR00023
U02730,1,CR00021
U02730,2,CR00058
U02730,3,CR00025
U02730,4,CR00048
U02730,5,CR00023
U02731,1,CR00021
U02731,2,CR00058
U02731,3,CR00025
U02731,4,CR00048
U02731,5,CR00023
U02732,1,CR00021
U02732,2,CR00058
U02732,3,CR00025
U02732,4,CR00048
U02732,5,CR00023
U02733,1,CR00021
U02733,2,CR00058
U02733,3,CR00025
U02733,4,CR00048
U02733,5,CR00023
U02734,1,CR00021
U02734,2,CR00058
U02734,3,CR00025
U02734,4,CR00048
U02734,5,CR00023
U02735,1,CR00021
U02735,2,CR00058
U02735,3,CR00025
U02735,4,CR00048
U02735,5,CR00023
U02736,1,CR00021
U02736,2,CR00058
U02736,3,CR00025
U02736,4,CR00048
U02736,5,CR00023
U02737,1,CR00021
U02737,2,CR00058
U02737,3,CR00025
U02737,4,CR00048
U02737,5,CR00023
U02738,1,CR00021
U02738,2,CR00058
U02738,3,CR00025
U02738,4,CR00048
U02738,5,CR00023
U02739,1,CR00021
U02739,2,CR00058
U02739,3,CR00025
U02739,4,CR00048
U02739,5,CR00023
U02740,1,CR00021
U02740,2,CR00058
U02740,3,CR00025
U02740,4,CR00048
U02740,5,CR00023
U02741,1,CR00021
U02741,2,CR00058
U02741,3,CR00025
U02741,4,CR00048
U02741,5,CR00023
U02742,1,CR00021
U02742,2,CR00058
U02742,3,CR00025
U02742,4,CR00048
U02742,5,CR00023
U02743,1,CR00021
U02743,2,CR00058
U02743,3,CR00025
U02743,4,CR00048
U02743,5,CR00023
U02744,1,CR00021
U02744,2,CR00058
U02744,3,CR00025
U02744,4,CR00048
U02744,5,CR00023
U02745,1,CR00021
U02745,2,CR00058
U02745,3,CR00025
U02745,4,CR00048
U02745,5,CR00023
U02746,1,CR00021
U02746,2,CR00058
U02746,3,CR00025
U02746,4,CR00048
U02746,5,CR00023
U02747,1,CR00021
U02747,2,CR00058
U02747,3,CR00025
U02747,4,CR00048
U02747,5,CR00023
U02748,1,CR00021
U02748,2,CR00058
U02748,3,CR00025
U02748,4,CR00048
U02748,5,CR00023
U02749,1,CR00021
U02749,2,CR00058
U02749,3,CR00025
U02749,4,CR00048
U02749,5,CR00023
U02750,1,CR00021
U02750,2,CR00058
U02750,3,CR00025
U02750,4,CR00048
U02750,5,CR00023
U02751,1,CR00021
U02751,2,CR00058
U02751,3,CR00025
U02751,4,CR00048
U02751,5,CR00023
U02752,1,CR00021
U02752,2,CR00058
U02752,3,CR00025
U02752,4,CR00048
U02752,5,CR00023
U02753,1,CR00021
U02753,2,CR00058
U02753,3,CR00025
U02753,4,CR00048
U02753,5,CR00023
U02754,1,CR00021
U02754,2,CR00058
U02754,3,CR00025
U02754,4,CR00048
U02754,5,CR00023
U02755,1,CR00021
U02755,2,CR00058
U02755,3,CR00025
U02755,4,CR00048
U02755,5,CR00023
U02756,1,CR00021
U02756,2,CR00058
U02756,3,CR00025
U02756,4,CR00048
U02756,5,CR00023
U02757,1,CR00021
U02757,2,CR00058
U02757,3,CR00025
U02757,4,CR00048
U02757,5,CR00023
U02758,1,CR00021
U02758,2,CR00058
U02758,3,CR00025
U02758,4,CR00048
U02758,5,CR00023
U02759,1,CR00021
U02759,2,CR00058
U02759,3,CR00025
U02759,4,CR00048
U02759,5,CR00023
U02760,1,CR00021
U02760,2,CR00058
U02760,3,CR00025
U02760,4,CR00048
U02760,5,CR00023
U02761,1,CR00021
U02761,2,CR00058
U02761,3,CR00025
U02761,4,CR00048
U02761,5,CR00023
U02762,1,CR00021
U02762,2,CR00058
U02762,3,CR00025
U02762,4,CR00048
U02762,5,CR00023
U02763,1,CR00021
U02763,2,CR00058
U02763,3,CR00025
U02763,4,CR00048
U02763,5,CR00023
U02764,1,CR00021
U02764,2,CR00058
U02764,3,CR00025
U02764,4,CR00048
U02764,5,CR00023
U02765,1,CR00021
U02765,2,CR00058
U02765,3,CR00025
U02765,4,CR00048
U02765,5,CR00023
U02766,1,CR00021
U02766,2,CR00058
U02766,3,CR00025
U02766,4,CR00048
U02766,5,CR00023
U02767,1,CR00021
U02767,2,CR00058
U02767,3,CR00025
U02767,4,CR00048
U02767,5,CR00023
U02768,1,CR00021
U02768,2,CR00058
U02768,3,CR00025
U02768,4,CR00048
U02768,5,CR00023
U02769,1,CR00021
U02769,2,CR00058
U02769,3,CR00025
U02769,4,CR00048
U02769,5,CR00023
U02770,1,CR00021
U02770,2,CR00058
U02770,3,CR00025
U02770,4,CR00048
U02770,5,CR00023
U02771,1,CR00021
U02771,2,CR00058
U02771,3,CR00025
U02771,4,CR00048
U02771,5,CR00023
U02772,1,CR00021
U02772,2,CR00058
U02772,3,CR00025
U02772,4,CR00048
U02772,5,CR00023
U02773,1,CR00021
U02773,2,CR00058
U02773,3,CR00025
U02773,4,CR00048
U02773,5,CR00023
U02774,1,CR00021
U02774,2,CR00058
U02774,3,CR00025
U02774,4,CR00048
U02774,5,CR00023
U02775,1,CR00021
U02775,2,CR00058
U02775,3,CR00025
U02775,4,CR00048
U02775,5,CR00023
U02776,1,CR00021
U02776,2,CR00058
U02776,3,CR00025
U02776,4,CR00048
U02776,5,CR00023
U02777,1,CR00021
U02777,2,CR00058
U02777,3,CR00025
U02777,4,CR00048
U02777,5,CR00023
U02778,1,CR00021
U02778,2,CR00058
U02778,3,CR00025
U02778,4,CR00048
U02778,5,CR00023
U02779,1,CR00021
U02779,2,CR00058
U02779,3,CR00025
U02779,4,CR00048
U02779,5,CR00023
U02780,1,CR00021
U02780,2,CR00058
U02780,3,CR00025
U02780,4,CR00048
U02780,5,CR00023
U02781,1,CR00021
U02781,2,CR00058
U02781,3,CR00025
U02781,4,CR00048
U02781,5,CR00023
U02782,1,CR00021
U02782,2,CR00058
U02782,3,CR00025
U02782,4,CR00048
U02782,5,CR00023
U02783,1,CR00021
U02783,2,CR00058
U02783,3,CR00025
U02783,4,CR00048
U02783,5,CR00023
U02784,1,CR00021
U02784,2,CR00058
U02784,3,CR00025
U02784,4,CR00048
U02784,5,CR00023
U02785,1,CR00021
U02785,2,CR00058
U02785,3,CR00025
U02785,4,CR00048
U02785,5,CR00023
U02786,1,CR00021
U02786,2,CR00058
U02786,3,CR00025
U02786,4,CR00048
U02786,5,CR00023
U02787,1,CR00021
U02787,2,CR00058
U02787,3,CR00025
U02787,4,CR00048
U02787,5,CR00023
U02788,1,CR00021
U02788,2,CR00058
U02788,3,CR00025
U02788,4,CR00048
U02788,5,CR00023
U02789,1,CR00021
U02789,2,CR00058
U02789,3,CR00025
U02789,4,CR00048
U02789,5,CR00023
U02790,1,CR00021
U02790,2,CR00058
U02790,3,CR00025
U02790,4,CR00048
U02790,5,CR00023
U02791,1,CR00021
U02791,2,CR00058
U02791,3,CR00025
U02791,4,CR00048
U02791,5,CR00023
U02792,1,CR00021
U02792,2,CR00058
U02792,3,CR00025
U02792,4,CR00048
U02792,5,CR00023
U02793,1,CR00021
U02793,2,CR00058
U02793,3,CR00025
U02793,4,CR00048
U02793,5,CR00023
U02794,1,CR00021
U02794,2,CR00058
U02794,3,CR00025
U02794,4,CR00048
U02794,5,CR00023
U02795,1,CR00021
U02795,2,CR00058
U02795,3,CR00025
U02795,4,CR00048
U02795,5,CR00023
U02796,1,CR00021
U02796,2,CR00058
U02796,3,CR00025
U02796,4,CR00048
U02796,5,CR00023
U02797,1,CR00021
U02797,2,CR00058
U02797,3,CR00025
U02797,4,CR00048
U02797,5,CR00023
U02798,1,CR00021
U02798,2,CR00058
U02798,3,CR00025
U02798,4,CR00048
U02798,5,CR00023
U02799,1,CR00021
U02799,2,CR00058
U02799,3,CR00025
U02799,4,CR00048
U02799,5,CR00023
U02800,1,CR00021
U02800,2,CR00058
U02800,3,CR00025
U02800,4,CR00048
U02800,5,CR00023
U02801,1,CR00021
U02801,2,CR00058
U02801,3,CR00025
U02801,4,CR00048
U02801,5,CR00023
U02802,1,CR00021
U02802,2,CR00058
U02802,3,CR00025
U02802,4,CR00048
U02802,5,CR00023
U02803,1,CR00021
U02803,2,CR00058
U02803,3,CR00025
U02803,4,CR00048
U02803,5,CR00023
U02804,1,CR00021
U02804,2,CR00058
U02804,3,CR00025
U02804,4,CR00048
U02804,5,CR00023
U02805,1,CR00021
U02805,2,CR00058
U02805,3,CR00025
U02805,4,CR00048
U02805,5,CR00023
U02806,1,CR00021
U02806,2,CR00058
U02806,3,CR00025
U02806,4,CR00048
U02806,5,CR00023
U02807,1,CR00021
U02807,2,CR00058
U02807,3,CR00025
U02807,4,CR00048
U02807,5,CR00023
U02808,1,CR00021
U02808,2,CR00058
U02808,3,CR00025
U02808,4,CR00048
U02808,5,CR00023
U02809,1,CR00021
U02809,2,CR00058
U02809,3,CR00025
U02809,4,CR00048
U02809,5,CR00023
U02810,1,CR00021
U02810,2,CR00058
U02810,3,CR00025
U02810,4,CR00048
U02810,5,CR00023
U02811,1,CR00021
U02811,2,CR00058
U02811,3,CR00025
U02811,4,CR00048
U02811,5,CR00023
U02812,1,CR00021
U02812,2,CR00058
U02812,3,CR00025
U02812,4,CR00048
U02812,5,CR00023
U02813,1,CR00021
U02813,2,CR00058
U02813,3,CR00025
U02813,4,CR00048
U02813,5,CR00023
U02814,1,CR00021
U02814,2,CR00058
U02814,3,CR00025
U02814,4,CR00048
U02814,5,CR00023
U02815,1,CR00021
U02815,2,CR00058
U02815,3,CR00025
U02815,4,CR00048
U02815,5,CR00023
U02816,1,CR00021
U02816,2,CR00058
U02816,3,CR00025
U02816,4,CR00048
U02816,5,CR00023
U02817,1,CR00021
U02817,2,CR00058
U02817,3,CR00025
U02817,4,CR00048
U02817,5,CR00023
U02818,1,CR00021
U02818,2,CR00058
U02818,3,CR00025
U02818,4,CR00048
U02818,5,CR00023
U02819,1,CR00021
U02819,2,CR00058
U02819,3,CR00025
U02819,4,CR00048
U02819,5,CR00023
U02820,1,CR00021
U02820,2,CR00058
U02820,3,CR00025
U02820,4,CR00048
U02820,5,CR00023
U02821,1,CR00021
U02821,2,CR00058
U02821,3,CR00025
U02821,4,CR00048
U02821,5,CR00023
U02822,1,CR00021
U02822,2,CR00058
U02822,3,CR00025
U02822,4,CR00048
U02822,5,CR00023
U02823,1,CR00021
U02823,2,CR00058
U02823,3,CR00025
U02823,4,CR00048
U02823,5,CR00023
U02824,1,CR00021
U02824,2,CR00058
U02824,3,CR00025
U02824,4,CR00048
U02824,5,CR00023
U02825,1,CR00021
U02825,2,CR00058
U02825,3,CR00025
U02825,4,CR00048
U02825,5,CR00023
U02826,1,CR00021
U02826,2,CR00058
U02826,3,CR00025
U02826,4,CR00048
U02826,5,CR00023
U02827,1,CR00021
U02827,2,CR00058
U02827,3,CR00025
U02827,4,CR00048
U02827,5,CR00023
U02828,1,CR00021
U02828,2,CR00058
U02828,3,CR00025
U02828,4,CR00048
U02828,5,CR00023
U02829,1,CR00021
U02829,2,CR00058
U02829,3,CR00025
U02829,4,CR00048
U02829,5,CR00023
U02830,1,CR00021
U02830,2,CR00058
U02830,3,CR00025
U02830,4,CR00048
U02830,5,CR00023
U02831,1,CR00021
U02831,2,CR00058
U02831,3,CR00025
U02831,4,CR00048
U02831,5,CR00023
U02832,1,CR00021
U02832,2,CR00058
U02832,3,CR00025
U02832,4,CR00048
U02832,5,CR00023
U02833,1,CR00021
U02833,2,CR00058
U02833,3,CR00025
U02833,4,CR00048
U02833,5,CR00023
U02834,1,CR00021
U02834,2,CR00058
U02834,3,CR00025
U02834,4,CR00048
U02834,5,CR00023
U02835,1,CR00021
U02835,2,CR00058
U02835,3,CR00025
U02835,4,CR00048
U02835,5,CR00023
U02836,1,CR00021
U02836,2,CR00058
U02836,3,CR00025
U02836,4,CR00048
U02836,5,CR00023
U02837,1,CR00021
U02837,2,CR00058
U02837,3,CR00025
U02837,4,CR00048
U02837,5,CR00023
U02838,1,CR00021
U02838,2,CR00058
U02838,3,CR00025
U02838,4,CR00048
U02838,5,CR00023
U02839,1,CR00021
U02839,2,CR00058
U02839,3,CR00025
U02839,4,CR00048
U02839,5,CR00023
U02840,1,CR00021
U02840,2,CR00058
U02840,3,CR00025
U02840,4,CR00048
U02840,5,CR00023
U02841,1,CR00021
U02841,2,CR00058
U02841,3,CR00025
U02841,4,CR00048
U02841,5,CR00023
U02842,1,CR00021
U02842,2,CR00058
U02842,3,CR00025
U02842,4,CR00048
U02842,5,CR00023
U02843,1,CR00021
U02843,2,CR00058
U02843,3,CR00025
U02843,4,CR00048
U02843,5,CR00023
U02844,1,CR00021
U02844,2,CR00058
U02844,3,CR00025
U02844,4,CR00048
U02844,5,CR00023
U02845,1,CR00021
U02845,2,CR00058
U02845,3,CR00025
U02845,4,CR00048
U02845,5,CR00023
U02846,1,CR00021
U02846,2,CR00058
U02846,3,CR00025
U02846,4,CR00048
U02846,5,CR00023
U02847,1,CR00021
U02847,2,CR00058
U02847,3,CR00025
U02847,4,CR00048
U02847,5,CR00023
U02848,1,CR00021
U02848,2,CR00058
U02848,3,CR00025
U02848,4,CR00048
U02848,5,CR00023
U02849,1,CR00021
U02849,2,CR00058
U02849,3,CR00025
U02849,4,CR00048
U02849,5,CR00023
U02850,1,CR00021
U02850,2,CR00058
U02850,3,CR00025
U02850,4,CR00048
U02850,5,CR00023
U02851,1,CR00021
U02851,2,CR00058
U02851,3,CR00025
U02851,4,CR00048
U02851,5,CR00023
U02852,1,CR00021
U02852,2,CR00058
U02852,3,CR00025
U02852,4,CR00048
U02852,5,CR00023
U02853,1,CR00021
U02853,2,CR00058
U02853,3,CR00025
U02853,4,CR00048
U02853,5,CR00023
U02854,1,CR00021
U02854,2,CR00058
U02854,3,CR00025
U02854,4,CR00048
U02854,5,CR00023
U02855,1,CR00021
U02855,2,CR00058
U02855,3,CR00025
U02855,4,CR00048
U02855,5,CR00023
U02856,1,CR00021
U02856,2,CR00058
U02856,3,CR00025
U02856,4,CR00048
U02856,5,CR00023
U02857,1,CR00021
U02857,2,CR00058
U02857,3,CR00025
U02857,4,CR00048
U02857,5,CR00023
U02858,1,CR00021
U02858,2,CR00058
U02858,3,CR00025
U02858,4,CR00048
U02858,5,CR00023
U02859,1,CR00021
U02859,2,CR00058
U02859,3,CR00025
U02859,4,CR00048
U02859,5,CR00023
U02860,1,CR00021
U02860,2,CR00058
U02860,3,CR00025
U02860,4,CR00048
U02860,5,CR00023
U02861,1,CR00021
U02861,2,CR00058
U02861,3,CR00025
U02861,4,CR00048
U02861,5,CR00023
U02862,1,CR00021
U02862,2,CR00058
U02862,3,CR00025
U02862,4,CR00048
U02862,5,CR00023
U02863,1,CR00021
U02863,2,CR00058
U02863,3,CR00025
U02863,4,CR00048
U02863,5,CR00023
U02864,1,CR00021
U02864,2,CR00058
U02864,3,CR00025
U02864,4,CR00048
U02864,5,CR00023
U02865,1,CR00021
U02865,2,CR00058
U02865,3,CR00025
U02865,4,CR00048
U02865,5,CR00023
U02866,1,CR00021
U02866,2,CR00058
U02866,3,CR00025
U02866,4,CR00048
U02866,5,CR00023
U02867,1,CR00021
U02867,2,CR00058
U02867,3,CR00025
U02867,4,CR00048
U02867,5,CR00023
U02868,1,CR00021
U02868,2,CR00058
U02868,3,CR00025
U02868,4,CR00048
U02868,5,CR00023
U02869,1,CR00021
U02869,2,CR00058
U02869,3,CR00025
U02869,4,CR00048
U02869,5,CR00023
U02870,1,CR00021
U02870,2,CR00058
U02870,3,CR00025
U02870,4,CR00048
U02870,5,CR00023
U02871,1,CR00021
U02871,2,CR00058
U02871,3,CR00025
U02871,4,CR00048
U02871,5,CR00023
U02872,1,CR00021
U02872,2,CR00058
U02872,3,CR00025
U02872,4,CR00048
U02872,5,CR00023
U02873,1,CR00021
U02873,2,CR00058
U02873,3,CR00025
U02873,4,CR00048
U02873,5,CR00023
U02874,1,CR00021
U02874,2,CR00058
U02874,3,CR00025
U02874,4,CR00048
U02874,5,CR00023
U02875,1,CR00021
U02875,2,CR00058
U02875,3,CR00025
U02875,4,CR00048
U02875,5,CR00023
U02876,1,CR00021
U02876,2,CR00058
U02876,3,CR00025
U02876,4,CR00048
U02876,5,CR00023
U02877,1,CR00021
U02877,2,CR00058
U02877,3,CR00025
U02877,4,CR00048
U02877,5,CR00023
U02878,1,CR00021
U02878,2,CR00058
U02878,3,CR00025
U02878,4,CR00048
U02878,5,CR00023
U02879,1,CR00021
U02879,2,CR00058
U02879,3,CR00025
U02879,4,CR00048
U02879,5,CR00023
U02880,1,CR00021
U02880,2,CR00058
U02880,3,CR00025
U02880,4,CR00048
U02880,5,CR00023
U02881,1,CR00021
U02881,2,CR00058
U02881,3,CR00025
U02881,4,CR00048
U02881,5,CR00023
U02882,1,CR00021
U02882,2,CR00058
U02882,3,CR00025
U02882,4,CR00048
U02882,5,CR00023
U02883,1,CR00021
U02883,2,CR00058
U02883,3,CR00025
U02883,4,CR00048
U02883,5,CR00023
U02884,1,CR00021
U02884,2,CR00058
U02884,3,CR00025
U02884,4,CR00048
U02884,5,CR00023
U02885,1,CR00021
U02885,2,CR00058
U02885,3,CR00025
U02885,4,CR00048
U02885,5,CR00023
U02886,1,CR00021
U02886,2,CR00058
U02886,3,CR00025
U02886,4,CR00048
U02886,5,CR00023
U02887,1,CR00021
U02887,2,CR00058
U02887,3,CR00025
U02887,4,CR00048
U02887,5,CR00023
U02888,1,CR00021
U02888,2,CR00058
U02888,3,CR00025
U02888,4,CR00048
U02888,5,CR00023
U02889,1,CR00021
U02889,2,CR00058
U02889,3,CR00025
U02889,4,CR00048
U02889,5,CR00023
U02890,1,CR00021
U02890,2,CR00058
U02890,3,CR00025
U02890,4,CR00048
U02890,5,CR00023
U02891,1,CR00021
U02891,2,CR00058
U02891,3,CR00025
U02891,4,CR00048
U02891,5,CR00023
U02892,1,CR00021
U02892,2,CR00058
U02892,3,CR00025
U02892,4,CR00048
U02892,5,CR00023
U02893,1,CR00021
U02893,2,CR00058
U02893,3,CR00025
U02893,4,CR00048
U02893,5,CR00023
U02894,1,CR00021
U02894,2,CR00058
U02894,3,CR00025
U02894,4,CR00048
U02894,5,CR00023
U02895,1,CR00021
U02895,2,CR00058
U02895,3,CR00025
U02895,4,CR00048
U02895,5,CR00023
U02896,1,CR00021
U02896,2,CR00058
U02896,3,CR00025
U02896,4,CR00048
U02896,5,CR00023
U02897,1,CR00021
U02897,2,CR00058
U02897,3,CR00025
U02897,4,CR00048
U02897,5,CR00023
U02898,1,CR00021
U02898,2,CR00058
U02898,3,CR00025
U02898,4,CR00048
U02898,5,CR00023
U02899,1,CR00021
U02899,2,CR00058
U02899,3,CR00025
U02899,4,CR00048
U02899,5,CR00023
U02900,1,CR00021
U02900,2,CR00058
U02900,3,CR00025
U02900,4,CR00048
U02900,5,CR00023
U02901,1,CR00021
U02901,2,CR00058
U02901,3,CR00025
U02901,4,CR00048
U02901,5,CR00023
U02902,1,CR00021
U02902,2,CR00058
U02902,3,CR00025
U02902,4,CR00048
U02902,5,CR00023
U02903,1,CR00021
U02903,2,CR00058
U02903,3,CR00025
U02903,4,CR00048
U02903,5,CR00023
U02904,1,CR00021
U02904,2,CR00058
U02904,3,CR00025
U02904,4,CR00048
U02904,5,CR00023
U02905,1,CR00021
U02905,2,CR00058
U02905,3,CR00025
U02905,4,CR00048
U02905,5,CR00023
U02906,1,CR00021
U02906,2,CR00058
U02906,3,CR00025
U02906,4,CR00048
U02906,5,CR00023
U02907,1,CR00021
U02907,2,CR00058
U02907,3,CR00025
U02907,4,CR00048
U02907,5,CR00023
U02908,1,CR00021
U02908,2,CR00058
U02908,3,CR00025
U02908,4,CR00048
U02908,5,CR00023
U02909,1,CR00021
U02909,2,CR00058
U02909,3,CR00025
U02909,4,CR00048
U02909,5,CR00023
U02910,1,CR00021
U02910,2,CR00058
U02910,3,CR00025
U02910,4,CR00048
U02910,5,CR00023
U02911,1,CR00021
U02911,2,CR00058
U02911,3,CR00025
U02911,4,CR00048
U02911,5,CR00023
U02912,1,CR00021
U02912,2,CR00058
U02912,3,CR00025
U02912,4,CR00048
U02912,5,CR00023
U02913,1,CR00021
U02913,2,CR00058
U02913,3,CR00025
U02913,4,CR00048
U02913,5,CR00023
U02914,1,CR00021
U02914,2,CR00058
U02914,3,CR00025
U02914,4,CR00048
U02914,5,CR00023
U02915,1,CR00021
U02915,2,CR00058
U02915,3,CR00025
U02915,4,CR00048
U02915,5,CR00023
U02916,1,CR00021
U02916,2,CR00058
U02916,3,CR00025
U02916,4,CR00048
U02916,5,CR00023
U02917,1,CR00021
U02917,2,CR00058
U02917,3,CR00025
U02917,4,CR00048
U02917,5,CR00023
U02918,1,CR00021
U02918,2,CR00058
U02918,3,CR00025
U02918,4,CR00048
U02918,5,CR00023
U02919,1,CR00021
U02919,2,CR00058
U02919,3,CR00025
U02919,4,CR00048
U02919,5,CR00023
U02920,1,CR00021
U02920,2,CR00058
U02920,3,CR00025
U02920,4,CR00048
U02920,5,CR00023
U02921,1,CR00021
U02921,2,CR00058
U02921,3,CR00025
U02921,4,CR00048
U02921,5,CR00023
U02922,1,CR00021
U02922,2,CR00058
U02922,3,CR00025
U02922,4,CR00048
U02922,5,CR00023
U02923,1,CR00021
U02923,2,CR00058
U02923,3,CR00025
U02923,4,CR00048
U02923,5,CR00023
U02924,1,CR00021
U02924,2,CR00058
U02924,3,CR00025
U02924,4,CR00048
U02924,5,CR00023
U02925,1,CR00021
U02925,2,CR00058
U02925,3,CR00025
U02925,4,CR00048
U02925,5,CR00023
U02926,1,CR00021
U02926,2,CR00058
U02926,3,CR00025
U02926,4,CR00048
U02926,5,CR00023
U02927,1,CR00021
U02927,2,CR00058
U02927,3,CR00025
U02927,4,CR00048
U02927,5,CR00023
U02928,1,CR00021
U02928,2,CR00058
U02928,3,CR00025
U02928,4,CR00048
U02928,5,CR00023
U02929,1,CR00021
U02929,2,CR00058
U02929,3,CR00025
U02929,4,CR00048
U02929,5,CR00023
U02930,1,CR00021
U02930,2,CR00058
U02930,3,CR00025
U02930,4,CR00048
U02930,5,CR00023
U02931,1,CR00021
U02931,2,CR00058
U02931,3,CR00025
U02931,4,CR00048
U02931,5,CR00023
U02932,1,CR00021
U02932,2,CR00058
U02932,3,CR00025
U02932,4,CR00048
U02932,5,CR00023
U02933,1,CR00021
U02933,2,CR00058
U02933,3,CR00025
U02933,4,CR00048
U02933,5,CR00023
U02934,1,CR00021
U02934,2,CR00058
U02934,3,CR00025
U02934,4,CR00048
U02934,5,CR00023
U02935,1,CR00021
U02935,2,CR00058
U02935,3,CR00025
U02935,4,CR00048
U02935,5,CR00023
U02936,1,CR00021
U02936,2,CR00058
U02936,3,CR00025
U02936,4,CR00048
U02936,5,CR00023
U02937,1,CR00021
U02937,2,CR00058
U02937,3,CR00025
U02937,4,CR00048
U02937,5,CR00023
U02938,1,CR00021
U02938,2,CR00058
U02938,3,CR00025
U02938,4,CR00048
U02938,5,CR00023
U02939,1,CR00021
U02939,2,CR00058
U02939,3,CR00025
U02939,4,CR00048
U02939,5,CR00023
U02940,1,CR00021
U02940,2,CR00058
U02940,3,CR00025
U02940,4,CR00048
U02940,5,CR00023
U02941,1,CR00021
U02941,2,CR00058
U02941,3,CR00025
U02941,4,CR00048
U02941,5,CR00023
U02942,1,CR00021
U02942,2,CR00058
U02942,3,CR00025
U02942,4,CR00048
U02942,5,CR00023
U02943,1,CR00021
U02943,2,CR00058
U02943,3,CR00025
U02943,4,CR00048
U02943,5,CR00023
U02944,1,CR00021
U02944,2,CR00058
U02944,3,CR00025
U02944,4,CR00048
U02944,5,CR00023
U02945,1,CR00021
U02945,2,CR00058
U02945,3,CR00025
U02945,4,CR00048
U02945,5,CR00023
U02946,1,CR00021
U02946,2,CR00058
U02946,3,CR00025
U02946,4,CR00048
U02946,5,CR00023
U02947,1,CR00021
U02947,2,CR00058
U02947,3,CR00025
U02947,4,CR00048
U02947,5,CR00023
U02948,1,CR00021
U02948,2,CR00058
U02948,3,CR00025
U02948,4,CR00048
U02948,5,CR00023
U02949,1,CR00021
U02949,2,CR00058
U02949,3,CR00025
U02949,4,CR00048
U02949,5,CR00023
U02950,1,CR00021
U02950,2,CR00058
U02950,3,CR00025
U02950,4,CR00048
U02950,5,CR00023
U02951,1,CR00021
U02951,2,CR00058
U02951,3,CR00025
U02951,4,CR00048
U02951,5,CR00023
U02952,1,CR00021
U02952,2,CR00058
U02952,3,CR00025
U02952,4,CR00048
U02952,5,CR00023
U02953,1,CR00021
U02953,2,CR00058
U02953,3,CR00025
U02953,4,CR00048
U02953,5,CR00023
U02954,1,CR00021
U02954,2,CR00058
U02954,3,CR00025
U02954,4,CR00048
U02954,5,CR00023
U02955,1,CR00021
U02955,2,CR00058
U02955,3,CR00025
U02955,4,CR00048
U02955,5,CR00023
U02956,1,CR00021
U02956,2,CR00058
U02956,3,CR00025
U02956,4,CR00048
U02956,5,CR00023
U02957,1,CR00021
U02957,2,CR00058
U02957,3,CR00025
U02957,4,CR00048
U02957,5,CR00023
U02958,1,CR00021
U02958,2,CR00058
U02958,3,CR00025
U02958,4,CR00048
U02958,5,CR00023
U02959,1,CR00021
U02959,2,CR00058
U02959,3,CR00025
U02959,4,CR00048
U02959,5,CR00023
U02960,1,CR00021
U02960,2,CR00058
U02960,3,CR00025
U02960,4,CR00048
U02960,5,CR00023
U02961,1,CR00021
U02961,2,CR00058
U02961,3,CR00025
U02961,4,CR00048
U02961,5,CR00023
U02962,1,CR00021
U02962,2,CR00058
U02962,3,CR00025
U02962,4,CR00048
U02962,5,CR00023
U02963,1,CR00021
U02963,2,CR00058
U02963,3,CR00025
U02963,4,CR00048
U02963,5,CR00023
U02964,1,CR00021
U02964,2,CR00058
U02964,3,CR00025
U02964,4,CR00048
U02964,5,CR00023
U02965,1,CR00021
U02965,2,CR00058
U02965,3,CR00025
U02965,4,CR00048
U02965,5,CR00023
U02966,1,CR00021
U02966,2,CR00058
U02966,3,CR00025
U02966,4,CR00048
U02966,5,CR00023
U02967,1,CR00021
U02967,2,CR00058
U02967,3,CR00025
U02967,4,CR00048
U02967,5,CR00023
U02968,1,CR00021
U02968,2,CR00058
U02968,3,CR00025
U02968,4,CR00048
U02968,5,CR00023
U02969,1,CR00021
U02969,2,CR00058
U02969,3,CR00025
U02969,4,CR00048
U02969,5,CR00023
U02970,1,CR00021
U02970,2,CR00058
U02970,3,CR00025
U02970,4,CR00048
U02970,5,CR00023
U02971,1,CR00021
U02971,2,CR00058
U02971,3,CR00025
U02971,4,CR00048
U02971,5,CR00023
U02972,1,CR00021
U02972,2,CR00058
U02972,3,CR00025
U02972,4,CR00048
U02972,5,CR00023
U02973,1,CR00021
U02973,2,CR00058
U02973,3,CR00025
U02973,4,CR00048
U02973,5,CR00023
U02974,1,CR00021
U02974,2,CR00058
U02974,3,CR00025
U02974,4,CR00048
U02974,5,CR00023
U02975,1,CR00021
U02975,2,CR00058
U02975,3,CR00025
U02975,4,CR00048
U02975,5,CR00023
U02976,1,CR00021
U02976,2,CR00058
U02976,3,CR00025
U02976,4,CR00048
U02976,5,CR00023
U02977,1,CR00021
U02977,2,CR00058
U02977,3,CR00025
U02977,4,CR00048
U02977,5,CR00023
U02978,1,CR00021
U02978,2,CR00058
U02978,3,CR00025
U02978,4,CR00048
U02978,5,CR00023
U02979,1,CR00021
U02979,2,CR00058
U02979,3,CR00025
U02979,4,CR00048
U02979,5,CR00023
U02980,1,CR00021
U02980,2,CR00058
U02980,3,CR00025
U02980,4,CR00048
U02980,5,CR00023
U02981,1,CR00021
U02981,2,CR00058
U02981,3,CR00025
U02981,4,CR00048
U02981,5,CR00023
U02982,1,CR00021
U02982,2,CR00058
U02982,3,CR00025
U02982,4,CR00048
U02982,5,CR00023
U02983,1,CR00021
U02983,2,CR00058
U02983,3,CR00025
U02983,4,CR00048
U02983,5,CR00023
U02984,1,CR00021
U02984,2,CR00058
U02984,3,CR00025
U02984,4,CR00048
U02984,5,CR00023
U02985,1,CR00021
U02985,2,CR00058
U02985,3,CR00025
U02985,4,CR00048
U02985,5,CR00023
U02986,1,CR00021
U02986,2,CR00058
U02986,3,CR00025
U02986,4,CR00048
U02986,5,CR00023
U02987,1,CR00021
U02987,2,CR00058
U02987,3,CR00025
U02987,4,CR00048
U02987,5,CR00023
U02988,1,CR00021
U02988,2,CR00058
U02988,3,CR00025
U02988,4,CR00048
U02988,5,CR00023
U02989,1,CR00021
U02989,2,CR00058
U02989,3,CR00025
U02989,4,CR00048
U02989,5,CR00023
U02990,1,CR00021
U02990,2,CR00058
U02990,3,CR00025
U02990,4,CR00048
U02990,5,CR00023
U02991,1,CR00021
U02991,2,CR00058
U02991,3,CR00025
U02991,4,CR00048
U02991,5,CR00023
U02992,1,CR00021
U02992,2,CR00058
U02992,3,CR00025
U02992,4,CR00048
U02992,5,CR00023
U02993,1,CR00021
U02993,2,CR00058
U02993,3,CR00025
U02993,4,CR00048
U02993,5,CR00023
U02994,1,CR00021
U02994,2,CR00058
U02994,3,CR00025
U02994,4,CR00048
U02994,5,CR00023
U02995,1,CR00021
U02995,2,CR00058
U02995,3,CR00025
U02995,4,CR00048
U02995,5,CR00023
U02996,1,CR00021
U02996,2,CR00058
U02996,3,CR00025
U02996,4,CR00048
U02996,5,CR00023
U02997,1,CR00021
U02997,2,CR00058
U02997,3,CR00025
U02997,4,CR00048
U02997,5,CR00023
U02998,1,CR00021
U02998,2,CR00058
U02998,3,CR00025
U02998,4,CR00048
U02998,5,CR00023
U02999,1,CR00021
U02999,2,CR00058
U02999,3,CR00025
U02999,4,CR00048
U02999,5,CR00023
U03000,1,CR00021
U03000,2,CR00058
U03000,3,CR00025
U03000,4,CR00048
U03000,5,CR00023
